#,Adoption,독신자 입양,"현재 우리나라에서 독신자는 입양을 하기가 매우 어렵습니다. 과거에는 독신자가 혼자서 부모 역할을 다 하기 힘들기는 했지만, 시대가 변함에 따라 육아와 직장생활의 병행은 충분히 흔한 일이 되었습니다. 이에 배우자를 만들기 어렵거나 그럴 생각이 없지만 아이를 키우기 원하는 사람들이 입양자격을 완화해야 한다고 주장하고 있습니다."
#,Adoption_0,입양자격 변경,"독신자에게도 부부와 동일하게 입양을 할 자격이 주어져야 합니다. 독신자들을 위해 입양자격을 완화하고 보육 지원과 유연근로제를 강화한다면 독신자들도 충분히 아이를 사랑으로 잘 양육할 수 있을겁니다."
#,Adoption_1,입양자격 유지,"입양된 아이들은 안정적인 가정과 두 명의 부모가 필요합니다. 아이를 잘 키울 수 있는 독신자 부모가 없지는 않겠지만, 그렇지 못한 상황도 충분히 있을 것이고 이는 입양된 아이들에게 해가 될 수 있습니다."
#,AgeBasedDrivingTests,연령기반 운전면허 갱신시험,노년층의 안전운전을 보장하려는 목적으로 정기적인 운전면허 갱신시험을 실시해야 한다는 제안이 올라왔습니다. 이는 교통사고를 줄이는 도로안전 대책이 될 수 있다는 주장입니다.
#,AgeBasedDrivingTests_0,갱신시험 도입,"사람이 나이를 먹을수록 시력이 감퇴하고 반응속도가 느려지는건 누구도 피할 수 없는 사실이고, 노년층 운전자는 다른 운전자 뿐만 아니라 길을 다니는 아이들에게도 위험할 수 있습니다. 노년층 운전자의 반대가 있을 수 있지만, 이는 우리 모두의 안전을 위한 일입니다. 정말 자신이 운전을 제대로 할 수 있다면 갱신시험으로 그걸 확인하는데 반대할 이유가 없습니다."
#,AgeBasedDrivingTests_1,단일시험 유지,"솔직히 노년층 운전자는 교통사고를 그렇게 많이 내지 않습니다. 노년층 운전자는 청장년층에 비해 음주나 약물사용 후 운전을 하는 등의 무책임한 행태가 훨씬 덜하고, 운전경력 역시 길기 마련입니다. 그러니 모든 노년층 운전자에게 아직 운전이 가능한지 증명해 보이라는 것은 모욕적인 행태입니다. 무책임하고 위험한 운전자를 잡아내는 데에는 교통경찰과 교통단속 카메라면 충분합니다."
#,Airport,공항 교통연결,"수도 근교에 신공항을 건설하자는 계획이 통과되었습니다. 도심지에서 근교의 신공항까지를 연결할 교통 수단으로 무엇을 선택하시겠습니까?"
#,Airport_0,자동차,"대중교통이 좋은 점도 있지만, 사람들은 공항까지 직접 운전해서 가는 편을 선호한다는 점은 잘 아실겁니다. 그러니 도심지에서 신공항까지 직통도로를 뚫어야 합니다. 운전을 하지 못하는 사람은 택시를 잡아 타는 방법도 있으니 문제 없습니다."
#,Airport_1,버스,"공항 자체만 해도 환경오염과 소음이 심각한 수준으로 올라갑니다. 상황을 더 악화시키는 대신 버스 교통체계를 이용합시다. 버스는 오염물질 배출도 적고 교통체증도 적게 발생시키는 효율적인 방안입니다."
#,AirportExpansion,공항 확장,일부 대형공항들이 공항 확장계획의 허가를 요청해 왔습니다. 현재 착륙편 비행기의 수용능력이 포화상태에 이르렀다고 합니다.
#,AirportExpansion_0,확장계획 승인,"국내 관광산업은 항공편으로 오는 해외 관광객들에 의존도가 매우 높은 편이고, 공항 수용능력을 늘려 관광을 활성화시킬 수 있다면 고용과 GDP 지표를 개선할 수 있을겁니다. 제때 공항 수용능력을 확보하려면 지금 바로 확장에 나서야 합니다."
#,AirportExpansion_1,확장계획 반려,"항공편이 늘어나면 늘어날수록 대기오염과 소음공해 문제가 악화되는 만큼, 항공기 이용량을 더 늘려서는 안됩니다. 그리고 확장계획을 보면 수많은 주택들을 철거해야 하고 공항 확장구역 인근에 거주하는 수많은 주민들이 큰 불편을 겪을 것이 분명합니다. 확장계획을 반려해야 합니다!"
#,AirportExpansion_2,결정 연기,"결정이 참 쉽지가 않습니다. 그런데 솔직히 말해서 꼭 올해 안에 결정해야만 하는건 아닙니다. 우유부단하다 소리를 듣더라도 결정을 연기하는 편이 나을지도 모릅니다. 그냥 선거 뒤로 미뤄버리면 어떻겠습니까?"
#,AllowForeignFightersToReturn,국제테러단체원 귀국허용,"국내에 거주하던 종교 신도 일부가 해외에서 벌어지고 있는 성전에 참가하겠다며 출국했던 일이 있습니다. 그 '성전'입네 하는 전쟁은 그동안 우리의 전략적 이익과 안보에 다방면으로 해가 되어 왔고, 최근에야 종전이 이루어졌습니다. 이제 그 '성전'에 참여했던 전투원 일부가 자신의 행동을 반성했다며 귀국하고 싶다는 의사를 밝혀왔습니다."
#,AllowForeignFightersToReturn_0,귀국 불허,"우리나라 시민이 우리의 적에게 가담해 싸울 목적으로 출국했다면 당연히 시민권과 거주권이 일체 박탈되어야 합니다. 저들에게 귀국은 절대로 허용해선 안되며 재판을 받을 기회 역시 주어져선 안됩니다. 우리 군과 정보기관에서 나라를 위해 헌신하는 국민들에 대한 모독입니다."
#,AllowForeignFightersToReturn_1,귀국 허용,"우리 국민이 해외에서 범죄를 저지르거나 심지어 무기를 들고 우리나라에 대항했을지라도 여전히 우리 국민으로 받아들여야 한다는 원칙은 좀 불편하게 느껴질 수 있지만 지켜져야 합니다. 입국하는 즉시 저들을 기소해 재판을 받게 하되, 그저 우리가 불편하다는 이유로 시민권을 박탈해선 안됩니다."
#,AppointAmbassador,주유엔대사 지명,현직 주유엔대사가 올해 은퇴할 예정인만큼 조속히 후임자를 지명해야 합니다. 국가를 위해 물러서지 않는 강경파를 지명할지 아니면 협상에 능한 인물을 지명할지가 핵심 쟁점이 될 것 같습니다.
#,AppointAmbassador_0,Tonya Robinson 지명,"Tonya Robinson은 유엔에서 우리나라의 이익을 대변해 이악물고 싸울 애국자라는 평이 자자합니다. 지금까지 대외원조를 강하게 반대하고 보호관세를 지지해온 만큼 애국자와 보수적 유권자에게 잘 어필할 수 있는 선택입니다. 다만 국제사회에서는 별로 인지도가 높지는 않습니다."
#,AppointAmbassador_1,Dennis Gonzales 지명,"Dennis Gonzales는 국제 무대에서 인지도가 높고 난해한 문제도 협상과 상호이해로 잘 풀어나갈 수 있는 인물로 명성이 자자합니다. 진정한 국제주의자로 국내에서 진보주의자와 사회주의자에게 지지를 받고 있으며, 다른 세계 지도자들도 내심 이쪽을 기대하는 분위기입니다."
#,AppointJudge,대법관 지명,"존경받던 선임대법관이 최근 서거해 대법관 후보자들 중 누구를 후임자로 할지 지명해야 합니다. 이번에 지명하면 앞으로 상당기간을 대법관석에 앉아있게 되는만큼 아주 중요한 결정이 될 것입니다."
#,AppointJudge_0,Edgar Lopez 지명,"Edgar Lopez는 그동안 국민의 기본권과 자유를 수호하는 수많은 기념비적인 판결을 내려 인권 보장에 힘써온 법관입니다. 또한 소비자 운동에도 크게 호의적인 입장을 보여왔고, 대기업을 상대로도 굽히지 않는 태도를 가졌다고 평가됩니다."
#,AppointJudge_1,Alice Reed 지명,"Alice Reed는 강력범죄 사건에 내린 여러 판결을 통해 유명해진 법관으로, 도둑, 강도, 소매치기 등에 중형을 선고해야 한다는 견해를 거침없이 표현해 인지도가 높습니다."
#,AttendGayWedding,동성결혼식 참석,"이번에 초인기 연예인의 결혼식에 각하께서 초대받으셨습니다. 보통 이런게 논란거리가 될 일은 없지만, 이번 결혼식의 주인공은 동성 커플이고 평소에도 성소수자 권리를 옹호하는 발언으로 이목을 끌었습니다. 참석하시겠습니까?"
#,AttendGayWedding_0,결혼식 참석,"당연히 결혼식에 당당하게 참석하셔서 초대 감사인사까지 하고 오셔야 합니다. 지금은 21세기고, 결혼하는 커플의 성적 지향을 걸고 넘어지면서 정치인이 그런 결혼식에 참석했다고 뭐라 하는 사람이 있다면 그 사람이 시대에 뒤떨어진겁니다. 이게 논쟁거리 취급을 받는게 정말이지 부끄러운 일입니다."
#,AttendGayWedding_1,불참,"신랑 신부와 얼마나 가깝건 간에, 정치인이 모든 연예인 결혼식에 꼭 나와줘야 한다는 법은 없습니다. 원래 나라를 다스린다는 것이 쉴 틈도 없는 일인 만큼, 결혼식 당일에 적당히 중요한 일정 하나쯤만 있다면야 불참해도 다들 그러려니 할겁니다."
#,AttendLGBTPlay,성소수자 연극 참석,"국내 최대 극장에서 호평을 받으며 큰 인기를 끌고 있는 연극이 공연중에 있는데, 감독이 각하를 공연에 초대하겠다고 했습니다. 이런게 보통 논란에 오르지는 않지만, 이 연극의 주제는 바로 우리 사회가 성소수자 공동체를 대하는 태도에 대한 비판입니다. 연극에 참석하신다면 성소수자 운동에 강한 지지를 보내는 것으로 해석될 가능성이 높습니다."
#,AttendLGBTPlay_0,연극 참석,"이보다도 쉽게 정치적 이득을 챙길 방법은 없을겁니다. 예산을 들일 것도 없고 무슨 법안을 만들어야 하는 것도 아니라 그냥 참석만 하면 되는 일입니다. 참석만 하면 성소수자 공동체에 대한 관심과 지지를 바로 보여줄 수 있습니다. 이런 초대를 거절하는 것이야 말로 정말 감각없는 결정입니다."
#,AttendLGBTPlay_1,초대 거절,"초대를 받았다고 무조건 참석해야 하는 건 아닙니다. 이건 감독이 자기 개인 의견에 지지를 강요하려고 초대장을 써먹는 이기적이고 부적절한 행태입니다. 연극에 참석하지 않는 쪽이 전적으로 합리적인 대응입니다."
#,BAILOUTCOMPANY,기업 구제금융,"국내 최대 철강기업인 Stargazy Steelworks Inc가 최근 심각한 재정난을 겪으면서 파산 위기에 처했습니다. 기업 경영진은 정부가 무이자 대출로 몇 달만이라도 더 버티게 해 준다면 신규 주문을 받아 기업을 살려낼 수 있다고 주장하고 있습니다."
#,BAILOUTCOMPANY_0,기업 지원,"이 기업의 현재 고용인원은 수천명에 달하고, 파산시 영향을 받는 기업까지 합치면 영향이 매우 클 것입니다. 제철소가 폐쇄된다면 지역 경제가 크게 침체될 것은 불보듯 뻔합니다. 지금 바로 무이자 대출을 제공해야 합니다."
#,BAILOUTCOMPANY_1,지원 거부,"자유시장에서 망하는 기업이 나오는건 당연합니다. 이 기업은 수익성이 나빠서 파산 위기에 처했을 뿐입니다. 여기서 대출을 해 주는 것이 합리적인 선택이라면 이미 민간부문에서 대출을 구할 수 있었을겁니다. 이런식으로 돈을 낭비해선 안됩니다. 비록 실업이 단기적으로 증가하겠지만, 시장을 이기려 들어선 안됩니다."
#,BAILOUTCOMPANY_2,부분적인 지분 확보,"이 기업을 망하게 둘 수는 없지만, 납세자가 그동안 낸 세금을 아무런 댓가 없이 지원해 주는 터무니없는 짓을 할 수는 없습니다. 구제금융을 제공하되, 대신 기업 지분 일부를 지원 조건으로 잡읍시다."
#,BakingGayCakes,동성결혼 케이크 제작,"빵집을 운영하는 종교인 부부가 동성커플의 웨딩케이크 제작을 거부했는데, 동성커플이 이것이 차별이라며 항의해 법정 공방으로 이어졌습니다. 빵집주인 부부는 자신들이 다니는 교회에서 동성애는 거부해야 한다 가르치기 때문에 종교적 신념의 문제일 뿐 차별이 아니라는 입장입니다. 법이 명확하게 결론을 내려 주어야 할 때인 것 같습니다."
#,BakingGayCakes_0,빵집주인 지지,"주인이 원하지 않는 고객은 거부할 수 있다는 것이 사업 운영의 기본 원칙 아니겠습니까? 정말로 불경스럽다 여기는 일 마저 강요해야 할 정도로 고객이 불쾌감을 느끼지 않게 하는게 중요할까요? 길가에 널린게 빵집인데 그냥 다른 빵집 가서 해달라고 해도 될 것을 굳이 해달라는건 명백한 도발행위입니다."
#,BakingGayCakes_1,동성커플 지지,"종교를 믿는다고 해서 차별이 차별이 아니게 되는건 아닙니다. 법에 어긋나는데도 종교적 이유를 들어 고객을 거부할 수 있다고 인정해버리면 이번 일로 끝나지 않고 고객 거부가 점차 확산할겁니다. 동성커플의 삶의 방식을 거부할 수는 있겠지만, 영업을 거부하는 것은 분명한 위법행위입니다."
#,BAN ALCOHOL ADVERTS,주류광고 금지법,"TV 주류광고를 법으로 금지시키자는 제안이 올라왔습니다. 라디오나 옥외 광고판을 통한 광고는 제한 대상에 포함하지 않았지만, TV광고 금지만으로도 주류 섭취량을 상당 부분 줄일 수 있다는 주장입니다."
#,BAN ALCOHOL ADVERTS_0,금지법 거부,이건 제정신으로 만든 법이 아닙니다. 이건 결국 주류판매 자체를 금지하냐 마냐의 문제로 이어질겁니다. 알콜 섭취는 전적으로 합법이고 수많은 시민들이 부작용이 없는 수준의 적절한 음주를 즐기고 있습니다. 이런 식으로 특정매체에 제품 광고를 금지하는건 그저 광적인 주류 반대 운동가들만 좋아할 일이고 결국 자유시장에 대한 부당한 개입에 불과합니다.
#,BAN ALCOHOL ADVERTS_1,금지법 승인,"광고 금지좀 시킨다고 하루만에 알콜중독이 사라지지는 않겠지만, TV광고 금지가 그 첫 걸음이 되어야 합니다. 청소년들이 보는 TV에서 광고주들은 지금도 노골적으로 청소년 음주를 부추기는 광고를 내보내고 있습니다. 알콜 섭취를 조금이라도 줄일 수 있다면 뭐라도 해봐야 할 때입니다."
#,BanAnimalTesting,동물실험 금지,"일부 압력단체에서 모든 동물실험을 금지하라는 제안을 정부에 보냈습니다. 상당수 종사자들이 동물실험을 이용하는 업계에서 일하고 있지만, 시민들은 동물실험을 별로 지지하지 않는 모양입니다."
#,BanAnimalTesting_0,금지,"요즘 같은 시대에 각종 제품, 특히 화장품을 동물에 실험해야만 할 합당한 이유가 없습니다. 상당수 동물실험은 매우 잔인한 방식으로 이루어지고 있고, 이를 금지시킨다 한들 산업 현장에는 별 영향이 없고 오히려 대중의 전폭적인 지지를 얻을 수 있을겁니다."
#,BanAnimalTesting_1,변경 없음,"동물실험은 오직 제품이 인간에게 완전히 무해한 것이 맞는지를 확인하려는 목적으로, 통제된 조건 하에 최후의 수단으로만 활용되고 있습니다. 전면 금지라는 극단적인 조치를 밀어붙인다면 화장품 업계와 제약 업계를 크게 위축시킬 것입니다."
#,BanEScooters,전동스쿠터 금지,"기술 발전과 벤처캐피탈의 급격한 유동성 공급으로 인해 전동스쿠터 대여업이 폭발적인 성장을 보이고 있습니다. 이로 인한 기업간 과열 경쟁으로 현재 도심지에만 수만 대의 전동스쿠터가 배치된 상황입니다. 인근 주민들은 전동스쿠터가 길거리에 아무렇게나 널부러져 난장판이라며 불만을 표하고 있습니다. 이에 사업 자체를 금지시켜야 한다는 의견도 나오는 상황입니다."
#,BanEScooters_0,전동스쿠터 대여업 금지,"지금 저 사기업들은 그 어떤 공적 협의조차 없이 공공도로를 마치 자기네 창고, 영업장인 양 멋대로 사유화하는 오만한 행태를 보이고 있습니다. 아무렇게나 널부러진 전동스쿠터는 길거리를 어지럽혀 보행자와 운전자 모두를 고통스럽게 하고 있습니다. 합리적인 해결 방안은 오직 대여업 금지뿐입니다."
#,BanEScooters_1,조치 없음,"이건 그냥 자본주의가 굴러가다 보면 으레 있기 마련인 금방 지나갈 해프닝입니다. 대여업을 당장 금지시키자는 주장은 러다이트 운동이나 다름 없는 반기업행태입니다. 다들 알겠지만 지금 새로이 편리한 교통수단의 황금기가 열리고 있습니다. 사람들이 정말로 전동스쿠터 대여를 원하지 않는다면 그대로 두어도 얼마 못 가서 다 망할겁니다."
#,BanFaceRecognitionInPublic,공공장소 안면인식 금지,"AI기술 발전으로 인해 거리마다 있는 평범한 카메라만으로 안면인식을 합리적인 비용과 시간 내에 할 수 있게 되었습니다. 원칙적으로는 범죄자 추적에 큰 도움이 되겠지만, 그와 동시에 개인 사생활과 빅데이터에 관한 논쟁이 오가기 시작했습니다. 온갖 정보를 인식해 저장하는 안면인식 카메라가 도시를 뒤덮기 전에 막아서야 할까요?"
#,BanFaceRecognitionInPublic_0,안면인식 금지,"안면인식 AI가 대단한 기술은 맞지만 우려가 되는 것도 사실입니다. 앞으로 사기업이나 차기 정부에서 안면인식 정보를 수집해 어떤 식으로 써먹을지 알 수가 없습니다. 그대로 두었다가는 결국 압제자나 이윤이 지배하는 감시국가로 변모하게 될테니 지금 막아세워야 합니다."
#,BanFaceRecognitionInPublic_1,안면인식 허용,"길가다 지나가는 사람이 자기 얼굴을 보고갔다며 걱정하는 사람은 없는데 카메라에 잡히는게 그렇게 분노할 일입니까? 수배중인 범죄자나 테러범이 아니라면 문제가 될 부분이 도대체 어디가 있겠습니까? 안면인식 정보 수집을 통해 범죄를 예방할 수 있고, 개인화 서비스 제공에도 큰 도움이 될겁니다. 이걸 금지하자는건 그냥 테크노포비아들의 과민반응에 불과합니다."
#,BanForeignFirmFromITInfrastructure,특정국 기업 IT 기반장비 사용금지,정보통신기반시설에 투자하는 과정에서 특정 외국기업 장비를 사용해도 되는지가 논란의 도마에 올랐습니다. 이는 해당 외국기업이 전부터 의심의 눈초리를 한껏 받고 있는 특정국 정부에 적극 협조중이라 알려져 있기 때문입니다. 보안전문가들은 장비 사용이 보안 약화로 이어질 수 있다며 깊은 우려를 표했고 해당 기업 제품을 완전히 배제할 것을 촉구하고 나섰습니다.
#,BanForeignFirmFromITInfrastructure_0,특정국 장비 금지,"인터넷과 통신망에 대한 의존도가 급격히 높아지고 있는 사회에서 의심스런 외국 세력에게 우리 국가 기간통신망의 통제권을 쥐어주는 것이 가당키나 합니까? 현대 정보통신체계는 너무나도 복잡해서 도입한 장비가 어떤 동작을 하는지 명확하게 알기도 어렵고, 도입한 뒤에 보안 구멍을 찾아낸다 하더라도 한참 늦은 뒤의 일일겁니다."
#,BanForeignFirmFromITInfrastructure_1,특정국 장비 허용,"이건 제노포비아 수준의 정부 간섭입니다. 물론 국내에서 모든 핵심보안장비를 저가에 생산할 수 있다면 좋겠지만, 현실적으로 불가능하며 결국 수입을 해 와야 합니다. 해당 기업 장비를 금지시킨다고 분명한 이득이 발생하는 것도 아니고 기반시설에 들어가는 비용만 폭등시킬 것입니다."
#,Banknotes,화폐도안 인물 선정,"조만간 공개할 화폐 신권 도안에 어떤 인물의 초상화을 넣을지 결정할 시간입니다. 우리나라의 존경받는 대주교와 유명 인권운동가가 최종 후보에 올랐고, 이제 각하께서 정하는 대로 앞으로 사용하게 될 신권 화폐도안을 발표할 예정입니다."
#,Banknotes_0,Fernando Martinez 대주교 선정,"Fernando Martinez 대주교는 진정한 성인이었고, 고결하고 믿음직한 종교인이었습니다. 대주교의 강한 신앙적 태도가 진보주의자에겐 다소 지나치게 느껴졌을 수 있지만, 보수주의자에게는 롤모델과도 같았습니다. 대주교의 초상화를 화폐도안에 넣는다면 우리나라의 신앙심을 조금이나마 보여줄 수 있을 것입니다."
#,Banknotes_1,Natalie Garcia 선정,"Natalie Garcia는 전 세계 어디서나 모두를 위해 항상 인권 수호의 최전방에서 싸워왔습니다. 이는 대기업과의 잦은 갈등으로 이어지기도 했지만 시민들은 지금까지도 그 모든 노력에 감사와 지지를 보내고 있습니다. 인권 수호의 아이콘과도 같은 인물을 화폐도안에 넣는다면 전 세계에 자유와 인권의 메시지를 보낼 수 있을겁니다."
#,BanLivestockImports,축산물 수입 금지,"인접국 소 사육시설에서 구제역 발생 사실이 공식적으로 확인되었습니다. 현재 자국 내 확산 가능성은 매우 낮다고 평가되고 있지만, 농업인 단체에서는 해당국 쇠고기 수입을 예방적 차원에서 전면 금지해야 한다며 로비에 나섰습니다."
#,BanLivestockImports_0,금지조치 거부,"해당국의 축산물 수입을 전면 금지해야 할 통계적/과학적 근거는 없습니다. 발생 상황은 통제 하에 있고 실질적인 위협을 제기하는 수준은 아닙니다. 또한 수입 전면금지는 타국에서는 노골적인 보호무역조치로 보고 불만을 표할 가능성도 있습니다. 여러모로 불공정하고 정당성이 결여된 금수조치로 해석될 여지가 큽니다."
#,BanLivestockImports_1,금지조치 승인,"구제역이 전파될 위험은 아무리 낮다 하더라도 감수할만한 것이 못 됩니다. 구제역이 발생하고 나면 대처 방안은 가축을 집단 살처분하는 것 뿐인데 이에 우리 축산업은 재기 불능의 타격을 입을겁니다. 지나치게 조심스럽다는 말이 나올 수도 있지만, 일단은 생존이 먼저입니다. 입장이 서로 반대였다면 저들도 분명 같은 조치를 취했을겁니다."
#,BanNonLEDBulbs,LED 비사용 전구 사용금지,"LED 전구는 형광등의 2배, 백열등의 5배에 달하는 높은 에너지효율을 가지고 있습니다. 이에 에너지소비를 줄이고 기후변화에 대응하기 위해 모든 전구를 LED 전구로 교체하도록 구식 전구의 판매를 전면 금지하자는 주장이 나오고 있습니다."
#,BanNonLEDBulbs_0,LED 비사용 전구 금지,"아직 LED 전구가 얼마나 발달했고 수명주기 전체에서 아낄 수 있는 에너지가 얼마나 되는지 잘 모르는 사람이 많습니다. 시중에 유통되기 시작한지는 수 년이 지났지만 아직도 전환속도는 너무 느린 상황입니다. 그러니 구식기술 전구 사용을 금지한다면 사람들이 빠르게 신기술에 적응하고 이산화탄소 배출량을 간단하게 줄일 수 있을겁니다."
#,BanNonLEDBulbs_1,금지조치 거부,"컴팩트 형광등이 나온지도 얼마 지나지 않았는데 또 다시 모두들 LED로 바꾸라니요! 그리고, 조명에 들어가는 에너지소비 비중은 이미 매우 낮은 편입니다. 이건 별 이득도 없는 정부 규제에 불과합니다.              차라리 정부가 탄소세를 매기던가 하고 구매결정은 소비자가 자유롭게 선택할 수 있게 하는게 맞습니다."
#,Ban Tobacco Adverts,담배광고 금지법,"TV 담배광고를 법으로 금지시키자는 제안이 올라왔습니다. 라디오나 옥외 광고판을 통한 광고는 제한 대상에 포함하지 않았지만, TV광고 금지만으로도 흡연량을 상당 부분 줄일 수 있다는 주장입니다."
#,Ban Tobacco Adverts_0,금지법 거부,"일부 압력단체가 주장하는 담배의 해악이라는 것은 그 인과관계를 직접적으로 100% 증명한 바가 없습니다. 수많은 시민들이 별다른 악영향 없이 흡연을 즐기고 있으며, 이런 식으로 나라에서 일일이 이건 하고 저건 하지 마라는 식으로 개입하는건 전형적인 보모국가적 행태입니다. 흡연자가 자기 몸 자기 마음대로 하겠다는데 어쩌겠습니까."
#,Ban Tobacco Adverts_1,금지법 승인,"흡연으로 매년 수많은 사람들이 조기에 사망하며 중독성이 강해 끊기도 어렵습니다. 흡연과 관련된 질병으로 고통받는 사람을 조금이라도 줄일 수 있다면 어떤 방법이라도 좋습니다. 흡연권은 인정을 하더라도 광고금지를 통해 우리 미래세대의 흡연 확률은 줄일 수 있을겁니다."
#,BLASPHEMY,신성모독,사회 내 소수집단이 믿는 종교를 비판하는 웹사이트가 인기를 끌고 있습니다. 종교 지도자들은 해당 사이트가 신성모독을 자행하고 있다며 사이트 차단을 요구하고 나섰습니다. 이는 최근 정부청사 인근에서 정부에 조치를 요구하는 수 차례의 폭력집회로 이어졌습니다.
#,BLASPHEMY_0,사이트 차단,해당 사이트는 매우 공격적이며 소수민족 집단의 의견은 존중될 필요가 있습니다. 이런 식으로 공개적인 논란을 일으키는 자료의 공개를 제한하는 것은 전적으로 합리적인 결정입니다. 사이트를 차단하는게 맞습니다.
#,BLASPHEMY_1,조치 없음,"소규모 극단주의자 집단의 사이트 차단 요구에 이렇게 굴복할 수는 없습니다. 이대로면 내일은 카를 마르크스 온라인 아카이브 차단을 요구하는 자본주의자가 나타나지 말라는 법은 없습니다. 논란이 많은 견해라 한들 자신의 견해를 표현할 수 있는 자유를 보장해야 한다는 것이 바로 우리 사회가 보장하고 수호해야 할 자유권적 기본권의 원칙입니다."
#,ChildLabourLaw,아동노동금지법,너무나도 많은 청소년들이 저임금 노동을 하려고 학교에서 조퇴하고 있습니다. 심지어는 학교에서 공부하는 대신 하루 종일 근무하려고 결석하는 학생도 있다고 합니다. 현행법은 기업의 만 16세 이하 청소년 고용을 방지하는 데에 별 효과가 없다는 지적을 받고 있습니다. 이번에 발의된 아동노동금지법은 만 16세 이하 청소년을 고의로 취업시켜 주 5시간 이상 근로하게 하면 형사처벌 대상이 되도록 하는 내용을 담고 있습니다.
#,ChildLabourLaw_0,아동노동 범죄화,"우리가 왜 아이들이 일하는 대신 학교에서 공부할 수 있게 해야 하는가에 관해서는 날이 새도록 이야기할 수 있지만, 법제화와 형사처벌을 통해 실질적인 변화를 이루어 낼 수 없다면 우리 아이들은 계속 학교를 빠지고 돈을 벌러 나갈것입니다. 우리 아이들을 위해서라도 이 법은 반드시 통과가 되어야만 합니다!"
#,ChildLabourLaw_1,현행법 유지,"이 법은 불필요한 법입니다. 돈 벌겠다고 학교 빠지는 아이들은 어차피 교실에 앉혀놔도 집중도 안할테니 그냥 나가가지고 일해서 국가 경제에 이바지하라 하는 편이 낫습니다. 그리고 자영업자들이 무심코 나이확인을 하지 않고 취업시켰다가 이 법에 걸려서 형사처벌을 받게 될 수도 있습니다."
#,ChildLabourLaw_2,절충안,"양측 모두 일리가 있는 듯 하니 한번 절충안을 만들어봅시다. 현행법을 조금 강화해서 아이들이 주 10시간 이상은 일할 수 없도록 하면 다들 괜찮지 않겠습니까?"
#,CHILDRENS FOOD,어린이 식품안전관리법,"패스트푸드점과 학교급식을 대상으로 아이들에게 제공하는 식품의 지방, 소금, 설탕 함량과 영양가를 규제하는 법안이 발의되었습니다. 이는 해당 식품소매업에 추가 비용을 발생시킬 가능성이 있습니다."
#,CHILDRENS FOOD_0,현행법 유지,"이렇게 자유 시장에 개입하면 안됩니다. 이건 개인의 삶에 국가가 간섭하는겁니다. 아이들이 기름진 정크푸드를 먹겠다 하고 부모가 그걸 말리지 않으면 대체 어느 권리로 정치인이 끼어들어서 햄버거 먹으면 안된다고 할 수 있겠습니까?"
#,CHILDRENS FOOD_1,어린이 식품안전 규제,"비만은 건강에 심각한 영향을 주는 중요한 문제입니다. 그렇게 어린 아이들에게 건강에 나쁜 음식을 마케팅하는 행태는 용납할 수 없으며, 우리 미래세대의 건강을 지키기 위해 이 법을 오늘 반드시 통과시켜야 합니다."
#,ClimateChangeProtocol,기후변화 의정서,"유엔기후변화협약 당사국총회에서 선진국의 온실가스 배출을 제한하는 새로운 의정서가 서명되었습니다. 우리나라도 총회에 참가해 경제에 너무 부담을 주지 않는 방향으로 애써 협상을 진행했으나, 여전히 의정서 비준에는 경제성장 둔화와 생산성 감소 등의 후폭풍이 따르리라 예상됩니다. 반면에 이 의정서야말로 지구를 구해낼 유일한 방법이라는 전문가도 있습니다. 이번 의정서 비준하시겠습니까?"
#,ClimateChangeProtocol_0,의정서 비준,우리 후손들에게 계속 살 수 있는 지구를 물려주려면 지금 온실가스 감축에 들어가야 합니다. 이를 위해서라면 작은 경제적 타격은 감수할만한 댓가입니다.
#,ClimateChangeProtocol_1,비준 거부,"우리 경제가 위태로운 상황에 경제성장을 가로막고 생산성과 부를 파괴할 의정서에 서명할 수는 없습니다. 일단은 지금 하고 있는 환경보호 방식으로도 충분할겁니다."
#,ClusterBombBan,집속탄 금지,"국내 엔지니어링 기업이 집속탄을 제조해 공급하는 수출계약 수주에 성공했습니다. 현행법은 해당 기업이 집속탄을 제조하지 못하게 막고 있지는 않은 상황인데, 이를 두고 국내 집속탄 생산을 금지시켜야 할지 시민들 사이에 논쟁이 가속화되고 있습니다."
#,ClusterBombBan_0,집속탄 사용 금지,너무나도 많은 민간인 피해를 양산하는 집속탄의 제조를 더 이상 이어가서는 안됩니다. 너무나도 잔인한 무기고 요즘같은 시대에 그 사용을 정당화할 수는 없습니다. 집속탄 금지의 댓가가 고작 약간의 일자리 뿐이라면 그건 우리가 당연히 감수해야 할 일입니다.
#,ClusterBombBan_1,입법 거부,"지금이야 그냥 쉽게 집속탄 제조 금지를 외치고 있지만, 같은 논리면 내일은 총도 그만 만들라 할 수도 있을 것이고, 그 다음날에는 수갑도 금지시키라 할지 모릅니다. 집속탄 제조 금지는 우리 방위산업 해체의 신호탄이 될 것이고 앞으로 일자리와 투자자의 신뢰마저 잃게 될 것입니다. 기업이 어떤 제품을 제조하는지는 국가가 나서서 간섭할 일이 아닙니다."
#,CondemnFarLeftDictator,극좌 독재자 규탄,"표면적으로는 국내정치와 무관한 일이지만, 최근 타국의 극좌 독재자가 극단적인 조치를 연이어 취한 일이 뉴스거리로 올라온 상태이며 이에 관해 언론들은 정부차원의 규탄 논평이 나올지 촉각을 곤두세우고 있습니다. 이번에 논란의 중심에 선 극좌 독재자는 반대자들을 일제히 체포했고 일각에서는 체포된 이들을 길거리에서 구타하거나 처형까지 이루어졌다는 보고 역시 올라오고 있습니다."
#,CondemnFarLeftDictator_0,독재자 규탄,"해당 국가에서 벌어지고 있는 참상에 못 본 체 침묵한다면 정말이지 충격적인 일이 아닐 수 없을겁니다. 타국에 대한 내정간섭은 자제하는 것이 맞지만, 사람들이 마구 체포되고 죽어나가는 상황에서까지 방관만 할 수는 없습니다. 정말 우리가 지키고자 하는 원칙이란게 존재한다면 여기서 침묵해선 안됩니다."
#,CondemnFarLeftDictator_1,논평 거부,"보기에 다소 무서운 상황이기는 하나, 이번 일은 어디까지나 타국의 내정상황이고 우리가 이걸 비판할만큼 연관되어 있거나 비판해야 할 의무가 있는 것은 아닙니다. 우리도 다른나라 지도자들이 우리 내정문제에 간섭하기를 원치 않는 것은 마찬가지 아니겠습니까. 그리고 공식적인 발표 내용은 체포자 전원이 위험한 테러범이라는 것 뿐이니 논평을 하기에는 아직 적절치 않습니다."
#,CondemnRefuseStrike,청소노동자 파업 규탄,"청소노동자들이 임금 문제로 파업에 들어갔습니다. 길거리에 쓰레기가 쌓이면서 시민들의 불만이 터져나오고 있습니다. 파업 자체는 합법적이긴 하지만, 현재 보건위생 문제로도 비화하고 있는만큼 공식 논평을 요구하는 목소리가 커지고 있습니다."
#,CondemnRefuseStrike_0,파업노동자 지지,"노동자들이 근로제공을 중단하고 합법적인 노동 쟁의에 나설 권리는 보장되어야 합니다. 길거리에 쓰레기가 쌓여서 불만이 크다면 그만큼 청소노동자들이 중요한 역할을 하고 있었다는 점을 인정하고 남들이 기피하는 일을 하는 노동자들이 더 높은 임금을 받을 자격이 있다고 말할 수 있어야 합니다."
#,CondemnRefuseStrike_1,파업 규탄,"임금 인상을 원한다면 이건 합리적인 협상 태도가 아닙니다. 지금 보건위생 문제가 발생하고 있는 상황이고 필요하다면 대체인력 투입도 검토해봐야 할 때입니다. 지금 상황은 강성노조가 불공정한 수준으로 높은 임금을 서민들로부터 뜯어내려고 업무방해를 저지르려는 행태에 불과합니다. 청소노동자들이 하는 일이 대단한 전문적인 노동도 아니고 현재 임금은 그냥 딱 적당한 수준입니다."
#,CONTROVERSIAL MARCH,극우집회 논란,한 극우단체가 수도 행진 집회를 열 계획이라고 밝혔습니다. 해당 단체는 인종차별적인 경향이 강해 경찰에서는 집회 강행시 행진 행렬과 반대집회가 충돌하면서 폭력사태가 일어날 것이라 강하게 우려하고 있습니다. 경찰에서는 집회 금지를 권고한 상태입니다.
#,CONTROVERSIAL MARCH_0,집회 금지,경찰측에서 이미 집회 금지가 필요한 이유를 충분히 설명해둔 상태입니다. 우리 사회의 대다수 시민들은 이런 집회로 인한 폭력과 불안을 원하지도 필요로 하지도 않습니다. 언론의 자유를 보장해야 한다고 해서 폭동의 자유마저 인정해야 하는 것은 아닙니다. 이번 집회를 금지시켜야 합니다.
#,CONTROVERSIAL MARCH_1,집회 허용,"우리 사회의 근간이 되는 자유권적 기본권 중 하나는 의견이 얼마나 많은 지지를 받는지와 무관하게 집회의 자유를 갖고 자신의 의견을 내세울 수 있어야 한다고 말하고 있습니다. 행진을 하겠다는 단체는 그저 자신들의 의견을 표현하는 것에 불과하고, 반대집회 역시 평화집회를 통해 반대를 표할 자유가 있습니다. 다소 난처한 상황이긴 하나, 정치집회 금지는 전적으로 독재적 발상입니다."
#,CorporateManslaughter,기업과실치사법안,기업체도 과실로 인한 사망사고를 일으키면 과실치사 혐의로 기소할 수 있도록 하는 법안이 발의되었습니다.
#,CorporateManslaughter_0,법안 통과,"이번 법안은 기업들이 직원과 일반 국민의 안전을 해하면서까지 비용을 절감하려는 행태를 막기 위해 반드시 필요합니다. 매년 너무나도 많은 사람들이 산업재해로 사망하는데 책임지는 이도 없고 개선도 전혀 이루어지지 않습니다. 이번 법안이 기업에게 합당한 책임을 묻는 첫 발걸음이 되어야 합니다."
#,CorporateManslaughter_1,법안 저지,"이건 시행 자체가 불가능한 법안입니다. 대기업들이 수많은 하청기업들을 이용하는 상황에 산재가 누구 책임인지 따지는 것은 법적으로 너무나도 복잡한 일입니다. 법안의 의도는 좋았을지 몰라도, 기업들은 행태를 바꾸는 대신 책임만 계속 회피하면서 시간을 끌고 그 사이 몇몇 변호사들 배만 불리는 결과를 낳을 것입니다."
#,CorporateMedicalMarketing,제약기업 마케팅,"일부 제약기업이 수년간 자사 의약품을 처방하는 의사에게 리베이트를 건네고 기타 편의를 제공해왔음은 이미 공공연히 알려진 사실입니다. 이로 인해 필요가 없는 약을 처방받거나 효과가 상대적으로 떨어지는 약을 처방받는 사례도 종종 있어왔는데, 최근 몇 달간 이런 사례가 급증하고 있습니다. 아직까지는 신체 손상이 보고되지 않았지만, 이 시한폭탄이 터지는 것은 시간 문제라는 지적입니다."
#,CorporateMedicalMarketing_0,조치 없음,"지금껏 수년간 계속 있던 일이지만 아직까지도 별 일이 터지지 않았습니다. 당연히 제약기업에 개입하거나 규제를 둘 필요가 없다는 의미죠. 어차피 제약기업들은 다들 돈도 영향력도 많으니, 나머지 기업들도 자기네 제품이 좋다 생각하면 똑같이 마케팅을 하면 될 일입니다."
#,CorporateMedicalMarketing_1,규제 도입,"이제는 멈춰세워야 할 때입니다. 환자의 생명이 걸린 문제고, 의사가 환자에게 필요한 약이 아니라 돈이 되는 약을 처방하는 작금의 상황을 더이상 용납해 주어서는 안됩니다. 제약기업이 더 이상 의사를 돈으로 조종할 수 없도록 규제를 마련해야 합니다."
o#,DebtProtectionLaw,채무자보호법,채권추심업체가 거액의 빚을 진 서민들에게 빚을 받아내려고 공격적인 수단을 동원하는 장면이 최근 뉴스를 탔습니다. 해당 추심업체는 더 이상 주요금융기관에서 대출을 받을 수 없는 이들에게까지 사채를 빌려주는 식으로 영업을 확대해 나가고 있다고 합니다. 이에 추심업체가 이런 방식으로 영업하는 것을 제한하기 위한 채무자보호법이 발의된 상태입니다.
#,DebtProtectionLaw_0,채권추심업 제한,"지금 채권추심업체들은 갚을 수도 없는 살인적인 금리의 사채를 빌리게 만드는 식으로 우리 사회의 약자와 서민들을 가혹하게 착취하고 있습니다. 이런 갈취나 다름없는 영업행태를 더 이상 두고 볼 수는 없으며, 정부는 조속히 이런 부도덕한 기업의 활동을 대폭 제한하는 조치에 착수해야 합니다."
#,DebtProtectionLaw_1,채권추심업 허용,"갚지 못할 돈을 빌리라고 강요한 것도 아니고, 채권추심업체가 정당한 빚을 받아낼 권리를 제한한다면 역효과만 날 것입니다. 사람들은 자기 분수에 맞게 사는 법을 먼저 배워야 하고, 이를 받아들이지 못하는 사람들까지도 정부가 구제해주기를 바라선 안됩니다."
#,DecryPaydayLoanCompany,단기소액대부업체 비난,"단기소액대부업체는 매우 높은 금리에 소액 대출을 제공하는 금융기관으로, 주요금융기관에서 대출을 거부당한 극빈층을 대상으로 영업을 해 나가고 있습니다. 이에 일부 소비자운동가들이 정부의 공식 논평을 요구하고 나섰습니다."
#,DecryPaydayLoanCompany_0,대부업체 비판,"가장 절박하게 대출이 필요한 서민들에게 법정 최고금리를 받아내는 행태가 옳다고 할 수 있겠습니까? 해당 대부업체들은 서민들의 선택권이 제한적이라는 점을 악의적으로 이용해 영원히 빠져나올 수 없는 빚의 굴레에 사람들을 집어넣고 있습니다. 적어도 이런 사업 모델에 공개적인 비판은 보낼 수 있어야 합니다."
#,DecryPaydayLoanCompany_1,논평 거부,"해당 대부업체들은 그저 특정 대출 수요를 충족시키는 전적으로 합법적인 사업을 하는 것 뿐입니다. 또한 고위험 고객에게 높은 금리를 요구하는 것은 당연한 일입니다. 그리고 단기소액대부업체를 불법으로 만들면 범죄자나 사채업자들이 와서 같은 사업을 그대로 할텐데 그럴 바에는 그냥 합법으로 두고 대부업체를 적당히 규제만 하는 편이 낫습니다."
#,DeliveryDrones,배달드론,"한 국제 소매유통업체에서 화물용 쿼드콥터 드론을 이용해 배달을 하겠다는 계획을 발표했습니다. 일반 시민들은 이에 기대감을 내비쳤지만 노동조합에서는 일자리 감소와 산재 발생을 우려하며 비판의 목소리가 나오고 있는 상황입니다. 소매유통업체 측에서는 시범사업 허가를 요청하고 나섰으나 현행법에는 아직 상업용 드론에 관한 조항이 없는 상태입니다."
#,DeliveryDrones_0,배달드론 허가,"이번 시범사업은 물류창고간 운송에 한하여 진행되고 고객에게 직접 드론으로 배달을 하거나 하지는 않는 만큼, 기술을 신뢰하고 맡겨 보아도 괜찮을 것 같습니다."
#,DeliveryDrones_1,배달드론 불허,이미 경찰드론과 군사드론으로 공역이 혼잡해지고 있는 상황입니다. 여기에 필요성이 떨어지는 민간드론까지 들어오면 드론사고 위험이 과도하게 커질 수 있습니다.
#,DeliveryDrones_2,시험적 허용,당장 이 문제에 뛰어들 필요는 없습니다. 일단은 1년에서 2년정도 제한적인 시험운행을 하도록 허용해 주고 지켜보는 것이 어떻겠습니까?
#,DisguisedEmploymentLaw,위장고용방지법,"최근 몇 년간 택시앱 등 초단기근로자를 이용하는 플랫폼 사업이 크게 늘었지만, 관련 법규는 이러한 변화를 따라잡지 못하고 있는 상황입니다. 노동운동가들은 플랫폼 사업자들이 직원에게 휴가와 유급병가를 주지 않으려고 꼼수를 쓰고 있다 지적하고, 초단기근로는 위장된 고용에 불과하므로 해당 기업들을 실제 고용주로 보아야 한다고 주장하고 있습니다."
#,DisguisedEmploymentLaw_0,초단기근로를 위장된 고용으로 공표,"해당 택시앱 및 배달앱을 운영하는 기업들은 법의 허점을 악용해 유급병가와 연금납입 등 노동자에게 주어져야 할 각종 권리를 거부하고 있습니다. 이는 전적으로 법의 취지를 훼손하는 것이며, 이런 법의 취지를 존중하는 이들이 불공정한 경쟁을 하면서 손해를 보는 상황을 막기 위해서라도 규제를 강화할 필요가 있습니다."
#,DisguisedEmploymentLaw_1,현행규제 유지,"플랫폼 사업이야 말로 자유시장이 굴러가는 방식 그 자체입니다. 수천 명에게 매우 유연한 고용을 제공하고 기존 경쟁사와는 비교불가의 초저가 택시와 음식배달을 가능케 하는 신사업 모델을 창조해낸거죠. 플랫폼 노동자들은 원한다면 언제나 앱을 끄고 쉬거나 경쟁사 앱으로 갈아탈 수 있으니 이들을 통상적인 노동자로 분류할 수 없음은 자명합니다."
#,DNADatabase,DNA 데이터베이스,"경찰 일각에서 효율적인 범죄 대처를 위해 전국민 DNA 데이터베이스 구축이 필요하다며 허가를 요청하고 나섰습니다. DNA 증거가 미제사건으로 남을뻔한 사건의 범인도 잡아낼 수 있는 효과적인 방안이라고 하는데, 사생활 침해 우려도 만만치 않습니다."
#,DNADatabase_0,데이터베이스 허가,"DNA 데이터베이스는 범죄에 맞서 싸우는 데 큰 힘이 될 수 있습니다. 지금까지 너무나도 오랫동안 범죄자들은 증거가 없지 않느냐는 식으로 혐의를 부인해왔는데, DNA 증거만 있으면 살인범, 강간범과 같은 흉악범을 빠르게 추적해서 검거할 수 있을겁니다. 애초에 숨길게 없다면 떳떳하게 찬성하면 되는 일입니다."
#,DNADatabase_1,데이터베이스 중지,"이는 전 국민의 인권을 직접적으로 침해하는 조치입니다. 무죄추정의 원칙은 지켜져야 하며, 이런 감시국가식 데이터베이스 구축은 사실상 전국민을 예비 범죄자 취급하겠다는 선언이나 다름이 없습니다. DNA 제공을 강제하고 거부하면 징역에 처하는 나라를 정말로 원하십니까?"
#,DNADatabase_2,범죄자 전용 데이터베이스,실용적인 접근 방법도 있습니다. 수사 과정에서 용의자로 지목된 사람들의 DNA를 채취해 경찰 데이터베이스에 무기한 저장하는겁니다. 범죄 혐의가 없는 무고한 시민들의 DNA를 광범위하게 수집하는 일은 없게 말이죠.
#,EndLifeRecyclingLaw,제품수명재활용법,"현대 소비사회의 문제점 중 하나는 너무나도 많은 제품이 수명이 다하면 바로 매립지에 버려진다는 점입니다. 이를 해결하기 위해 소비자의 재활용을 장려하는 대책도 있지만, 최근에는 아예 대형 가전제품 제조사가 재활용 책임을 부담해야 한다며 각 기업에 법적 의무를 부여해 오래된 제품을 회수해 재활용하게 하자는 주장이 제기되고 있습니다."
#,EndLifeRecyclingLaw_0,법안 통과,"쓰던 물건을 그냥 땅에 구멍 좀 파서 묻어버리고 언젠가 사라지기만을 기다리는 식으로는 더 이상 미래가 없습니다. 재활용 책임을 기업에게 돌린다면 그만큼 재활용이 쉬운 제품을 개발하게 될테니 모두에게 이득이 될 것입니다."
#,EndLifeRecyclingLaw_1,입법 거부,"듣기에는 간단한 일 같겠지만 실제로 이 법이 시행된다면 국내 기업과 제조사는 막대한 부담을 지게 될 것입니다. 국외 기업에까지 적용할 수 있는 법이 아닌만큼 결국 자국기업의 발목만 잡는 무의미한 규제가 될 것이 뻔합니다."
#,EXTRADITE TERROR SUSPECT,테러용의자 인도,"범죄인 인도조약을 체결하지 않은 한 중동국가에서 현재 우리나라 국내에 거주하고 있는 한 이민자가 테러 혐의를 받고 있다며 본국으로 인도해줄 것을 요청해 왔습니다. 해당 국가는 용의자가 자국 수도에서 차량폭탄테러를 감행한 범인이라는 혐의를 제기하고 있으나, 현재로선 유일한 증거는 다른 테러 용의자들의 자백뿐이며 강압에 의한 자백이라는 주장 또한 제기되고 있습니다."
#,EXTRADITE TERROR SUSPECT_0,용의자 인도,"이 테러범을 즉각 본국으로 돌려보내야 합니다. 인도를 요구해온 국가의 사법체계에 일부 우려가 제기되기는 하지만, 테러에 맞서 싸우는 상황인만큼 입장을 바꿔서 우리가 테러범을 잡아서 재판에 세우려 하는데 인도를 거부당한다면 얼마나 큰 분노가 일어나게 될지 생각해 보셔야 합니다. 테러 앞에서 심문 방법이 어떻네 하면서 고결한 척 할 시간은 없습니다."
#,EXTRADITE TERROR SUSPECT_1,인도 거부,"인도 요구가 날아온 이민자를 정말로 넘겨주면 본국에서 사형에 처해질 가능성이 있습니다. 본국에서 공정한 재판을 받을 수 있을지, 과연 진범이 맞기는 한지 무엇 하나 확실한 것이 없습니다. 그러니 그냥 외국 정부가 하는 말만 믿고 인도를 해줄수는 없는 일입니다. 사람 목숨이 걸린 일인만큼 범죄 행위의 증거를 확인하기 전까지는 보내주어선 안됩니다."
#,FactoryFarming,공장식축산법,"가축 사육농가의 동물복지기준 강화 운동이 탄력을 받고 있습니다. 이에 집약사육시설에서 가축의 사육공간과 형태, 사료 등의 최소기준을 강화하는 법안이 발의된 상태입니다."
#,FactoryFarming_0,기준 강화,"이제는 집약사육당하는 가축들이 과도한 고통을 겪지 않도록 조치가 필요한 때입니다. 일부 농가의 가축 생활환경은 실로 충격적인 수준에 이를 지경입니다. 기준 강화가 식품 가격을 비싸게 만들기는 하겠지만, 가축의 사육환경이 어떤지 아는 사람이라면 누구나 이 결정을 지지할 것입니다."
#,FactoryFarming_1,현행기준 유지,"최저비용으로 생산한 가공육 식품을 사라고 강요한 적은 없습니다. 이미 유기농 내지는 방목 축산품이 공급되고 있는데 소비자들이 동물복지에 돈을 더 내고 싶지 않기 때문에 구입하지 않는 것 뿐입니다. 자유시장의 선택을 받지 못한것이죠. 그러니 이 법안은 일부 운동가들을 좀 달래주자고 정부가 시장에 개입하는 것에 지나지 않습니다."
#,FishingQuota,어획쿼터,해양보호단체가 어종별로 어부들이 연간 어획할 수 있는 조업쿼터를 제한하는 국제조약에 서명할 것을 촉구하고 나섰습니다. 우리 미래세대에게 풍부한 수산자원을 물려주려면 쿼터 도입이 꼭 필요하다는 입장입니다.
#,FishingQuota_0,쿼터제 동의,"이건 상식의 문제입니다. 현대 기술이 어획에 들어가는 비용과 시간을 너무나도 크게 줄여버려 판매가도 너무 내려가고 공급 고갈 우려도 커지고 있습니다. 당장은 어부들이 반대할지도 모르겠지만, 장기적으로 해양환경을 생각해야 할 때입니다. 각종 환경단체도 어획쿼터 서명을 지지하고 있습니다."
#,FishingQuota_1,쿼터제 거부,"이론적으로는 다 좋은 이야깁니다. 하지만 실상을 들여다보면 어획쿼터 서명은 결국 우리 어업의 통제권을 국제기구에 넘겨주는 것입니다. 그리고 우리 어부들이 어획쿼터를 준수한다 치면 외국의 다른 어부들도 똑같이 준수한다는 보장은 도대체 누가 해 줍니까? 어업쿼터 서명은 안그래도 어려운 우리 어업을 관짝에 넣어 못박는 것에 지나지 않습니다. 당연히 일자리도 줄어들겠죠. 쿼터제를 거부해야 합니다!"
#,FlagBurning,국기소각금지법,"국기를 소각하는 행위를 특정범죄로 지정해 형사처벌하는 법안이 발의되었습니다. 애국자들은 일부 집단이 공개적으로 국기를 불태우면서 반정부의식을 조장하고 있는데 경찰은 무력하게 지켜만 보아야 하는 현 상황이 매우 우려된다고 말하고 있습니다."
#,FlagBurning_0,국기소각 금지,"대다수 국민들은 당연히 우리 조국의 국기를 불태우는 모습에 큰 모욕감을 느낍니다. 국기는 특정 정당 따위가 아니라 하나의 국가 그 자체를 상징합니다. 국기를 불태우는 것은 극도로 비애국적인 행위이며, 그러한 행위를 하는 사람이 우리나라에 설 자리를 주어서는 안됩니다."
#,FlagBurning_1,국기소각 허용,"우리 정부에 반대하는 사람들에게 자신의 견해를 표현할 권리를 부정하면서도 우리 사회가 자유를 보장한다고 말할 수는 없으며, 국기 소각 역시 이러한 맥락에서 인정되어야 합니다. 그리고 결국 국기도 천조가리에 불과한데 천조가리를 태우는걸 어떻게 형사처벌 대상이라 부를 수 있겠습니까?"
#,ForeignPresident,외국 국빈방문,"빠르게 성장하고 있는 신흥공업국의 대통령이 각하께 공식적으로 국빈방문 초청을 보냈습니다. 방문한다면 무역을 장려하고 일자리를 창출할 좋은 기회가 될 수도 있지만, 해당국은 인권 문제로 여러 차례 물의를 빚은 전적이 있어 논란이 일고 있습니다."
#,ForeignPresident_0,초청 거절,"각하를 초청한 대통령은 인권과 소수민족 문제로 수 차례 크게 비판받았던 인물입니다. 국빈방문 초청에 응한다면 이 모든 잔혹행위에 사실상의 지지를 표하는 것이나 다름이 없습니다. 국제사회는 물론이고 국내에서도 소수민족과 인권운동가를 중심으로 분노가 확산될 가능성이 높습니다."
#,ForeignPresident_1,초청 수락,"국빈방문을 진행시켜야 합니다. 첫째로 이번 국빈방문을 반대하는 소수민족들도 일을 할 수 있도록 일자리를 창출해 우리 경제에 큰 도움이 되기 때문이고, 둘째로 상대와 만나는 것 조차 거부한다면 상대의 행동을 변화시킬 방법이 없기 때문입니다."
#,Fracking,프래킹,"프래킹으로도 불리는 수압파쇄법은 이전에는 이용할 수 없었던 셰일가스 매장지의 개발에 사용하는 시추기술입니다. 상대적으로 최근에 개발된 기술로, 사용하려면 정부의 사전 허가를 받아야 합니다. 앞으로 상당한 규모의 에너지 공급원이 되어 줄 것이라는 기대도 있지만, 시추 과정에서 심각한 환경문제를 일으킬 수 있다는 우려도 나오고 있는 상황입니다."
#,Fracking_0,프래킹 허용,"이번에 법 개정을 통해 에너지 기업이 국내에서 상업적인 단계의 프래킹 작업이 가능하도록 허용해 주어야 합니다. 에너지 가격을 낮춰 소비자의 부담을 덜어주고, 석유과 가스 수입 의존도를 낮출 좋은 기회입니다. 또한 경제에도 활력을 불어넣어 줄 것입니다. 나쁠게 뭐가 있습니까?"
#,Fracking_1,프래킹 금지,"프래킹에는 다양한 위험이 수반됩니다. 프래킹은 지반에 고압으로 막대한 양의 위험한 화학물질들을 주입하는 과정을 포함하기 때문에, 이로 인한 지진 유발 가능성이 제기되고 있으며 인근 수원지가 오염될 위험 또한 매우 크다고 평가받고 있습니다. 뿐만 아니라 기후변화를 유발하고 지속적으로 공급이 감소하고 있는 화석연료에 대한 의존성을 더욱 키워 에너지 전환에 걸림돌이 될 수 있다는 지적도 있습니다."
#,Freedomofinformation,정보자유법,"본인도 모르는 채 정보가 데이터베이스에 수집되는 상황이 갈수록 비일비재해지면서, 해당 데이터베이스에 대한 접근성을 높이기 위해 정보자유법이 필요하다는 청원이 올라왔습니다. 해당 청원에서는 정부부처 뿐만 아니라 민간의료기관, 보험회사, 채권추심업체 등의 자료도 공개 대상에 포함시켜야 한다고 주장하고 있습니다."
#,Freedomofinformation_0,추진 거부,"정부에서 자기 정보를 쥐고있는걸 좋아하는 사람은 별로 없겠지만, 결국 어느정도는 불가피한 일입니다. 정보자유법을 반대하는 이유는 꼭 정부가 전 국민을 감시하려고 이러는게 아니라 정보기관이 흉악범이나 테러범을 감시하기가 어려워지기 때문입니다. 또한 고객정보 데이터베이스를 운영하는 상당수 기업들에게도 대량의 불필요한 행정작업을 요구하게 될 가능성이 큽니다."
#,Freedomofinformation_1,정보자유법 추진,"개인의 자유권 보장에 필수적인 권력에 대한 견제의 기능을 해줄 정보자유법은 반드시 통과되어야 합니다. 선량한 시민들이 다국적기업의 전산 데이터베이스에 감시당하는 일은 없어야 합니다. 또한 어떤 정보가 수집되는지 아무도 지켜보지 않는다면 정부기관이 이를 악용하지 않으리라는 보장이 없습니다."
#,GayAdoption,동성커플 입양,입양 우선순위에서 밀려 장기간 입양을 하지 못한 동성커플이 이를 차별이라 주장하며 소송을 제기해 큰 화제를 불러일으키고 있습니다. 이번 논쟁에서는 각하의 입장을 명확하게 밝히고 넘어가셔야 할 것 같습니다.
#,GayAdoption_0,동성커플 입양 지지,"간절하게 입양을 원하는 커플이 이렇게 공무원에게 차별을 받았다 하니 정말 가슴아픈 일입니다. 앞으로는 입양기관이 동성커플을 다른 이들과 똑같이 대하도록 법으로 원칙을 바로잡아야 합니다."
#,GayAdoption_1,동성커플 입양 반대,"입양 우선순위는 입양아의 복지를 기준으로 삼아야 할 일이지 특정 정치단체나 운동가들이 결정할 일이 아닙니다. 아이들이 바르게 자라나려면 어머니와 아버지의 양육이 필요하다는 점은 명확합니다. 따라서 이성애자 커플이 입양 우선순위에서 받는 가점에는 공정성 문제가 전혀 존재하지 않습니다."
#,GenderNeutralRestrooms,성중립 화장실,"논바이너리 성소수자도 괴롭힘당할 우려 없이 이용할 수 있는 성중립 화장실을 일정 규모 이상의 영업장에 의무적으로 설치하도록 법을 개정할 것을 촉구하는 운동이 진행되고 있는 상황입니다."
#,GenderNeutralRestrooms_0,성중립 화장실 의무화,"우리 사회가 논바이너리 성소수자들에게 좀 더 열려있었다면 이런 제안은 필요도 없었겠지만, 안타깝게도 괴롭힘과 차별이 만연하기 때문에 이런 대응이 필요합니다. 성별과 무관하게 안전한 환경을 누릴 수 있게 해달라는 것이 과한 요구라 할 수는 없습니다."
#,GenderNeutralRestrooms_1,법개정 거부,"이건 정말이지 터무니없는 제안이고 솔직히 말해서 인구 극소수를 차지하는 집단에 영햡하는 것이나 다름이 없습니다. 기존 화장실을 성중립 화장실로 전환하는 데에는 막대한 비용이 소모되며, 이를 정부가 강요하는건 전형적으로 불필요한 정부개입입니다. 어떤 화장실을 설치할지는 각 사업자 개인이 결정하도록 두는 것이 맞지 않겠습니까?"
#,GMFood,유전자변형식품 허용 제안,수많은 대형 농업기업들이 국내에서 유전자변형식품의 생산이 허용되기를 기대하고 있습니다. 유전자조작을 통해 식품 유통기한을 늘리거나 병충해 저항성 및 제초제 내성 등 유용한 형질을 도입할 수 있다는겁니다. 이에 변형된 유전자가 생태계와 먹이사슬을 교란할 위험이 있다며 반대도 만만치 않습니다. 농부들 사이에서도 의견이 분분합니다.
#,GMFood_0,유전자변형작물 허용,"유전자변형작물에는 이점이 많습니다. 유통기한을 늘려 유통과정에 들어가는 비용을 줄일 수 있을 뿐만 아니라, 살충제 없이도 잘 자라게 만들어 작물 생산과정에 사용되는 유해 화학물질도 줄일 수 있습니다. 또한 비타민 함량을 강화하는 등 다양한 방법으로 활용될 수 있을겁니다."
#,GMFood_1,유전자변형식품 판매금지,"유전자변형식품은 생산자들만 이득을 보는 일이지 소비자에게는 이득도 없고 필요도 없습니다. 유전자변형작물이 생태계의 먹이사슬에 어떤 장기적인 영향을 미치는지는 아직도 미지수입니다. 연구자들은 괜찮을 것이라 말하긴 하지만, 일단 유전자변형생물이 환경에 유입이 된 다음에는 회수할 방법이 없습니다. 우리 생태계와 먹이사슬을 유전자변형으로부터 지켜내려면 지금 바로 막아세워야 합니다."
#,Hackers,핵심시스템 보안침입자,"한 전문 해커집단이 발전소와 은행 등 핵심 전산시스템을 해킹했습니다. 해당 해커집단은 해킹사실을 공개하고 보안시스템의 취약점을 지적하며 해결책을 제시하고 나섰습니다. 기업과 보안전문가들은 현재 경계태세에 들어간 상태이며 정부의 조속한 대응을 촉구하고 있습니다."
#,Hackers_0,체포,"이번 전산시스템 해킹은 보안 참사로 이어질 뻔 했습니다. 보안 취약점을 즉각 보완하고, 추후 관심이나 유명세를 노린 후속/모방범죄가 발생하지 않도록 해당 해커집단을 전원 체포해야 합니다."
#,Hackers_1,특채,"이런 보안 취약점을 찾아내는 능력이야 말로 우리 전산시스템을 보호하고 보안사고를 예방하는 데에 꼭 필요한 재능입니다. 기업이나 공무원들은 탐탁치 않아 하겠지만 보안이 제일 우선입니다."
#,HOSTAGE SITUATION,인질사건,"한 종교 극단주의 단체가 시민들을 인질로 잡고 우리 정부에 특정 대외정책 관련 요구를 받아들이지 않으면 인질을 사살하겠다며 협박하고 있습니다. 요구사항 자체는 그렇게 극단적이지 않으나, 타협하는 모습을 보여주면 앞으로 더 큰 위험을 초래할지도 모릅니다."
#,HOSTAGE SITUATION_0,요구 수락,"일단은 부분적으로라도 요구를 수용하는 식으로 합리적인 대응이 필요합니다. 그래야 인질들을 무사히 집으로 돌려보내고 상황을 통제 하에 둘 수 있습니다. 여기서 강경대응에 나서면 인종갈등만 더 심해질 가능성이 큽니다."
#,HOSTAGE SITUATION_1,경찰 투입,"인질범과는 협상하지 않습니다. 한번 협상을 해 주면 이제 돌이킬 수 없는 혼란에 빠져들게 됩니다. 시민들이 인질로 잡힌 상황은 매우 안타깝지만, 지금 즉시 건물에 진입해 인질을 구출하는 수 밖에는 없습니다. 인질범들이 저항하며 인질 사상자가 나올 수 있겠지만 이 역시 감내해야만 합니다."
#,HousingExpansion,주거지 확장,"주택 공급 부족이 현실화하면서 정부가 국토계획법을 완화하고 그린벨트를 해제해야 한다는 목소리가 높아지고 있습니다."
#,HousingExpansion_0,국토계획법 완화,"주택 가격은 소득보다 훨씬 빠르게 상승하고 있으며, 이는 주로 공급 부족에서 기인한 문제입니다. 장기적으로 보면 유일한 대책은 더 많은 주택을 건설하는 것 뿐입니다. 그리고 일자리도 없는 곳에 주택을 제공해 봐야 아무 소용이 없는 만큼 도시 인근의 그린벨트를 일부 해제하는 것 역시 어느정도 불가피한 부분입니다."
#,HousingExpansion_1,국토계획규제 유지,"녹지에 새 주택을 건설하게 해 달라는 요구는 해당 지역의 낮은 개발비용을 노린 건설회사들을 필두로 항상 제기되어 왔습니다. 농촌을 갈아엎자고 하기에 앞서 수많은 도시 재개발 택지부터 검토해 보아야 합니다. 그린벨트를 해제한다면 도시가 급격하게 팽창하면서 농촌에 파괴적인 영향을 끼치게 될 것입니다."
#,HUNGER STRIKE,단식투쟁,"유죄 확정판결을 받아 수감중에 있는 테러범이 면회를 허락해줄 것을 요구하며 단식투쟁에 들어갔습니다. 교정당국은 면회 신청자를 테러단체와 관련된 인물들로 의심하고 있으나, 현재로선 이들을 체포할만한 증거는 없어 일단은 해당 테러범의 면회를 전면 금지하고 있는 상황입니다. 해당 수감자는 아주 완고한 태도로 단식투쟁을 이어가고 있어 단식중 사망할 가능성도 배제할 수 없습니다."
#,HUNGER STRIKE_0,면회 허용,"테러범과 테러범의 사상이 별로 마음에 들지는 않지만 감방에서 죽게 둘 수는 없습니다. 죽게 두었다가는 우리도 테러범과 수준이 별반 다를 것이 없다는 비난을 받을 수 있고, 무엇보다도 테러범을 순교자로 만들어 줄 가능성이 높습니다. 일단은 면회를 허용시켜 주어야 합니다."
#,HUNGER STRIKE_1,면회 금지,"테러범과는 협상하지 않습니다. 복잡하게 따질 것 없이 이 말 그대로 하면 됩니다. 테러범들은 협상이나 규정 완화를 우리가 약하다는 신호로 받아들일게 뻔합니다. 감방에서 단식투쟁하다 죽으면 본인 결정이지 우리가 상관할 일이 아닙니다."
#,IllegalImmigrationAmnesty,불법이민 사면,"어떻게든 우리나라에 불법체류자가 들어와 있는 것은 다들 알고 있는 사실입니다. 이러한 기존의 불법체류자들도 평범하게 일하고 세금을 낼 수 있도록 시민권 신청 자격을 부여하자는 사면 제안이 올라왔습니다."
#,IllegalImmigrationAmnesty_0,사면 거부,"세수를 확보하고 단속 부담을 줄이는 차원에서 매력적인 선택지라 느껴질 수도 있지만, 이렇게 사면을 해 주면 크게 잘못된 메시지를 보내게 됩니다. 우리 법을 어기고 들어와서 불법적으로 체류하고 있는 사람들에게 보상을 주어선 안됩니다. 결국에는 더 많은 사람들이 사면을 기대하고 불법 이민을 시도하는 결과만 낳을 것이 분명합니다."
#,IllegalImmigrationAmnesty_1,사면,"이민제한을 강화하건 완화하건 이미 들어와있는 사람들에겐 아무런 영향이 없습니다. 수많은 불법체류자들이 이미 수 년을 이 나라에서 거주하고 일해온 사람들입니다. 이들에게 합법적인 신분을 제공하는 편이 국가경제 활성화에도 도움이 되고 사회 통합에도 기여할 것입니다. 암시장과 같은 지하경제를 양성화하고 세금도 걷을 수 있을테니 전적으로 이득입니다."
#,ImprovedTenancyRights,임차인 권리 강화,"임대주택에 거주하는 세입자들 사이에서 법 개정을 통해 임차인 권리를 강화해야 한다는 주장이 나오고 있습니다. 세입자들은 집주인이 집수리 비용 책임을 떠넘기며 질질 끄는건 일상이고, 갑자기 집세를 감당할 수 없는 수준으로 인상하거나 아예 통보 없이 나가달라고 하는 등 항상 불안에 떨어야만 하는 세입자의 삶을 이제는 벗어나고 싶다고 말하고 있습니다."
#,ImprovedTenancyRights_0,현행법 유지,"주택 임대차시장은 전적으로 자유시장 원리에 따라 잘 굴러가고 있습니다. 집주인들도 결국 세입자를 받기 위해 서로 경쟁을 해야 하고, 세입자는 집세, 위치, 각종 평가 등을 따져가며 집을 자유롭게 선택할 수 있습니다. 굳이 잘 굴러가는 시장에 부담만 주는 법을 만들 필요가 없습니다. 집주인이 못살게 굴면 언제든지 다른 집으로 이사가면 그만입니다."
#,ImprovedTenancyRights_1,임차인 권리 강화,세입자들도 좋아서 임차를 하는 것이 아니라 집을 살 형편이 되지 못해서 남의 집에 세를 들어 살아가고 있습니다. 갑자기 집세가 오르거나 퇴거요구를 받는 상황으로부터 세입자들을 보호해주지 못한다면 이는 자기 집을 가지지 못했다는 이유 하나만으로 안정적이고 평온한 삶을 살 권리를 빼앗는 것에 불과합니다. 집주인들이 정말로 임차인 보호 의무를 다하고 있다면 합리적인 법 개정에 우려를 느낄 이유가 없습니다.
#,IncreasedSchoolInspections,학사시찰 강화,교수법과 학교 상태를 점검하는 현행 학사시찰제도가 미흡하게 운영되고 있고 학교 교육수준도 점차 떨어지고 있다는 지적이 나왔습니다. 교육시민단체는 시찰 빈도를 높여 제도를 강화해야한다는 의견입니다.
#,IncreasedSchoolInspections_0,시찰 강화,"교육도 결국 서비스인만큼 학부모들이 낸 학비나 세금이 어떻게 쓰이고 있는지 명확하게 보여줄 필요가 있습니다. 올바른 교사라면 추가 시찰이 와도 당연히 걱정할 것이 없을겁니다. 그리고 자기네 아이들이 어떤 교육을 받고 있는지 더 면밀히 점검하겠다는데 싫어할 학부모가 있겠습니까?"
#,IncreasedSchoolInspections_1,현행제도 유지,"아이들을 가르치는건 힘든 일이며, 정말 헌신적이고 전문성 있는 교사들이 박봉을 받아가면서 교단에 서고 있는 실정입니다. 시찰을 늘려봤자 쓸데없이 행정업무만 늘어나고 정말 교육을 연구하고 준비하는 시간은 오히려 더 줄어들겁니다. 지금도 교육을 위해 헌신하는 교사들에게 추가적인 시찰이 필요하다 하는 것은 공무원 전체에 대한 모독이나 다름이 없습니다."
#,InternetTracking,인터넷 트래킹,"대기업이 고객 데이터베이스와 빅데이터 분석기법을 소비자행동분석에 활용하는 사례가 점차 늘면서 개인정보 수집 논란이 점차 커지고 있습니다. 기업에서는 해당 데이터가 대부분 익명처리되어 유출 우려가 없으며 순수히 서비스 개선 목적으로만 활용하고 있다고 주장하지만, 시민단체에서는 형체없는 거대기업들이 소비자 동의도 없이 빅브라더식 데이터베이스를 구축하고 있다며 우려를 나타냈습니다."
#,InternetTracking_0,트래킹 금지,"이런 방식의 정보 수집은 정말이지 기분나쁜 일이기도 하고, 더 나아가 소비자에게 신원 도용 피해를 일으킬 수도 있습니다. 지금까지 기업들은 트래킹이나 고객이 하는 선택 하나하나 수집하거나 하는 일 없이도 잘 운영해 왔는데 이제와서 없으면 큰일난다고 할 수는 없습니다. 인터넷 이용자들에게는 어딜 가던지 추적하는 디지털 스파이가 따라붙을 걱정 없이 물건을 구매할 권리가 있습니다."
#,InternetTracking_1,트래킹 허용,"인터넷 트래킹 반대자들은 이게 무슨 사악한 짓인 양 과장하고 있습니다. 지금 쟁점은 기업들이 소비자 선호에 관한 정확한 정보를 수집해 제품을 개선하고 광고 타게팅 효과를 높일 수 있게 허용해 주어야 하는가 하는 아주 무해하고 현대 데이터 경제 시대에 아주 중요한 질문입니다. 이런데 정부가 개입할 필요는 전혀 없습니다."
#,InternetTracking_2,이용자 고지,"트래킹 금지는 좀 과하지만 이용자가 트래킹에 관해 알아야 할 필요는 분명히 있는 것 같습니다. 사이트 방문시 트래킹을 하고 있음을 알리는 팝업창을 띄워 고지하도록 한다면 다들 만족할만한 최선의 대책이 될 수 있지 않겠습니까?"
#,KeepRuralBanks,은행 지방영업점 유지,"텔레뱅킹과 인터넷뱅킹 사용이 늘면서 대형 은행들이 소형 지방영업점을 점차 폐쇄하고 있습니다. 하지만 해당 영업점들은 농촌에 거주하는 고령자들이 아직도 자주 찾고 있어 정부가 지방영업점을 유지하도록 강제해야 한다는 주장이 나오고 있습니다."
#,KeepRuralBanks_0,지방영업점 유지 강제,"젊은 사람들은 은행 지점이 불필요하다 느낄지 모르겠지만, 고령자들은 상당수가 지역 내 은행 이용을 선호하고 은행 지점은 농촌에서 중심지 역할을 하게 되기도 합니다. 지방에 있는 은행 지점들이 폐쇄된다면 이런 공동체에 큰 타격이 가는 만큼 폐쇄를 막아야 합니다."
#,KeepRuralBanks_1,영업점 폐쇄 허용,"지금이 1900년대도 아니고 말도 안됩니다! 정보화 시대에 은행 지점에 방문해야 한다는 발상 자체가 말도 안되는 소립니다. 얼마 지나지 않아 다들 인터넷 사용에 익숙해질게 뻔합니다. 게다가 은행 주주들 더러 적자를 내는 지점을 어떻게든 계속 유지하라고 강제하는게 공정한 처사라 할 수 있겠습니까?"
#,Laborday,노동절 기념행사,"이번 노동절에는 기념행사가 계획되어 있습니다. 하던대로면 노동조합들이 참가하는 집회 단상에 서서 축사를 했겠지만, 올해는 같은 날 신규 산업단지 준공식이 열릴 예정이며 여기에 투자한 외국인 투자자들이 각하를 초청했습니다. 이번 신규 산업단지는 지역경제를 활성화하고 저임금 일자리를 다수 제공할 것으로 예측되고 있습니다."
#,Laborday_0,노동절 집회 축사,"노동절은 노동자와 노동조합의 날이며, 노동절 집회에서 축사를 하는 것은 우리 사회의 전통이자 큰 영예입니다. 요즘같이 노동자에게 많은 고난이 불어닥친 불안정한 시기에는 정부가 노동자의 편에 서서 일자리를 보호하는데 최선을 다할 것임을 확인시켜 주어야 합니다."
#,Laborday_1,외국인투자자 행사 참석,"노동조합의 요구를 들어주는 것도 충분히 중요하지만, 일자리의 창출이야 말로 정말이지 중요한 일이며 외국인 투자자 없이는 절대 쉬운 일이 아닙니다. 이번 준공식에 참석하면 투자에 대해 감사의 뜻도 표할 수 있고 더 많은 투자 유치 기회를 얻을수도 있습니다. 노동절 행사는 내년부터 다시 참석하시면 됩니다."
#,LayWreathForGeneral,장군 빈소에 헌화,"군에서 오랫동안 복무해왔던 장성이 최근 별세했는데, 빈소에 헌화를 할지의 여부에 이목이 집중되고 있습니다. 군인으로서는 영웅이었지만, 말년에는 인종차별과 여성혐오, 가혹행위 논란 등으로 많은 비판을 받기도 한 인물인 만큼 다들 주목하는 모양새입니다."
#,LayWreathForGeneral_0,헌화,"장례식에 참석해 헌화를 하는 것은 그동안 한 목숨 바쳐 나라를 지켜온 군인에게 경의를 표하는 것이지 말년에 있었던 일을 전부 묵인하겠다는 의미가 아닙니다. 헌화 거부는 그저 저속한 정치적 메시지에 불과하며 군을 모독하고 나라를 위해 헌신하는 모든 군인들에게 모멸감을 주는 행위입니다."
#,LayWreathForGeneral_1,헌화 거부,"군 경력과는 별개로 말년의 그 모든 논란들에는 변명의 여지가 없습니다. 이런 나쁜 행실을 보인 인물에게 헌화를 한다면 이는 우리가 소수민족, 여성, 가혹행위 피해자 모두를 무시한다고 공공연히 말하는 것이나 다름이 없습니다. 그러니 논란에 대해 올바른 태도를 보여주고 싶다면 헌화를 거부해야 합니다."
#,LGBTLessonsInSchool,학내 성소수자 교육,"성교육은 항상 정치적 논쟁이 끊이지 않았는데, 이번에는 아이들에게 동성애에 관해 가르쳐도 좋은지에 관한 논쟁이 뉴스를 타면서 다시 불이 붙는 모양새입니다. 학내에서의 성소수자 교육을 지지하는지 반대하는지 명확하게 의견을 표명해야 할 때인 것 같습니다."
#,LGBTLessonsInSchool_0,성소수자 교육 지지,"학교는 우리 아이들이 실제 사회에 나가서 필요할 것들을 교육시키고 준비시키기 위해 존재합니다. 그리고 동성애 역시 우리 사회의 일부죠. 자신의 성적 정체성에 의문을 가지고 있는 아이의 입장이 되어보면, 당연히 학교 선생님들을 통해 진실을 배우고 싶어하지 극단적인 견해를 가진 일부 종교인이나 부모들로부터 압박을 받길 원하지는 않을 것입니다."
#,LGBTLessonsInSchool_1,성소수자 교육 반대,"우리 아이들은 이미 성의 특성이다 인간관계 이해다 하는걸 가르치는 포괄적 성교육만 해도 혼란스러워 하고 있는데 굳이 이런식으로 극단 진보주의 선전에까지 나서는게 맞겠습니까? 학교를 이런 논쟁때문에 엉망으로 만들어서는 안될 뿐만 아니라 어차피 학생들은 성 정체성같은걸 따지기엔 너무 어립니다."
#,Merger,인수합병,"한 대형 IT기업에서 주요 경쟁사 하나를 인수합병할 계획이라고 발표했습니다. 아직 정부의 인허가 절차가 남아있지만, 인수합병이 성사된다면 또 하나의 거대기업이 탄생하는 지각변동이 일어날 것으로 예측됩니다."
#,Merger_0,인수합병 허가,"이번 인수합병을 불허할 합당한 이유가 없습니다. 세계시장의 장벽이 빠르게 허물어지는 상황에서 우리 기업들이 더 크게 성장하는 것이야 말로 경쟁력을 확보할 가장 좋은 방법입니다. 우리 기업들이 더 커져야 세계시장에서 살아남고 성공할 수 있습니다."
#,Merger_1,인수합병 불허,"자유시장은 경쟁원리라는 기반 위에서만 작동할 수 있습니다. 이번 인수합병은 시장 내 경쟁을 제한해 소비자의 선택지를 줄일 뿐만 아니라 합병 후 중복부서 구조조정으로도 이어질 것이 틀림없습니다. 또한 허가를 내주면 정부가 또다시 대기업만 편들어주고 약자는 무시한다는 오명을 쓰게 될 것입니다. 중소기업계와 노동조합도 정부에 이번 인수합병을 불허해야 한다고 촉구하고 나섰습니다."
#,OilDrilling,석유 시추 제안,석유기업들이 야생동물보호구역의 석유시추를 허가해줄 것을 요구하고 있습니다. 보호구역 아래의 유전은 상당한 규모이지만 시추 과정에서 환경 파괴는 불가피할 것으로 예상됩니다.
#,OilDrilling_0,시추 허가,"지금 수십억 배럴의 원유가 땅 속에 묻혀있는데 현행법이 시추를 막고 있습니다. 이로인해 결국 석유를 외국에서 수입해야 하는 신세입니다. 시추를 통해 얻을 수 있는 에너지 안보 이익을 생각하면 환경에 미치는 영향은 실로 미미하다고 할 수 있습니다. 환경 파괴 안하면 좋긴 하겠지만, 여기서 포기하면 결국 앞으로도 계속 외국에서 수입한 석유에 의존해야만 할 것입니다."
#,OilDrilling_1,시추 금지,"앞으로 석유 탐사 과정만 해도 소중한 야생동물보호구역이 쑥대밭이 될 것입니다. 보호구역은 아주 가치가 높은 국보급 유산이고, 그저 국내 석유생산을 늘리자고 이걸 훼손하는건 범죄나 다름이 없습니다. 이번에 보호구역에서 석유 시추를 한다고 석유 수입의존도를 0으로 만들 수는 없겠지만 우리 미래세대에게 물려주어야 할 자연 환경을 파괴할 것임은 분명합니다."
#,PeopleSmuggling,밀입국자,"화물 컨테이너에 숨어 조직적으로 밀입국을 시도하던 외국인들이 대거 적발되었습니다. 이번 밀입국을 알선한 총책 역시 체포되었지만, 밀입국자의 본국 추방 여부를 두고 논쟁이 일고 있습니다."
#,PeopleSmuggling_0,체류 허가,"이번에 밀입국을 시도한 사람들은 본국에서 가난이나 박해, 심지어는 죽음을 피하려고 필사적으로 떠나왔다는 유력한 증거가 있습니다. 여기까지 오기 위해 이 사람들이 겪은 그 수많은 고생만 보아도 그렇습니다. 절박한 마음으로 여기까지 온 사람들을 추방하는건 너무나도 비인도적인 처사입니다."
#,PeopleSmuggling_1,국외추방,"이번에 체류를 허가해주는건 불법으로 밀입국하려는 사람들에게 잘못된 메시지를 보내는 것입니다. 이미 일자리를 찾아서 넘어오는 불법체류자 문제만 해도 충분히 골치가 아픕니다. 다소 안타깝긴 하나, 본국으로 돌려보내는 것이 합당한 결정입니다."
#,POSITIVE DISCRIMINATION,적극적 우대조치,"대기업과 공공기관이 소수민족 등의 소수자를 일정 이상 채용하도록 할당제를 법으로 의무화해야 한다는 주장이 나오고 있습니다. 이러한 법이 통과되면 기업은 이제 인종, 성별, 연령 등에 기반해 특정 구직자를 우선 채용할 의무를 지게 됩니다."
#,POSITIVE DISCRIMINATION_0,법안 통과,"이 법안은 통과되어야 합니다. 나이가 너무 많거나 적다는 이유로 채용이 거부당하는건 말도 안되는 일입니다. 또한 인권의 측면에서 보면, 이 법안은 그동안 계속 차별받아온 소수민족, 여성, 노년층, 장애인에게 주어져야 할 합당한 보상에 불과합니다."
#,POSITIVE DISCRIMINATION_1,입법 거부,"이건 잘못된 법안입니다. 차별을 고치려고 다시 차별을 이용하는건 말도 안되는 소립니다. 오히려 소수자에 해당하는 사람들이 자신의 지위나 성과를 스스로 이룬 성취로 받아들이지 못하게 하고, 구직에 실패한 사람들에게 불만만 심어주는 등의 문제만 일으킬 것입니다."
#,Powerlines,송전선,"마을 위로 송전선이 지나갈 예정이라는 소식에 분노한 주민들이 항의시위에 나섰습니다. 이번에 지어질 송전선은 재생에너지 이용 확대를 위해 계획된 바 있습니다. 건설을 중단한다면 우리 경제에 타격을 주겠지만, 주민들의 의견을 무시하고 강행했다가는 더 큰 반발을 사고 반대운동에도 힘이 붙을 가능성이 높습니다."
#,Powerlines_0,건설 강행,"자기 집 근처에 송전선 지나가는걸 좋아하는 사람이야 없겠지만, 결국 어딘가에 짓기는 해야합니다. 그리고 이 마을 주민들도 얼마 전까지만 해도 청정에너지 확대를 요구해온 사람들입니다. 송전선 건설을 진행시켜야 합니다."
#,Powerlines_1,건설 중단,"송전선을 지중화하는 등 대안이 충분히 있을겁니다. 그리고 송전선 인근에 거주하는 주민들에게 건강상의 위험이 생길 수 있다는 주장도 제기되는 상황입니다. 위험을 감수하느니 일단은 안전한 쪽을 택합시다."
#,PublicLandLaw,부동산공법,"우리 국토 상당부분은 사유지로, 도보를 통한 접근이 땅 주인에 의해 제한된 경우가 많습니다. 이에 일정 기준을 두고 여행자나 보행자가 농촌지역에서도 자유롭게 통행할 수 있게 땅 주인이 접근권을 보장해주도록 강제하는 법안을 통과시켜야 한다는 움직임이 커지고 있습니다."
#,PublicLandLaw_0,입법 거부,"사유지는 어디까지나 사유지입니다. 이건 사적 소유와 자본주의의 가장 근본되는 부분입니다. 주인이 자기 땅에 다른사람이 드나드는걸 막고 싶으면 당연히 막을 수 있어야 하는게 당연합니다. 지금 이런 움직임은 만사에 불만인 사회주의자들이 통행권을 구실삼아 계급투쟁을 벌이는 것에 불과합니다."
#,PublicLandLaw_1,입법 지지,"도시가 심하게 과밀화된 상황에 그 넓고 쓰이지도 않는 땅들을 몇몇 개개인들 소유라고 건드리지 못하는 상황은 정상이 아닙니다. 이번 법안은 모든 시민들이 우리 농촌의 아름다움을 즐길 수 있게 하려는 것이지, 땅 주인의 재산권이나 소유권을 뺏어가는게 아닙니다. 이 정도면 좋은 타협안이 아니겠습니까."
#,PublicRightsOfWay,공공통행권 확대,"국토에 점차 주택이 빼곡하게 들어서게 되면서, 과거에는 여행자나 보행자들이 지나다니던 통로가 막히고 사유지로 취급되는 사례가 빠르게 늘고 있습니다. 사회주의 단체에서는 이러한 상황을 비판하면서 정부가 공공통행권의 보호범위를 확대해 대응에 나설 것을 촉구했습니다."
#,PublicRightsOfWay_0,조치 없음,"사유지는 농지건 공업용지건 정원이건 뒷마당이건 어떻게 쓰건 간에 어디까지나 사유지입니다! 그저 상당한 기간을 다들 통행로로 써왔던 곳이라 해서 엄연한 사유지를 무단침입하는걸 통행권이라 부르는건 터무니없는 발상입니다. 이미 공공 도로와 공원이 넘치도록 있는데 왜 사유지까지 통행로로 써야 한다는 말입니까."
#,PublicRightsOfWay_1,통행권 확대,국토 상당부분이 사유지로 넘어가면서 농촌지역의 통행권 또한 우려스러운 수준으로 제한이 이루어지고 있습니다. 그냥 가끔 보행자나 여행객들이 길이 난 대로 좀 통과해서 가는게 농부에게 그렇게나 문제가 될 일입니까? 우리 농촌과 산책로는 모두가 편하게 돌아다닐 수 있어야 합니다.
#,PUBLIC SMOKING BAN,공공장소 금연법,흡연과 각종 건강문제 사이에는 여러 연관성이 있다고 의심되고 있습니다. 금연단체에서는 금연을 장려하는 차원에서 공공장소에서의 흡연을 전면 금지해야 한다고 주장하고 나섰습니다.
#,PUBLIC SMOKING BAN_0,공공장소 흡연금지,공공장소 금연은 흡연관련 질환으로 사망하는 사람의 수를 줄이기 위한 중요한 발걸음입니다. 국민 건강을 위해 이런 법을 통과시키는 것이야말로 국가의 의무입니다.
#,PUBLIC SMOKING BAN_1,현행법 유지,"나라가 개인의 삶에 이래라 저래라 해서는 안됩니다. 이건 전적으로 과민반응이고 국민의 일반행동자유권에 대한 침해입니다. 흡연이 합법이라면 당연히 공공장소에서 흡연하는 것도 개인의 자유로 보아야 합니다. 본인의 건강에 관해 어떤 선택을 하는지는 본인의 자유입니다."
#,ReasonableForceLaw,정당방위 요건,"농촌에서 집주인이 자택에 침입한 십대 절도범을 총으로 쏴 숨지게 만든 사건에서 집주인이 과실치사로 기소되면서, 자기 재산을 보호하기 위한 정당방위가 어디까지 인정되어야 하는지를 규정하는 현행 법조항에 이목이 집중되고 있습니다."
#,ReasonableForceLaw_0,정당방위 요건 강화,"아무리 자기 재산을 지켜야 한다고 해도 남의 목숨을 빼앗을 권리는 없습니다. 어떤 경우에도 생명이 재산보다 우선시되어야 합니다. 절도범을 동정할 필요는 없지만, 폭력적인 사적제재를 허용해주는건 결코 해결책이 될 수 없습니다."
#,ReasonableForceLaw_1,정당방위 요건 완화,"경찰이 오지 않을 시골에서 자기 집에 침입한 범인을 보고 놀라서 실랑이를 벌이다 죽게 만든게 애초에 기소 이전에 체포가 될만한 일이라는 것 부터가 터무니없는 소립니다. 어떤 상황에서도 자신의 재산을 지키기 위해 물리력을 사용할 권리가 누구에게나 있음을 분명히 해야 할 때입니다."
#,ReasonableForceLaw_2,재산권의 정당방위 무제한 허용,"이번 기회에 경찰은 앞으로 집주인이 방위목적으로 어떤 수단을 동원하건 신경쓰지 않을 것임을 분명히 해야 합니다. 절도범이 남의 집 주방에서 기관총에 쓰러지면 그건 그냥 업보인겁니다."
#,ReligiousSymbols,학내 종교상징물 금지법,"공립학교 내 학생의 종교상징물 착용을 금지하는 법을 통과시켜야 한다는 주장이 거세지고 있습니다. 금지법이 통과되면 무슬림 여학생의 히잡 착용이나 기독교도 학생의 십자가 착용이 금지될 예정입니다."
#,ReligiousSymbols_0,금지법 상정,"학교는 아이들이 학습하는 곳이지 얼마나 종교를 독실하게 믿는지 보여주려고 다니는게 아닙니다. 모든 학생들이 무엇을 착용하는지로 구별되지 않게 막는다면 종교간 평등과 통합을 차별없이 보장할 수 있을 것입니다. 이건 그냥 정교분리의 적용 범위를 합리적으로 확장하자는 이야깁니다. 교회나 모스크에서 뭘 착용하건 자유겠지만 공립학교에서는 그렇지 않을 뿐입니다."
#,ReligiousSymbols_1,금지법 거부,"이건 이슬람교를 차별하는 법에 불과합니다. 이 금지법 때문에 정말로 기독교 십자가 착용이 금지될거라 생각하는 사람이 도대체 있기는 할지 잘 생각해보면, 이건 그냥 무슬림 학생들이 원하는 방식대로 의복을 착용하는걸 막으려는 구실에 불과합니다. 결국에는 사회의 분열과 차별만 야기하고 학내에서 종교갈등을 심화시킬 것이 뻔합니다."
#,RoyalScandal,왕실 스캔들,"왕실 가족의 유명 일원이 유죄 판결을 받은 성범죄자와 수상할 정도로 많은 시간을 보내왔다는 의혹이 제기되면서 파문이 일고 있습니다. 해당 인물은 이번 판결 전부터 각종 부도덕한 사건에 연루되어 입방아에 오르내렸던 만큼, 이번 사건은 좋게 봐도 판단력 부족이라 할 수밖에 없고 일각에서는 크게 의심하기까지 하는 분위기입니다. 우리 정부에서는 어떻게 반응하면 좋겠습니까?"
#,RoyalScandal_0,왕실 옹호,"현 정부가 왕실을 공개적으로 비난하길 바라는 사람이 어디에 있겠습니까. 그랬다가는 헌정상 난맥으로 이어지고 대단히 비애국적인 행위로 낙인찍힐 것이 뻔합니다. 공식 논평을 통해 지금까지 제기된 의혹은 어디까지나 의혹에 불과하며 연좌제식으로 엮는건 부적절하다고 입장을 밝혀야 합니다."
#,RoyalScandal_1,왕실 비판,"어떻게 이런 일에 아무 일 아닌 양 뒷짐지고 서있을 수 있습니까? 지금 정부 공식논평으로 왕실 폐지를 요구해라 하는 것도 아니고, 그저 논평에서 이런 행위는 용납하기 어려운 일이라 분명하게 입장을 표명하는 편이 적절하다는 것 뿐입니다. 여기서까지 왕당파나 애국자들 눈치를 볼 필요는 없습니다."
#,RuleOutFirstStrike,대량살상무기 선제타격 배제,"대량살상무기는 이론적으로 최후의 수단으로 설정된 무기이며 실제로는 억지력으로만 활용이 됩니다. 이에 기반해 대량살상무기의 선제타격 배제원칙을 공개 천명해야 한다는 주장이 힘을 얻고 있습니다."
#,RuleOutFirstStrike_0,선제타격 배제,"이는 우리가 대량살상무기를 보유하는 목적을 다시 확인시켜주는 것에 불과합니다. 우리나라는 대외적으로 영토확장을 하지 않겠다고 밝힌 국가인 만큼, 대량살상무기를 전적으로 외국의 침략으로부터 국토를 방위하기 위한 수단으로 보유하고 있습니다. 이는 또한 타국도 같은 원칙을 천명하도록 압박해 국제적인 긴장을 줄이고 더 안전한 세계로 나아가는 첫 걸음이 될 수 있습니다.
#,RuleOutFirstStrike_1,논평 거부,"우리 전략을 누구든 볼 수 있게 세계에 공표해서 우리 군의 손발을 묶는건 미친짓입니다. 우리의 가상적국에서 이러한 원칙을 천명하려고 하는 움직임이 현재 없음은 분명합니다. 선제타격 배제를 하고 싶다면 저들이 먼저 해야 할 일이지 우리가 서두를 필요는 없습니다."
#,SafeguardOilSupplies,석유 공급 보호조치,국내 석유기업 대표들이 중동지역의 정유시설을 테러 공격으로부터 보호하기 위해 정부가 파병해줄 것을 요청해 왔습니다. 관련국 정부들은 정유시설 보호목적 주둔이라면 환영이라는 입장입니다.
#,SafeguardOilSupplies_0,파병,"이럴 때 쓰려고 군대를 보유하고 있는만큼 파병을 주저해서는 안됩니다. 국제테러단체들에게 우리 정부는 석유 공급을 보호하기 위해 단호한 조치를 취할 준비가 언제든 되어있음을 분명하게 보여주어야 합니다. 이번 파병은 침공 따위가 아니라 외국에 있는 우리 산업의 핵심 공급망에 추가적인 안보수단을 제공하는 측면에서 보아야 합니다. 또한 파병이 이루어지지 않는다면 석유 공급에 문제가 생길 것이 분명한 상황입니다."
#,SafeguardOilSupplies_1,파병 거부,"파병 의도가 무엇이 되었건 간에, 교전준비태세를 갖추고 중무장한 우리 국군이 외국 영토에 상륙한다라는 사건이 갖는 상징성은 주변국에 큰 반발을 일으킬 가능성이 높습니다. 국제문제로 비화될 가능성도 있으며, 이로 인해 테러공격에 더 많이 노출될 가능성 또한 배제할 수 없습니다. 우리 국군은 석유기업의 경비부대로 쓰려고 만든게 아닙니다."
#,SchoolSponsorship,학교투자협약,많은 대기업들이 학교투자협약에 관심을 보이고 있습니다. 교과서부터 스포츠 센터 건립에 이르기까지 다양한 지원을 무상으로 제공하고 이를 기업 브랜드와 제품 홍보 기회로 이용하고 싶다는 것입니다.
#,SchoolSponsorship_0,기업협찬 허가,교육 자재를 무상으로 제공하겠다는데 제정신이라면 당연히 받아들여야 합니다. 우리 학교에 기업들이 짓겠다고 나선 최첨단 시설들을 정부 교육예산을 가지고 제공하는건 불가능에 가깝습니다. 이런 큰 투자를 받는데 교내 도서에 기업 로고 박아주는 정도야 받아들일만한 댓가입니다.
#,SchoolSponsorship_1,기업협찬 금지,"우리 학교는 아이들이 교육을 받는 곳이지 특정 콜라 브랜드를 아이들 머리에 때려박으라고 만든게 아닙니다. 안그래도 이미 사회 곳곳에 광고가 넘쳐나는데 마지막 청정지역인 학교마저 넘어가게 둘 수는 없습니다. 대기업이 교육을 집어삼키게 두어선 안됩니다!"
#,SharedParentalLeave,부부공유 육아휴직,"예로부터 유급 육아휴직은 여성만이 사용해 왔으나, 최근들어 부부가 육아휴직을 서로 맞는 시간대로 나누어 사용할 수 있도록 육아휴직 공유를 허용해야 한다는 주장이 제기되고 있습니다. 육아휴직도 나누어 쓸 수 있어야 성평등 사회로 나아갈 수 있다는 주장입니다."
#,SharedParentalLeave_0,여성전용으로 유지,"굳이 육아휴직 공유를 허용해주어야 할 필요가 없습니다. 그냥 육아휴직 제도만 복잡하게 만들 뿐이고, 대다수 부모들은 직장을 휴직하고 신생아를 돌보기엔 여성이 더 적합하다는 점을 인정하고 있습니다. 이 제안은 그저 성별간 차이가 없다고 우기는 진영과 영합하려는 시도에 불과합니다."
#,SharedParentalLeave_1,육아휴직 공유 허용,"요즘같은 시대에 아이가 태어나면 나오는 유급 육아휴직을 부모 중 어느 쪽이 얼마나 쓸지를 국가에서 일괄적으로 정하는 대신 부모들이 알아서 정할 수 있게 하자는 주장에는 일리가 있습니다. 요즘은 더 이상 여성만이 육아를 전담해야 하는 세상이 아니며, 현행 육아휴직 제도는 구시대적 관점에 틀어박힌 성차별의 잔재에 불과합니다."
#,SingleUsePlasticBan,일회용 플라스틱 금지법,"국내의 수원지와 인근 해양, 심지어는 대기중에서도 상당한 플라스틱 오염이 발견되고 있다는 충격적인 연구 결과에 과학자들이 일회용 플라스틱 사용을 전면 금지시켜 플라스틱 오염 문제를 조절해야 한다는 주장을 내놨습니다."
#,SingleUsePlasticBan_0,일회용 플라스틱 사용 금지,"분해되는데 수백 년이 걸리고 수원지를 오염시킬 수도 있는 일회용 플라스틱 포장재를 기업들이 계속 사용할 수 있도록 허용해주는건 정말 말도 안되는 일입니다. 다른 포장재도 충분히 존재하는 만큼, 정부가 법규를 통해 기업들이 올바른 방향으로 나아가고 지속가능한 제품으로 교체하도록 만들어야만 합니다."
#,SingleUsePlasticBan_1,일회용 플라스틱 사용 허용,"그냥 사람들 만족시키기에는 쉬운 변화처럼 들리겠지만, 산업계에 미칠 파장은 막대합니다. 좋든 싫든 다들 저렴한 일회용 플라스틱을 편하게 쓰고 있는건 사실입니다. 이걸 금지시킨다면 우리 중소기업들이 막대한 비용부담과 규제로 어려움을 겪게 되고 국가경제도 상당한 어려움을 겪을 것입니다. 외국 기업들은 평소처럼 일회용 플라스틱을 계속 써대는 동안 말이죠."
#,SpeedLimits,속도 제한,주요 운전자 단체에서 주요 도로의 제한속도를 올려달라고 대정부 로비에 나섰습니다. 속도제한이 설정된 이후 많은 시간이 지나 차량의 속력이나 제동능력이 많이 발전한만큼 속도제한을 올릴 때가 되었다는 입장입니다.
#,SpeedLimits_0,제한속도 상향,"자동차는 자동차가 적기를 든 마차를 따라가던 시대부터 지금까지 계속 달려왔습니다. 전국적으로 제한속도는 정말 터무니없이 낮은 상태로, 제한을 무시하고 과속을 하는 행태가 만연합니다. 현행 속도제한은 사실상 운전자들 보고 교통법규를 어기라고 존재하는 것이나 마찬가지고, 합리적인 수준으로 제한이 올라가기 전까지는 실질적인 효력을 회복할 수 없을 것입니다. 지금 바로 제한속도 상향에 들어가야 합니다."
#,SpeedLimits_1,현행기준 유지,"속도제한은 다 이유가 있어서 하는겁니다. 현재 교통사고로 사망하는 사람 수는 적지 않으며, 속력은 교통사고 생존률에 큰 영향을 주는 변수입니다. 현재 속도제한을 어기는 사람들이 많은 것은 사실이나, 제한속도를 올리면 그만큼 더 빠르고 위험하게 운전할 것이 뻔합니다. 현행기준을 유지해야 합니다."
#,SQUATTERS RIGHTS,빈집 무단점유,"수도 부촌지역의 커다란 빈집 하나가 노숙자들에게 점거당한 상태입니다. 점거당한 주택은 수 년간 사용되지 않고 비어있는 상태였는데, 이에 법률가들이 무단점유자의 소유권 점유취득 여부를 두고 논쟁을 벌이고 있습니다. 집주인은 이들을 퇴거시켜 주기를 원하는 상황입니다."
#,SQUATTERS RIGHTS_0,무단점유자의 소유권 인정,"살 곳이 없는 시민들이 있는 상황에 누군가는 너무나도 부유해 주택을 여러 채 보유하고도 이용하지 않고 있다면, 이 빈집들을 좋은데 활용하는게 합당한 일입니다. 집주인이 수 년간 해당 부동산이 필요가 없음을 보여준 셈이니 현재 점유자들에게 법적으로 소유권이 이전되어야 합니다."
#,SQUATTERS RIGHTS_1,무단점유자 퇴거명령,"이런식으로 남의 재산을 도둑들에게 넘겨주는건 위험한 선례를 남깁니다. 너무나도 부유해서 부동산을 사놓고 비워둔다 한들 그건 집주인 결정입니다. 무단점유자들이 합법적으로 저축해서 집을 사는걸 누가 못하게 막는 것도 아니고 지금 집주인도 그런 식으로 집주인이 되었을겁니다. 경찰을 보내서 저들을 퇴거시켜야 합니다."
#,STOP AND SEARCH POLICE POWERS,불심검문,경찰 일선에서 범죄 혐의가 추정되는 사람을 길거리에서 바로 불심검문할 수 있는 권한이 필요하다는 요구가 나오고 있습니다. 현재 경찰은 체포 절차를 거치지 않고서는 사람을 수색할 수 없게 되어있습니다.
#,STOP AND SEARCH POLICE POWERS_0,권한 부여,"불심검문은 범죄에 대처하는 데에 큰 역할을 할 도구이며 강력범죄와 길거리범죄에 특히 효과적일 것입니다. 우리 시민들이 숨길게 없다면 불심검문법을 두려워할 일도 없습니다."
#,STOP AND SEARCH POLICE POWERS_1,현행제도 유지,"이건 대단히 위험한 주장입니다. 특정 인종에만 마구잡이로 사용될 가능성이 크고, 지역공동체와 경찰 사이 거리감만 키울 것입니다. 우리 시민들은 법이 허용하는 범위를 명백히 벗어나지 않는 한 공권력의 간섭을 받지 않고 자유롭게 행동할 수 있어야 합니다."
#,Streamer,인터넷 방송인의 생일 축하 노래,"한 유명 인터넷 방송인이 각하의 생일에 축하 노래로 공연을 하고 싶다는 제안을 해왔습니다. 해당 여성 인터넷 방송인은 짧은 옷을 입고 성적인 소재로 노래를 부르는 등의 컨텐츠로 젊은층에서 크게 인기를 끌었습니다."
#,Streamer_0,제안 수락,이번 제안은 대단히 영광스런 일이기도 하고 전국적으로 젊은층에게 인기를 좀 얻어볼 좋은 기회이기도 합니다. 그냥 공연 당일 좀 날씨가 추워서 노출도가 낮은 옷을 입고 오기를 빌어봅시다.
#,Streamer_1,제안 거절,"아주 유명하고 성공한 여성 인터넷 방송인이기는 하나, 우리 청년층에게 롤모델이 될 수 없음은 분명합니다. 생일축하는 그냥 작고 조용하게 치르고 좀 더 중요한 정치적인 문제에 집중하는 편이 좋겠습니다."
#,StricterDrivingTests,운전면허시험 강화,"운전자들이 좀 더 안전하게 운전하고 각종 도로 상황에 더 잘 대처할 수 있도록 운전면허시험에 제도적인 강화가 필요하다는 주장이 제기되고 있습니다."
#,StricterDrivingTests_0,면허시험 강화,"현행 운전면허시험은 예전에 자동차 속도가 시속 30km에 6차선 고속도로는 있지도 않던 시절이라면 괜찮았을지 몰라도 이제는 시대가 변했습니다. 운전자의 주의력을 분산시키는 휴대전화 사용이 크게 늘었다거나, 별다른 주행 경험 없이도 각종 기상상황에서 매우 빠르게 주행할 수 있는 차량이 나오는 등 사고 위험이 더욱 커졌습니다. 매년 교통사고로 사망하는 수많은 아이들을 지키기 위해서라도 면허시험 강화가 필요한 때입니다."
#,StricterDrivingTests_1,현행제도 유지,"굳이 면허시험을 바꿔야 할 필요가 없습니다. 각종 충돌감지와 충돌안전 시스템과 같은 현대기술의 성취 덕분에 자동차는 계속 안전해지고 있기 때문입니다. 지금도 운전면허시험을 통과하려면 너무나도 많은 비용과 시간이 소모가 되는 실정입니다. 굳이 앞으로 차를 운전하게 될 젊은층에게 부담을 줄 필요는 없습니다."
#,SupportDemocracyProtesters,민주화 시위대 지지,"우리나라와 역사적으로 접점이 있었던 한 외국에서 시위가 벌어지고 있습니다. 해당 국가는 우리의 중요한 무역 상대국이지만 동시에 권위주의 정권의 통치가 이어지고 있어 각계에서 우리 정부가 시위대를 공개 지지해야 한다고 압박하고 있습니다."
#,SupportDemocracyProtesters_0,시위대 지지,"이건 민주주의를 지지하냐 아니냐의 문제입니다. 전혀 복잡할 것이 없습니다. 지금 해당 국가의 권위주의 정권에 시위대가 합당한 요구를 하며 맞서는 상황이 맞다고 생각한다면, 당연히 원칙에 따라 시위대를 지지해야 할 일이지 무역으로 버는 돈 때문에 못본 체 침묵해서는 안됩니다."
#,SupportDemocracyProtesters_1,논평 거부,만약에 민주주의 국가에도 흔히 있는 반정부 시위를 두고 외국 지도자가 시위대를 공개 지지하거나 한다면 우리쪽에서도 분노가 터져나올 가능성이 높습니다. 비교적 소수에 불과한 시위대 편을 들어주었다가는 지금 무역 상대국과의 외교 관계가 크게 악화될 것입니다.
#,SurgicalStrikes!,정밀타격!,"국내 기업이 중동지역에 보유한 주요 파이프라인이 최근 테러단체의 공격 대상이 되면서 석유 공급에 대한 우려의 목소리가 나오고 있습니다. 석유 공급 보호를 위해 군에서는 목표물을 신중하게 정밀타격하는 방식으로 대응하자는 제안을 내놓았습니다."
#,SurgicalStrikes!_0,정밀타격 명령,최근들어 테러가 실질적인 안보 위협이 되고 있을 뿐만 아니라 유가 상승 자체도 경제성장에 악영향을 줍니다. 정밀타격은 우리 장병들을 사지로 내몰지 않고도 테러단체의 활동을 방해할 수 있는 좋은 수단입니다. 즉각 공습을 시작해 테러범들이 우세를 점하기 전에 막아야 합니다.
#,SurgicalStrikes!_1,교전 금지,"중동지역의 각종 분쟁은 사회경제적인 원인이 복합적으로 작용한 결과이고, 테러단체 수장을 폭격한다고 해결될 일이 아닙니다. 개입을 해야겠다면 비용이 많이 들더라도 지상전으로 제압한 뒤 지역을 재건하는 방식으로 해야지 중동지역 문제 해결에 제대로 접근할 수 있습니다."
#,TestBanTreaty,핵실험 금지 조약,국제연합이 우리나라에 연구목적의 핵실험을 일체 금지하는 조약에 서명을 압박하고 있습니다. 다른 수많은 국가들도 이미 서명을 마친 상태이며 외교 채널을 통해 우리측에 압력을 가하고 있는 상황입니다.
#,TestBanTreaty_0,조약 서명,"지금 현세대 무기가 작동이나 성능에 문제가 있는 상황이 아닌만큼 더이상의 핵실험을 진행해야 할 필요가 없습니다. 조약에 서명하면 환경운동가들도 좋아할 것이고 국제무대에서도 좋은 반응을 얻을 수 있을겁니다."
#,TestBanTreaty_1,서명 거부,"제한적인 핵실험을 수행할 권리를 유보하는 것은 매우 중요합니다. 너무나도 위험한 세계에 살아가는 만큼 핵 억지력은 국방에 핵심적인 부분이 될 수밖에 없습니다. 국방문제에 있어서는 그 어느 나라도 이래라 저래라 할 자격이 없습니다. 또한, 핵무기 작동여부를 제대로 확인하려면 핵실험이 필수적입니다."
#,TortureDeportation,고문위험자 추방,"경찰이 한 불법체류자를 사기 혐의로 체포했습니다. 별다른 사유가 없다면 해당 피의자는 본국으로 강제 추방 절차를 밟게 됩니다. 하지만 해당 피의자가 본국에 송환되면 본국 정부에게 고문을 당할 것이라 주장하며 체류 허가를 요청하고 있습니다."
#,TortureDeportation_0,강제 추방,"결국 다 본인이 자초한 일입니다. 여기에 입국도 불법으로 하고 입국하고 나서도 범죄행위를 저질러 왔습니다. 입국한 즉시 정치적 망명을 신청하고 범죄의 길에 들어서지 않았더라면 일이 이렇게 되지는 않았을겁니다. 어쨌든 고문 위험에 관해서는 완전히 신뢰하기 어렵습니다."
#,TortureDeportation_1,체류 허가,"어떻게 봐도 모범시민과는 매우 거리가 먼 인물이기는 하나, 사기꾼이라 해서 고문당해도 된다고 할 수는 없습니다. 정말로 고문 사용을 원칙의 측면에서 반대한다면, 해당 피의자의 과거야 어쨌건 본국으로 송환시키는 사실상의 고문에 대한 자발적 관여 행위를 하지 않겠다고 분명히 해야 합니다. 여기서 해당 피의자를 강제 추방하면 사실상의 사형 선고나 다름이 없을지도 모릅니다."
#,ToxicWasteDump,유해폐기물 처리장,"우리나라에 대형 유해폐기물 처리장을 건설하자는 제안이 올라왔습니다. 계획된 시설 규모는 매우 거대해 건설 과정에서 많은 일자리를 창출할 것으로 예측되지만, 환경에 미치는 영향에 관해 우려의 목소리도 나오고 있습니다."
#,ToxicWasteDump_0,처리장 허가,"뒷마당에 유해폐기물이 들어오길 원하는 사람이야 당연히 없겠지만, 건설 과정에서 생기는 일자리와 시설 운영에서 나올 경제적 이익을 외면하는건 정말이지 바보짓입니다. 시골지방에 지으면 주변에 사람도 없어 위험도 덜할 것이고 지방 일자리 부족 문제도 해결할 수 있을겁니다."
#,ToxicWasteDump_1,건설 금지,"일자리가 얼마나 생기고 돈이 얼마나 들어올지가 중요한게 아닙니다. 이런 식으로 우리 국토를 남의 나라 쓰레기통으로 빌려주자는 생각부터가 문제입니다. 유해폐기물의 영향을 수 세대를 지나도록 사라지지 않는다고 하는데, 정말 이런걸 우리 아이들에게 물려주는게 맞는 일입니까?"
#,TradeAgreement,무역협정,"서방국가간 관세와 쿼터 등 각종 무역장벽을 제한하는 새로운 무역협정 체결 계획이 최근 발족했습니다. 이번 무역협정이 현실화되면 신흥국의 추격을 저지하고 세계경제 주도권을 공고히 해 국제적 불평등이 심화될 것이라는 지적이 나오고 있습니다."
#,TradeAgreement_0,협정 서명,우리 경제는 지금 국제시장에서 신흥국의 추격을 받고 있는 상황입니다. 이런 적대적인 환경에서 승리를 쟁취하려면 전통적인 우방국들과 더 긴밀한 유대를 맺어야 합니다.
#,TradeAgreement_1,서명 거부,이번 협정은 국제적인 공정성을 희생해가면서 우리 경제를 부양하자는 이야깁니다. 이렇게 우리나라 생각만 하지 말고 국제무대에 올라오는 신흥국들을 두 팔 벌려 맞이해주어야 할 때입니다.
#,TransgenderMilitaryBan,트랜스젠더 군복무 금지,최근 우리 군에는 트랜스젠더임을 공개한 현역 군인이 최초로 등장했습니다. 안타깝게도 이 일을 두고 트랜스젠더의 군 복무를 지지해달라는 시민단체와 금지해달라는 시민단체가 충돌해 문화 전쟁의 장이 열렸습니다.
#,TransgenderMilitaryBan_0,트랜스젠더 군인 금지,"우리 장병들의 안전과 전투수행능력을 조금이라도 저하시킬 우려가 있다면 양보할 수 없는 문제입니다. 국방이 이런식으로 정치적 논쟁의 대상이 되어서는 안됩니다. 애국적인 트랜스젠더 시민도 국가를 위해 헌신할 수 있겠지만, 적어도 일선 전투병으로서는 아닙니다."
#,TransgenderMilitaryBan_1,트랜스젠더 군인 지지,"군인에게 정말 중요한 가치는 전문성, 충성심, 애국심입니다. 트랜스젠더 군인은 무조건 안된다는 것도 터무니없는 발상입니다. 젠더가 어떻게 되었건 우리 국군 장병들은 모두 국가를 위한 헌신에 감사와 지지를 받을 자격이 있습니다."
#,TRAVELLERS RIGHTS,유랑민의 권리,"지방의회에서 최근 낡은 빈집 몇 채를 철거하고 남은 공터에 유랑민들이 이동식 주택을 끌고 와서 눌러앉자 지역 주민들이 크게 반발하며 퇴거를 요구하고 있습니다. 지방의회에서는 유랑민들에게 거소권이 존재하는지의 유권해석을 중앙정부에 요청해 왔습니다."
#,TRAVELLERS RIGHTS_0,유랑민 거소 허용,"누구나 어딘가에서 살아갈 권리가 있으며 유랑민도 마찬가지입니다. 유랑민들이 지금 어떤 문제를 일으키고 있다는 증거는 없으니, 주민들이 유랑민들을 좀 더 이해해주어야 할 문제인 것 같습니다."
#,TRAVELLERS RIGHTS_1,유랑민 강제 퇴거,지역 주민들의 의견을 지지해 주셔야 합니다. 저 유랑민들이 지금 사유지에 침입한 상태라서 지역 주민들이 반발하고 있는 것입니다. 이런 불법침입을 용납해 주어서는 안됩니다. 평화로웠던 마을을 몇몇 떼거리들이 소란스럽게 만드는걸 방치해 두어선 안됩니다.
#,ViolentVideoGames,폭력적인 비디오게임,"최근 언론매체를 통해 폭력적인 비디오게임이 우리나라 청소년들에게 미치는 영향에 관한 우려가 나오고 있습니다. 일부 폭력적인 비디오게임은 사실상의 살인 시뮬레이터나 다름이 없고 실제로 게임과 강력범죄 사이에 연관관계가 추정된다는 주장입니다. 이에 특정 게임을 금지하고 여타 폭력적인 게임도 18세 이상만 구매 가능하도록 제한해야 한다는 제안도 나오고 있는 상황입니다."
#,ViolentVideoGames_0,현행방식 유지,"비디오게임과 폭력성의 실질적인 연관관계를 보여주는 확고한 증거는 사실상 없습니다. 오히려 젊은층이 폭력성을 누르는 데 도움을 주는 스트레스의 분출구 역할을 한다고 볼 수도 있습니다. 이런식으로 게임탓을 하는건 폭력이 비디오게임이 처음 나오기 한참 전부터 계속 있었다는 사실은 망각하고 우리 사회 속 폭력 문제를 그냥 쉽게 해결할 수 있다고 믿고 싶어서 내보내는 무릎반사마냥 생각없는 반응에 불과합니다."
#,ViolentVideoGames_1,게임 검열,"직접적인 연관성이 아직 입증되지 않았을 수도 있지만, 주변에 휩쓸리기 쉬운 우리 젊은이들이 게임에 나쁜 영향을 받는게 사회에 얼마나 부정적인 영향을 주는지 하는 문제는 게임을 많이 해보지 않아도 알 수 있습니다. 비디오게임은 상호작용적 매체로, 책, TV, 영화와 같은 수동적 매체에 비해 더 직접적으로 마음이 쉽게 휩쓸리게 만들 수 있습니다. 무엇이든 조치가 필요한 시점입니다."
#,ViolentVideoGames_2,내용표시 추가,"금지는 너무 지나친 조치이지만, 그럼에도 부모들이 자기 아이가 이 게임을 하기에 적합한지 평가할 수 있도록 정보를 제공할 필요는 있습니다. 심의 등급제를 운영해서 패키지 상자나 판매 사이트에 게임물 내용정보 표시를 삽입해 확인할 수 있게 하는 정도면 충분하지 않을까 합니다."
#,Whaling,상업적 포경,우리 해역에서 소규모 상업 포경을 재개할 것을 촉구하는 결의안이 정부에 제출되었습니다. 고래고기는 귀한 지역 별미이기도 하고 상업적 포경을 재개하면 많은 일자리가 창출될 것이라 기대되고 있습니다.
#,Whaling_0,포경 재개,"고래는 엄청난 양의 물고기를 먹어치우는 만큼 최근 우리 경제에 영향을 끼친 어획량 감소의 원인일 수도 있습니다. 그게 아니더라도 포경 재개 자체도 경기 부양에 도움이 되겠죠. 고래가 모든 종이 멸종위기종인 것도 아니고 상업적 포경은 충분히 멸종위기 상황을 악화시키지 않고 진행할 수 있습니다."
#,Whaling_1,금지조치 유지,"고래는 인간을 제외한 동물들 중에서 가장 지능이 높은 동물로 꼽히고는 하며, 해양 먹이사슬에서 매우 중요한 역할을 하고 있지만, 그동안 수없이 사냥당해 멸종위기에 몰렸습니다. 여기서 상업 포경을 재개한다면 정말 믿기 힘들 정도로 파괴적인 영향을 줄 것이며, 관광산업에도 큰 타격이 올 수 있습니다. 고래를 사냥할 것이 아니라 관찰하는 데에 다시 집중해야 할 때입니다."
#,Whistleblower,내부고발자,정보기관의 하청업체에서 일하는 직원이 테러와의 전쟁의 이면을 폭로하는 문서를 유출시켰습니다. 해당 직원을 즉각 기소해 무슨 수를 써서라도 재판에 넘기시겠습니까 아니면 정보기관을 개혁하고 잘못된 관행으로 지목당한 수단의 활용을 중단하시겠습니까?
#,Whistleblower_0,즉각기소,"이번에 폭로된 내용이 사실이라 하더라도, 우리 정부는 국익을 수호해야만 합니다. 일반 국민들은 왜 우리 정부가 테러와의 전쟁에서 그런 수단에에 의존해야 하는지 이해하지 못할 수도 있지만, 결국엔 결과가 수단을 정당화해줄겁니다."
#,Whistleblower_1,정보기관 개혁,이번에 Stacey Walker가 폭로한 관행이라는 것은 정말 선진국으로서의 자격이 없는 짓입니다. 앞으로는 그러한 수단의 활용을 삼가야 하며 우리 시민사회의 용기를 보여준 Stacey Walker에게 오히려 감사를 표해야 할 일입니다.
#,WhitewashSchoolHistoryBooks,역사교과서 개정,"현재 각 학교에서 역사수업에 사용하는 교과서 대부분은 집필된지 오래되어 우리나라의 과거 역사와 그 성과에 관해 다소 너그러운 견해를 보이고 있습니다. 시민단체에서는 아이들이 역사교과에서 배우는 내용을 대폭 개정해 우리의 과거를 좀 더 현대적인 관점에서 평가해야 한다고 주장하고 있습니다."
#,WhitewashSchoolHistoryBooks_0,교과서 개정,"지금 학교에서 사용중인 낡은 교과서들이 얼마나 편향적인 시각을 가르치고 있는지 알면 정말 크게 놀랄 정도입니다. 이러한 교과서만 보면 우리 역사는 이상할 정도로 남성밖에 없고 인종적으로 매우 순수하며 그 어떤 인종 관련 과오도 없었던 것처럼 쓰여있는데, 이는 현재 우리가 알고 있는 것과는 완전히 다릅니다. 더이상 이런 역사 미화와 우리 아이들에게 잘못된 사실을 가르치려는 시도는 계속되어선 안됩니다."
#,WhitewashSchoolHistoryBooks_1,현행교과서 유지,"이건 그냥 진보 중산층의 죄책감을 가지고 역사를 다시 써보려는 시도에 불과합니다. 우리 과거를 살았던 정치가와 장군들을 현대적 사고방식으로 재단할 수는 없는 일입니다. 시대가 달랐으니 그냥 그 시대에 받아들여지는 행동을 했던 것 뿐입니다. 대체 어느나라 정부가 우리의 자랑스런 역사를 멋대로 고치려고 합니까?"
#,USAOilPipeline,신규 송유관 허가,"A proposed pipeline that connects extensive oil sands in Canada to refineries in Illinois and Texas requires federal government approval. The pipeline is controversial because it would increase oil extraction, and hasten climate change, and also because it would cross the territories of a number of native American tribes."
#,USAOilPipeline_0,송유관 건설 허가,"No large infrastructure project would ever be approved if the government gave into every protest. Like it or not, our economy needs fossil fuels, and there is evidence this development would reduce oil prices as well as creating economic growth. What's more important? The economy? or the opinions of a relatively small group of hardcore environmental protesters?"
#,USAOilPipeline_1,송유관 건설 취소,"Is there really any justification for enabling more fossil fuel consumption right now? We should be investing in renewable energy, not extracting more oil. Plus what right do we have to trash the sacred grounds of indigenous tribes simply to make transporting Canadian oil more efficient?"
#,GermanyDieselgate,디젤 배출가스 스캔들,"A scandal has been exposed revealing that many of the largest and most prestigious car companies in our country have been blatantly lying about the emissions from their diesel vehicles, in a deliberate and very profitable scheme to cheat the official tests. How should the police handle this incredibly high profile case?"
#,GermanyDieselgate_0,사건 축소,"This case is being blown out of all proportion. Fines can be issued, and the cars can be re-tested and given revised emissions numbers. A few over-enthusiastic engineers bent the rules a bit too much, but this is hardly anything new."
#,GermanyDieselgate_1,경영진 구속 추진,"There can be no doubt here that the people at the very top of these companies knew exactly what was going on, and we have to be 100% clear that here in Germany, the law applies equally to everyone. It will not be popular with business owners, but to preserve our international reputation we have to make an example of these cheats."
#,AustraliaAboriginalMining,어보리진 원주민 지역 채굴,"There is a proposal to develop a large mine in the Northern Territory. The mine would generate a lot of jobs and be a significant boost to the economy, but the ownership of the land is in dispute, with aboriginal rights campaigners demanding the development be stopped."
#,AustraliaAboriginalMining_0,채굴 허가,"You cannot halt all economic activity because of some ancient claim to land ownership. We need jobs, and we need to send a signal that this country supports business."
#,AustraliaAboriginalMining_1,채굴 금지,"Its totally unsupportable to allow development of this land. The aboriginal claims to ownership of the land must be respected, however inconvenient this may be for the economy."
#,AustraliaAboriginalMining_2,채굴지 소유권 분할,"There is no need to take an extreme position here. No, we should not stand in the way of economic development, but the claim to land ownership is real, and the aboriginal people should be fairly compensated. The mine can go ahead, if 10% of the profit from the mine is given in perpetuity to the native title holders."
