#,AdultEducationSubsidies,성인 교육 보조금,성인 교육 보조금은 근로자가 취업한 후에도 재교육과 학습을 지속할 수 있도록 유도하는 방안이다. 보조금의 지급대상으로는 야간 수업 수강생이나 원격학습 자료 이용자 등이 포함된다. 이러한 제도는 노동자의 전반적인 교육 수준을 높이는 데 도움이 된다.
#,AgricultureSubsidies,농업 보조금,"안보·전략적 이유로 몇몇 정부들은 국가의 안정적인 식량 공급을 보장하기 위해 농민들에게 기꺼이 보조금을 지급한다. 이는 자유시장 원리에 어긋나고 상당한 비용이 들어갈 수 있지만 동시에 농부들의 일자리와 표를 지키는 데에도 도움이 된다."
#,AirlineTax,항공유 과세,항공유는 일반적으로 과세 대상이 아니다. 항공유 과세 지지자들은 이러한 조세특례를 환경에 파괴적인 교통수단의 이용을 장려하는 불공정한 특혜라 주장한다. 반면 항공사들은 항공유에 세금이 붙으면 국외에서 급유하는 항공사가 늘어나 국부 유출만 일어날 것이라 지적한다.
#,AlcoholLaw,주류법,"과도한 음주는 건강에 해를 끼치고 심지어는 사망으로도 이어질 수 있다는 증거는 충분하다. 하지만 개인이 무엇을 마시건 개인의 자유지 국가가 상관할 일이 아니라는 사람들도 있다. 또한 정부는 술에 세금을 매겨서 많은 돈을 벌 수 있기 때문에 문제는 더욱 복잡해진다."
#,AlcoholTax,주류세,"건강 악화와 각종 사회문제를 초래할 수 있는 알코올 섭취를 줄이기 위해 정부가 술에 세금을 부과해야 함을 지지하는 의학적 논거는 명확하다. 반면에 사회생활을 하면서 가볍게 음주를 하는 사람들은 정부가 주류세로 이익을 보는 것이 위선적 행태라고 본다."
#,ArmedPolice,무장경찰,경찰을 무장시키는 것은 범죄를 예방하고 질서를 유지하는데 효과적인 전략이 될 수 있다. 반대자들은 되려 범죄자들이 군비경쟁 하듯 경쟁적으로 무장하도록 부추길 것이라 주장한다. 또한 경찰을 무장시킬수록 선량한 시민들은 경찰과 거리감을 느낄 우려가 있다는 비판 역시 제기된다.
#,BanSundayShopping,일요일 상점영업 금지,기독교에서는 일반적으로 안식일을 휴일이라 보기 때문에 많은 교인들은 이날에는 쇼핑을 해선 안 된다고 믿는다. 또한 일부 노동조합들은 강제휴업이 노동 착취를 막아줄 수 있다고 믿는다.
#,BiofuelSubsidies,바이오연료 보조금,"바이오연료는 옥수수에서 추출한 에탄올에 석유파생 연료를 섞어서 만든 연료로, 석유 수요를 줄일 수 있다. 바이오연료는 환경주의자들에게 인기가 높은 편이며, 바이오연료 생산에 필요한 옥수수를 재배해 돈을 버는 농부들도 혜택을 입는다. 바이오연료 보조금은 바이오에탄올 함량이 높은 바이오연료에 세제혜택을 부여하는 식으로 지급하게 된다."
#,BorderControls,출입국관리,"국경에 세관 검사와 같은 절차를 두지 않는다면 불법이민에 나라의 문이 활짝 열리는 큰 문제가 발생할 것이다. 일각에서는 이민자들이 국내에서 범죄를 일으키거나, 일자리를 뺏어간다고 주장한다. 출입국관리는 불법 이민을 줄이는 효과적인 방안이 될 수 있다."
#,BusLanes,버스전용차선,"도로에 버스(그리고 어쩌면 택시와 오토바이)만 다닐 수 있는 전용차선을 따로 두는 것은 교통 체증을 피하고 차량흐름을 개선하는 방법의 하나이다. 버스전용차선은 또한 대중교통의 이동 소요 시간을 단축해 이용률을 높이는 데 도움이 된다. 하지만 제도 시행에 상당한 비용이 수반되며, 교통 체증에 갇힌 운전자가 옆에 비어있는 버스전용차선을 본다면 짜증을 낼 수 있을 것이다."
#,BusSubsidies,버스 보조금,"교통 체증과 공해는 사람들이 자동차 대신 버스를 이용하게 유도하는 방식으로 줄일 수 있다. 그러나 버스 보조금은 많은 비용이 들어가는 선택지가 될 수 있으며, 운전자들이 자신들은 이용하지도 않는 대중교통 체계에 보조금이 들어가는 것을 보고 노할 가능성이 있다."
#,CarbonTax,탄소세,"탄소세는 기후변화의 주원인으로 지목받는 이산화탄소의 배출에 일괄적으로 부과하는 세금이다. 탄소세는 사실상의 공해세로 볼 수 있으며, 기후변화에 일조하는 개인과 산업체로 하여금 발생시킨 피해에 대가를 치르거나 배출량을 감소시키게 하는 방안이다. 이는 환경주의자에게 명확하게 높은 지지를 받으며, 에너지 효율이 높은 경제구조의 형성으로 이어질 수 있다."
#,CarEmmissionsLimits,자동차 배출가스 기준,"배기가스에 법적인 기준을 두면 공해를 줄이는 데 도움이 되며, 특히 도심지의 대기오염을 크게 줄일 수 있다. 하지만 이를 또 다른 관료주의적 개입과 세금의 일종으로 보는 운전자들 사이에서는 별로 인기가 없다."
#,CarTax,자동차세,"모든 자동차에 대해 소유자에게 세금을 부과하는 것은 사람들이 대체 교통수단을 이용하도록 유도하는 방안 중 하나이다. 그러나 자동차세는 자동차 소유의 고정비용을 증가시키기 때문에, 일단 자동차세를 납부한 다음에는 오히려 차를 더 많이 몰도록 유도한다는 주장도 제기된다. 또한 소득이 적은 빈곤층이나 자동차 이용이 사실상 필수적인 농촌 지역 주민들에게 불공평한 부담을 준다는 주장도 있다."
#,CCTVCameras,CCTV 카메라,"CCTV 카메라는 범죄자를 잡는 데 큰 도움이 될 수 있으며, 카메라 자체가 범죄를 억제하기도 한다. 하지만 CCTV는 설치비용이 높으며, 정부로부터 지속적으로 감시받는 느낌을 받기 싫어하는 사람들은 기본권 침해 우려가 있다고 주장한다."
#,ChildBenefit,아동수당,"국가가 아이를 양육하는 비용을 보조하기 위해 부모에게 일정 금액으로 지급하는 수당이다. 부모들에게 지급되는 수당인 만큼 당연히 부모들에게 인기가 높고, 재분배 정책의 일종으로 여겨져 빈곤층에서도 선호가 강하지만, 자본주의자들은 정부가 불필요한 수준의 간섭을 한다며 반대한다."
#,ChildcareProvision,보육수당,"보육수당의 형태로 국고 보조금을 지급하면 부모가 아이를 낳은 뒤 직장에 복귀하는 비율을 높여 경제에 도움이 될 수 있다. 비록 보육수당 지급에는 많은 예산이 필요하며 시장을 왜곡한다는 비판을 피할 수 없지만, 부모들에게 인기가 높은 정책임은 분명하다."
#,CitizenshipTests,시민권 시험,"시민권 시험은 우리나라로 이민 오는 사람들이 우리나라의 문화와 역사에 대한 명확하게 높은 이해도를 보이도록 해줄 수 있는 방안이다. 이는 이민자들이 문화충돌을 일으킬 가능성을 줄여주고 사회 통합에 기여할 수 있으며, 애국주의 성향이 강한 이들에게 이민에 대한 우려를 풀어도 좋다는 확신을 줄 수 있다."
#,CleanEnergySubsidies,친환경에너지 보조금,"재생에너지의 효율은 아직 매우 높은 수준까지는 아니지만, 차후 화석연료가 없는 미래에 대비하는 차원에서 지금 집중적인 투자를 해야 한다는 주장도 나온다. 환경주의자들은 분명 좋아하겠지만, 자본주의자들은 이를 별로 달갑지 않은 에너지 시장의 왜곡으로 볼 것이다."
#,CleanFuelSubsidy,친환경연료 보조금,"자동차 운행이 환경에 미치는 영향을 줄이기 위해 초저유황 연료와 같은 친환경연료에 지급하는 보조금이다. 보조금은 구형차에 촉매변환기를 장착하는 데에 들어가는 비용을 줄여줄 수 있고, 주유소에서 환경에 덜 나쁜 연료를 택할 유인을 제공할 수 있다."
#,CommunityPolicing,지역경찰제,"지역경찰제는 지역사회의 치안 상태를 통제하려 하는 대신 지역사회와 협력하는 관계를 만들어나가는 경찰 활동을 추구한다. 이를 위해 경찰에게 지역사회의 필요를 더 잘 이해하는 방향을 권장하며, 이는 특히 소수민족이 다수 거주하는 지역에서 더 강조된다. 그러나 비판측에서는 이를 범죄를 줄이는 데 직접 사용해야 할 예산을 쓸데없이 마구 낭비하는 정책이라 말한다."
#,ConsumerRights,소비자 권리,"소비자 권리의 보장 수준은 다양하게 나타날 수 있지만, 적어도 국가에서 소비자가 바가지를 쓰지 않도록 보장할 수 있는 수준에서 시작해, 엄격한 법령을 통해 기업에 희생을 강요하고 소비자에게 이익을 가져다주는 방식까지도 이어질 수 있다. 기업들은 흔히 판매행위를 규제하는 법령이 너무나도 많다며 불평하고는 한다."
#,CorporationTax,법인세,"사업에서 발생한 수익에 부과하는 직접세이자 비례세이다. 일각에는 세금을 법인세만 걷어야 한다는 주장도 있지만, 다른 한편으로는 법인세가 기업가 정신을 억누르고 새로운 사업을 해보려는 의욕을 꺾는다는 주장도 나온다. 법인세는 정부가 세입을 확보하는 주된 방법의 하나로 자주 사용된다."
#,Creationism,교육의 세속화,"아이들을 가르치는 방식이 과학과 종교 중에서 어느 쪽이어야 하는지에 관한 격렬한 논쟁은 지금까지도 이어지고 있다. 과학계와 진보진영은 각종 증거가 뒷받침하는 진화론을 과학 수업에서 가르쳐야 함이 당연하다고 본다. 하지만 일부 종교단체는 진화론이나 다윈주의가 아직 증명되지 않았다거나 창조론도 과학의 대안적인 이론으로 가르쳐야 한다는 이유를 대면서 진화론을 사실로써 가르치는 것은 부당하다고 말한다. 학교에서 어느 쪽을 가르쳐야 할지는 정부가 결정해야 할 일이다."
#,Curfews,야간통행금지,"야간통행금지는 국가비상사태에 한해 주로 짧은 기간 동안만 도입된다. 통금은 개인의 자유를 희생하지만, 범죄에 맞서 싸우는 효과적인 방안이 될 수 있다. 그러나, 선량한 시민이 밤에 거주지에서 외출할 능력을 제한하는 것은 국가가 심각하게 권위주의로 퇴보하고 있다는 신호일 수도 있다."
#,DeathPenalty,사형제,"사형은 중범죄에 꺼내 들 수 있는 마지막 처벌 수단이다. 반대측에서는 오심으로 잘못된 사람을 죽일 가능성을 우려하고, 오직 야만적인 국가만이 사형제를 두고 있다고 주장한다. 지지측에서는 재범의 완전한 예방을 보장하며 중범죄에 대한 위하력으로 작용한다는 점을 지적한다."
#,DetentionWithoutTrial,재판 없는 구금,"재판 없는 구금 정책은 경찰과 안보 기관이 충분한 증거가 없거나 또는 민감한 증거를 공개할 수 없어 유죄 입증이 불가능한 상황에서도 용의자를 구금할 수 있게 해준다. 이는 보통 테러 예방을 명분 삼아 정당화되지만, 진보주의자들은 인권 침해의 우려를 제기하고는 한다."
#,DisabilityBenefit,장애급여,"장애인은 일하기가 불가능하거나 조력이 있어야만 가능하다는 점을 감안해 국가에서 직접 지급하는 수당이다. 상당수 장애인들은 또한 일 외에도 교통이나 주거 면에서 특별히 필요로 하는 것들이 존재하고는 한다."
#,FaithSchoolSubsidies,종교학교 보조금,종교학교는 좋은 학업성취 수준을 달성할 수 있다. 이에 종교학교를 지지하는 측에서는 효과가 이미 입증된 교육방식에 국가가 보조금을 지급해 지원해야 한다고 주장한다. 하지만 비판측에서는 교육에 종교가 설 자리는 없으며 정부가 아이들에게 특정 종교를 강요하는 모습을 보여서는 안 된다고 말한다.
#,ForeignAid,대외원조,"몇몇 해외국가들은 경제 사정이 매우 어렵고, 빈약한 교육과 식량부족 사태 등을 겪고 있는데, 여기서 상대적으로 부유한 국가들이 어려운 국가를 돕는 것은 도덕적 의무라는 주장이 나온다. 하지만 반대로 국가의 최우선 책무는 자기 국민을 챙기는 것이고, 만약 어려운 나라를 도와주고 싶은 국민이 있다면 개인적으로 자선단체를 통해 도와주면 된다는 반론도 제기된다."
#,FreeBusPasses,노년층 무임승차제,"전통적으로 버스 무임승차권은 은퇴연령의 시민들에게 혜택으로써 제공되고는 한다. 상당한 비용이 지출될 수 있지만, 자동차 이용을 줄여 공해와 교통체증을 줄이는 좋은 방안이기도 하다. 하지만 이를 시장 왜곡이라며 반대하는 이들도 존재한다."
#,FreeEyeTests,무료 시력검사,"시력검사는 조기에 시력 문제를 발견하고 시력이 나빠 안경을 써야 하는지의 여부를 알려주는 역할을 한다. 하지만 사비로 시력검사를 받으려면 많은 비용을 지불해야 할 수 있기 때문에 대부분의 사람들에겐 어쩔 수 없이 포기하는 사치가 된다. 사회주의자들은 보편적인 무료 시력검사를 제공해 반드시 모두에게 건강 안전망을 제공해야 한다고 믿는다."
#,FreeSchoolMeals,무상급식,"무상급식은 누구나 아이를 먹일 수 있도록 부를 재분배하는 수단일 뿐만 아니라, 아이들이 정크푸드만 먹고 사는 대신 건강한 식단을 챙겨 먹을 수 있도록 하는 역할도 한다."
#,Gambling,도박 합법화,"도박이 가난과 불행만을 초래하는 죄악이라 하는 이들도 있지만, 사교적이고 가벼운 도박은 해가 되지 않는 선에서 즐겁게 할 수 있는 일이며 정부가 추가적인 조세수입을 확보할 수도 있다고 주장하는 이들도 있다. 도박 합법화는 또한 관광산업과 일자리 창출에도 기여할 수 있다."
#,GatedCommunities,출입통제형 주거단지,"길거리 범죄와 공공기물파손에 대한 다소 극단적인 해법이라 할 수 있는 출입통제형 주거단지는 자체적으로 치안을 유지하는 주거단지로, 담벼락으로 외부인의 출입을 제한한다. 이러한 주거단지는 부유층에게 인기가 높지만, 부유층이 아니고서는 입주하기가 불가능하기 때문에 계층분화와 불평등에 관한 비판이 따라 나온다. 이에 몇몇 정부는 출입통제형 주거단지 건축허가를 꺼리고는 한다."
#,GraduateTax,졸업세,"졸업세는 대학을 졸업하는 사람들에게만 부과하는 특별세의 일종으로, 정부가 지원한 대학 학비 일정 부분을 되돌려받는 방식이다. 지지측에서는 모든 사람이 대학교육을 받아 혜택을 입을 수 있는 것은 아니니 공정한 것이라 말한다. 하지만 반대측에서는 인문학과 같은 순수학문을 배우는 학생들에게 불이익을 주고 청년들의 야망을 꺾는다고 우려한다."
#,HandgunLaws,총기관리법,"총기의 소유를 어떤 종류건 무제한적으로 허용하는 국가도 있는가 하면, 총기를 엄격하게 통제하는 국가도 있다. 일각에서는 기본적인 방어권의 문제라고 말하지만, 다른 한편에서는 총기 소유가 총기 범죄로 이어진다며 우려를 표한다."
#,HybridCarsInitiative,하이브리드차 지원계획,"하이브리드 자동차는 저속주행 시 전기모터를 사용해 CO2를 발생시키지 않아 환경을 덜 파괴한다. 또한 연비 효율 역시 높아 석유 소비를 줄여주기도 한다. 단점은 차 자체의 가격이 매우 비싸다는 것이지만, 세제혜택을 이용해 더 많은 사람들이 신차 구입 시 하이브리드 모델을 구입하도록 유도할 수 있다."
#,IDCards,신분증,"신분증을 테러와 각종 중범죄에 예방효과가 강력하다고 말하는 이들도 있지만, 진보주의자들은 국가가 시민들에게 자리에서 바로 신원을 증명하도록 요구하는 것은 개인의 자유권 침해라 주장하고는 한다."
#,ImportTarrifs,수입 관세,"값싼 수입품은 경제에 해를 끼칠 수 있는데, 이는 저임금 노동을 이용하는 외국 경쟁기업을 상대로 국내기업들이 제대로 경쟁하기가 어렵기 때문이다. 수입 관세는 국내 제조업체를 불공정한 경쟁으로부터 보호하는 데 도움이 된다. 그러나 이는 자유시장 경제에 역행하는 조치이며, 외국에서는 불공정 행위로 비쳐져 보복을 촉발할 가능성이 있다."
#,IncomeTax,소득세,"정부가 세수확보에 가장 흔하게 사용하는 방법 가운데 하나는 사람들의 소득에 직접세를 매기고 고용주 선에서 원천징수를 하는 것이다. 소득세는 일반적으로 소득이 많을수록 한계세율이 올라가는 누진세의 형태를 띠며, 이는 사회주의자와 저소득층이 이러한 조세제도를 선호하는 이유로 작용한다."
#,FlatTax,평률소득세,"평률소득세는 전체소득과 무관하게 모든 시민이 동일한 한계세율의 소득세를 납부하는 조세제도이다. 따라서 CEO와 사무실 청소부는 비록 내는 금액은 CEO가 더 많겠지만 동일한 세율을 적용받게 된다. 이렇게 간단한 과세구조는 절세와 탈세를 줄이는 데에 도움이 된다. 하지만 누진성이 없는 조세제도이며 따라서 소득 불평등을 악화시킬 가능성이 있다."
#,CapitalGainsTax,양도소득세,"양도세는 근로소득에 과세하는 근로소득세와 달리 주식, 부동산, 기타 자산 등의 양도차익에 부과하는 세금이다. 양도세는 주로 부유층과 사업주들에게 영향을 끼치며, 경제가 호황일수록 조세수입이 늘어난다. 또한 투자수익에 과세하게 되므로 투자 의욕을 약간 떨어뜨리고 경제에 악영향이 갈 수 있다."
#,InheritanceTax,상속세,"개인 재산이 상속으로 직계비속에게 이전되는 경우에 상속재산에 부과하는 세금이다. 상속세는 특정 가문이 세대를 걸쳐 부와 권세를 모으는 것을 방지하기 때문에, 평등을 중요시하는 사회주의자와 빈곤층에게 지지를 받는다. 하지만 열심히 일해서 번 재산과 특히 집을 자녀들에게 물려주는 것을 막는 세금에 강하게 반대하는 이들도 존재한다."
#,IntelligenceServices,정보기관,"안보 기관은 조직범죄 및 테러에 맞서 싸우는 데에 필수적인 도구이다. 유용하고 신뢰성이 높은 정보의 획득은 매우 어렵고 많은 비용이 들어갈 수 있으며, 따라서 정보기관이 이용하는 수단 상당수는 진보주의자와 인권단체에 나쁜 평가를 받을 수 있다."
#,InternetCensorship,인터넷 검열,"진보주의자들은 인터넷의 가장 큰 특징이 통제와 검열에서 자유로운 점이라 주장하며, 이를 통해 개방적이고 관용적인 사회로 나아갈 수 있다고 말한다. 하지만 자유에는 대가가 따르며, 인터넷에는 범의를 가진 사람들에게 도움이 될만한 자료가 언제나 넘쳐난다. 그럼에도 웹상에서 무엇을 검열하고 검열하지 말아야 하는지에 관해서는 의견이 크게 갈린다."
#,InternetTax,인터넷세,"갈수록 많은 상업활동이 오프라인 사업장에서 웹상으로 이동하게 되면서, 정부는 기울어진 운동장을 다시 수평으로 맞추는 차원에서 온라인상의 거래에 세금을 부과하려는 유혹을 강하게 받고 있다. 하지만 이에 반대하는 측에서는 인터넷세가 첨단기술에 기반한 경제를 무너뜨리고 국가경쟁력에 막대한 해를 끼칠 것이라 주장한다."
#,JuryTrial,배심제도,"대다수 진보주의자는 법관이 아닌 일반 대중으로 구성된 배심원의 재판을 받을 권리를 기본적인 인권으로 여긴다. 보수주의자들은 배심재판 절차가 비용과 시간이 많이 들고 판사보다 별로 공정하지도 않다고 주장한다. 물론 상대적으로 중범죄는 배심재판에 맡기고 가벼운 건은 즉결심판이나 간이공판절차를 이용하는 제도를 두는 것도 충분히 가능하다."
#,LabourLaws,노조법,"노조법은 기본적으로 노동자의 파업권 제한에 관해 다루는 법률이다. 자본주의자들은 파업 제한이 발전소 직원, 경찰, 기관사 등의 필수공익사업장 인력들이 국민을 볼모로 잡는 행위를 방지하려면 불가피하다고 주장한다. 노동조합원들은 노동자의 기본적 권리인 파업권은 절대 타협의 대상이 아니라고 생각한다."
#,LegalAid,법률구조제도,"누구나 법정에서 자신을 변호해줄 변호사를 쓸 돈을 지불할 수 있는 것은 아니다. 개인이 법정에서 스스로 변호하는 것도 이론적으로야 가능은 하겠지만, 국선변호인을 제공하는 편이 더 공정한 방식일 것이다. 이를 두고 범죄 혐의로 기소된 이들에게 막대한 지원을 해주는 것이 아니냐는 반론도 있지만, 피고인은 유죄가 확정되기 전까지는 무죄로 추정된다는 점을 기억해야 한다."
#,LegaliseProstitution,성매매 합법화,"보수주의자들은 성매매 합법화가 전통적인 가족 가치를 심각하게 추락시킬 것이라 주장한다. 반면에 성매매를 불법화해 봤자 사라질 리는 없으며, 차라리 성매매를 규제하고 감시하는 편이 사회에나 성노동자들에게나 범죄화보다 나은 선택지라 주장하는 이들도 있다."
#,LuxuryGoodsTax,사치세,"사회의 고액지출자를 겨냥해 특별히 부과하는 세금이다. 스포츠카나 개인 요트와 같은 고가의 사치품에 할증이 붙는 방식으로 부과된다. 사치세의 조세수입 자체는 미미한 수준이지만, 빈부격차를 우려하는 사람들에게는 많은 지지를 받을 수 있다. 하지만 사치세는 고소득자들이 다른 나라에서 생활하고 일하게 만드는 상황을 초래할 수도 있다."
#,MarriedTaxAllowance,기혼자 세액공제,"기혼 부부에게 세액공제를 제공해 사람들의 결혼과 부부관계의 지속을 유도하는 정책이다. 교회 단체에서는 이를 전통적 가족 가치를 국가가 증진하는 필수적인 정책이라 여긴다. 하지만 반대로 종교가 쓸데없이 조세제도에 참견한다고 보는 이들도 있다."
#,MaternityLeave,출산휴가,"산모에게 출산휴가를 사용하고 이후 직장에 복귀할 권리를 보장하는 것이야말로 문명사회의 징표와도 같으며, 여성이 일하도록 장려하는 방안이라 말하는 이들도 있다. 하지만 몇몇 중소기업은 출산휴가 예측이 불가능할 뿐만 아니라, 특히 직원이 적을수록 잠재적으로 심각한 부담을 고용주에게 줄 수 있다며 우려하기도 한다. 이는 오히려 출산휴가가 고용주들이 여성을 고용하지 않게 만든다는 주장으로도 이어질 수 있다."
#,MicrogenerationGrants,자가발전 지원금,"자가발전 지원금은 시민들이 태양전지판이나 풍력터빈과 같은 소규모 자가발전 시스템을 설치하는 비용을 지원하기 위해 지급된다. 이러한 지원금은 더 깨끗하고 친환경적인 에너지를 향해 개인적인 실천을 하고자 하는 의지가 있는 사람들을 이용하는 좋은 방안으로, 국가 전반적인 에너지 효율을 높여줄 수 있다."
#,MilitarySpending,국방비,"군의 현대화와 전력증강에는 막대한 재원이 소모될 수 있으며, 많은 사람들이 정부 예산에는 국방비 말고도 충분히 쓸 곳이 많다고 생각하기도 한다. 하지만 애국자를 비롯한 사회 일각에서는 자유와 안전에 가격을 매길 수는 없다고 주장하며, 국방비 지출이 국내 기업과 기술개발, 고용 창출에 충분히 기여하고 있다고 지적한다."
#,Monorail,고속철도 보조금,"고속철도는 평범한 속도로 굴러다니는 표준 철도망이 아닌 21세기에 걸맞은 현대적인 첨단 철도체계로, 전국을 연결하고 주요 도시 간 초고속 이동을 가능하게 해준다. 비용이 많이 들어가긴 하지만, 통근자들과 국가 경제 그리고 환경에 가져다줄 이익 역시 분명하다."
#,MortgageTaxRelief,주택담보대출 소득공제,"주택담보대출 소득공제는 집을 사려고 담보대출을 받은 사람들이 담보대출 이자만큼 소득공제를 신청할 수 있게 해준다. 이러한 세제혜택은 주택 구매자들이 주택담보대출을 갚기 쉽게 해주지만, 사실상 주택 구매자들에게만 주어지는 세제혜택이기 때문에 집을 살 수 없는 사람들에게는 반발을 불러일으킬 수 있다."
#,Narcotics,마약류관리법,"대마나 헤로인과 같은 약물이 합법화되어야 하는가는 어려운 질문이다. 합법화 찬성측은 정말 문제가 되는 건 마약밀매 과정에서 발생하는 범죄이며, 마약 합법화는 범죄를 줄일 것이라 주장한다. 반대측에서는 건강상의 위험을 지적하고, 합법화가 사실상 범죄자들에게 굴복하는 것이나 다름이 없다고 말한다."
#,NationalService,징병제,"일부 시민들에게 국가를 침략으로부터 지켜내려면 어떻게 해야 하는지 기초를 가르치는 의무 군 복무 제도에는 여러 이점이 존재한다. 예를 들면 평시 정규군의 규모를 작게 유지할 수 있는 점이 있다. 하지만 본인 의사에 반하여 무기를 들도록 강제하는 것에 관한 우려도 존재한다."
#,OrganDonation,장기 기증,"장기 이식이 놀라운 기술임을 부정하는 사람은 별로 없겠지만, 그럼에도 많은 기증자를 필요로 한다. 안타깝게도 많은 사람들은 장기 기증을 별로 고려하지 않고 있다. 이에 일각에서는 반대 의사를 표명하지 않으면 장기 기증에 동의한 것으로 보는 동의간주 방식을 사용하는 것이 최선이라는 주장이 나온다. 하지만 이는 국가가 간섭할 영역이 아니며 명시적인 동의를 요구해야 한다는 반론도 제기된다."
#,OrganicSubsidy,유기농업 보조금,"유기농업을 지지하는 측에서는 인공착향료나 첨가물이 없는 식품이 갖는 건강상의 이점을 고려해 유기농업에 국고보조금을 지급해야 한다고 말한다. 이는 자연히 농부와 환경주의자들에게 인기가 높지만, 일각에서는 별 의미도 없이 자유시장을 왜곡하는 행위라며 비판하기도 한다."
#,PetrolTax,유류세,"석유파생 연료에 유류세를 부과하면 정부는 큰 조세수입원을 얻을 수 있고, 사람들이 운전을 덜 하거나 더 효율적인 자동차를 이용하도록 유도하는 친환경 정책으로 이용할 수도 있다. 하지만 비판측에서는 정부가 또다시 운전자들에게 나쁜 세금을 거두는 것에 불과하다고 주장하며, 일각에서는 대중교통과 같은 대안이 누구나 이용 가능한 선택지는 아니라는 불만도 나온다."
#,PhoneTapping,감청,"법질서의 관점에서 감청은 조직범죄와 테러에 맞서 싸우는 데에 필수적인 수단이다. 문제는 감청 제도의 오남용을 막기가 어렵다는 점이며, 진보주의자들은 광범위한 감청이 경찰국가로 나아가고 있다는 불길한 신호라고 항상 지적한다."
#,PlasticBagTax,비닐봉투세,"비닐봉투는 종이봉투와 달리 생분해되지 않아 거의 영구적으로 썩지 않고, 결국 거대하고 보기 흉한 쓰레기 매립지에 쌓이게 된다. 비닐봉투에 세금이 붙으면 비닐봉투 이용을 줄이고 튼튼하며 친환경적인 대체품을 재사용하도록 유도할 수 있다. 하지만 자본주의자들은 이를 국가의 간섭으로 볼 것이다."
#,PoliceForce,경찰,"정부가 질서를 수호하고 법이 지켜지도록 경찰을 둘 필요가 있음에는 이견이 없지만, 경찰에 어느 정도의 예산이 들어가야 하는지는 논쟁의 대상이다. 길거리마다 순찰 중인 경찰이 즐비할 정도로 큰 경찰을 선호하는 사람이 있는가 하면, 좀 더 작고 국민 친화적인 경찰을 선호하는 사람도 있다."
#,PollutionControls,공해방지법,"어떤 화학물질과 배출물이 대기중으로 방출될 수 있는지 제한하는 규제이다. 공해방지법은 공해를 줄이고 건강을 증진하지만 국가 경제의 경쟁력을 희생하게 될 수도 있다."
#,PrisonerTagging,전자발찌,"범죄자를 수감해두는 대신 출소시켜주고 지역사회에 다시 통합될 수 있도록 하면서 사법당국이 계속 출소자를 예의주시할 수 있게 해주는 첨단 대책이다. 진보주의자들은 이러한 제도가 시민의 모든 움직임을 감시하는 경찰국가로 나아가는 단계를 나타낸다며 우려를 보인다."
#,Prisons,교도소,"교도소에 관해서는, 법을 어긴 사람들은 최소한으로만 지어둔 차갑고 텅 빈 감방에 눌러 담아야 한다고 주장하는 이들이 있다. 반면에 교도소에 예산을 더 써야 재소자들을 처벌함과 동시에 교화시켜서 재범률을 낮출 수 있다고 주장하는 이들도 존재한다."
#,PropertyTax,재산세,"재산세는 주택의 가격에 따라 부과하는 세금이다. 주택의 가치평가는 정부 기관에서 하는 경우가 많으며, 징수된 재산세는 일부 또는 전부 지방정부의 가로등 관리나 소방 및 구급 등의 응급서비스 예산에 사용된다. 일각에서는 재산세를 대형주택 소유자나 부유층에게 주로 영향을 주는 공정한 세금이라 말하지만, 다른 한편에서는 대형주택을 보유하고 있으나 실제 소득은 별로 없는 은퇴자들에게 부담을 주는 불공정한 세금이라 말한다."
#,PublicLibraries,공공도서관,"공공도서관은 지역사회의 중심지 역할을 하고, 저소득층이 정보나 문학작품을 접할 기회를 제공하며, 정규 교육 기관 밖에서 새로운 기술을 배울 수 있게 해주는 등 다양한 기능을 한다."
#,RacialProfiling,인종기반 수사기법,"인종기반 수사기법은 범죄자나 잠재적 범죄자의 식별에 인종이나 민족 출신을 요소로 활용하는 기법이다. 수사기관 관계자들은 인종기반 수사기법을 이용하면 잠재적 용의자 명단을 신속하게 좁혀 수사력을 효율적으로 활용할 수 있다고 주장하지만, 반대측에서는 경찰이 인종차별을 하는 사태로 이어질 수 있다며 우려하고 있다."
#,RaceDiscriminationAct,인종차별금지법,"시민들이 인종차별적 고용 관행과 같이 전적으로 인종에만 기반해 차별을 받지 않도록 방지하는 법률이다."
#,Recycling,재활용,"재활용 지지측에서는 매립지에 쓰레기를 버리는 것이 장기적인 대책이 될 수 없으며, 정부가 먼저 최대한 많은 폐기물을 재활용 할 수 있도록 재활용센터를 제공해 앞으로 나아가야 할 길을 보여주어야 한다고 주장한다. 재활용의 대상으로는 신문, 골판지, 유리병, 더 나아가면 플라스틱까지도 포함될 수 있다."
#,RoadBuilding,도로건설,"환경주의자들은 도로를 더 만들어도 교통체증만 더 늘어난다고 주장하지만, 교통정체에 발이 묶인 운전자들은 당연히 그렇게 생각하지 않을 것이다. 새 도로의 건설에는 매우 많은 비용과 시간이 들어가지만, 경제가 제대로 굴러가게 하려면 꼭 필요한 투자라는 주장도 존재한다."
#,RuralDevelopmentGrants,농촌개발지원금,"기술이 발달하고 점점 더 많은 시민들이 도시에서 일자리를 얻게 됨에 따라 농촌 지역의 빈곤과 실업이 허용수준 이상으로 오를 위험이 제기되고 있다. 농촌개발지원금은 시장을 왜곡하기는 하겠지만, 농촌 기업을 지원하고 농부와 기타 농촌 지역 종사자들의 빈곤을 예방해줄 수 있다."
#,SalesTax,부가가치세,"부가가치세는 전형적인 역진세로, 개인의 담세력을 고려하지 않는 세금이다. 비판측에서는 부가가치세가 빈곤층에게 불균형한 부담을 주며 불평등의 심화로 이어진다고 주장한다. 지지측에서는 상대적으로 징수가 용이하고 모든 사람들이 세금을 부담하는 공정한 조세제도라고 주장한다. 기업들은 부가가치세로 인한 행정작업 부담으로 인해 반대를 표하고는 한다."
#,SateliteRoadPricing,위성위치측정식 통행요금체계,모든 차량에 위성응답기를 장착시켜 어떤 도로를 언제 사용했는지 추적기록하는 값비싼 시스템이다. 개별 도로 단위에서의 차량 이용에 따른 요금부과를 가능하게 해주기 때문에 지역 당국이 농촌 지역 등 대체 교통수단이 없는 지역의 운전자들에게 부담을 주지 않으면서 교통체증을 미세조정하게 해줄 수 있다.
#,SchoolBuses,통학버스 보조금,"통학버스에 국고보조금을 지원하면 학교에 다니는 아이들의 신속하고 안전한 등하교를 보장함과 동시에, 자차로 아이들을 바래다주어야 하는 부모가 줄어 도로 교통량도 줄일 수 있다. 부모들 역시 아이들이 제대로 된 인허가를 받은 통학버스를 타고 다닐 수 있게 된다면 좋아할 것이다."
#,SchoolPrayers,교내 예배,"진보주의자들은 흔히 젊은이들의 교육에서 종교적 가르침이 완전히 분리되어야 한다고 주장한다. 반면에 아이들에게 도덕적 가치를 키워주는 차원에서 교내 예배를 의무화해야 한다고 주장하는 이들도 있다."
#,ScienceFunding,과학기금,"대부분의 연구가 민간기업의 지원을 받아 이루어지는 국가도 있지만, 초장기 연구 프로젝트나 상업성이 떨어지는 프로젝트에는 국가지원이 도움이 될 수 있다. 국가 부문의 연구 활동에서 얻은 성과는 특정 기업의 특허로 묶이지 않고 대중에 자유로이 공개된다."
#,SmallBusinessGrants,중소기업 지원금,"중소기업의 생존율은 매우 낮다. 사업 초기에 특별 정부지원금을 제공한다면 신규사업을 시작하는 데 큰 도움이 될 수 있다. 이는 경제에 큰 활력을 불어넣어 줄 수 있지만, 좋은 결과를 보장하지 않으며 큰 비용지출이 발생하는 정책이다."
#,SpaceProgram,우주 개발 프로그램,"국가 단위의 우주 탐사 활동에 투자하는 정책이다. 충분한 자금 지원이 이루어진다면 순수히 자연과학 분야의 진흥을 넘어서 경제 전반에 영향을 줄 수 있는 과학·기술적 전문지식의 수준을 높여줄 수 있다. 또한 국민통합에도 이바지하고 애국심을 고취시킬 것이다."
#,SpeedCameras,과속카메라,"과속단속카메라는 교통경찰을 늘리는데 거액을 투자하지 않고도 도로에서 속도제한을 단속할 수 있도록 단속을 자동화하는 방안이다. 지지측에서는 교통사고 사망자를 줄이고 교통단속에 필요한 경찰을 줄여 좀 더 심각한 범죄에 대처할 수 있도록 해준다고 주장하지만, 반대측에서는 도로안전과는 무관하고 그저 운전자로부터 세금을 걷으려는 나쁜 시도에 불과하다고 주장한다."
#,StateHealthService,공공의료보험,"많은 시민들이 보건의료에 개인적으로 비용을 지출하고는 하지만, 국가가 소득에 상관없이 모든 국민에게 최소수준의 보건의료는 무료로 제공해야 한다는 주장도 존재한다. 하지만 의료서비스 제공에는 많은 비용이 소모될 수 있기 때문에 얼마나 많은 예산을 투자해야 하는지는 항상 논쟁의 대상이다."
#,StateHousing,공공주택,"자기 집을 소유하는 편을 선호하는 사람들도 있지만, 주거비용은 너무나도 높아서 국민 대다수는 주택을 임대해 살아야 한다. 공공주택은 시중 임대료를 감당하지 못하는 이들을 대상으로 낮은 임대료에 주거지를 제공한다. 공공주택에는 많은 재원이 소모될 수 있지만, 사회적 편익도 상당하다."
#,StatePensions,공적연금,"은퇴 후 삶을 개개인이 알아서 책임지게 하는 대신 공적연금을 통해 노년층의 최저생계를 보장해줄 수 있다. 다만 기대수명이 점차 늘어남에 따라 연금 지급총액이 크게 증가함은 유의할 필요가 있다. 공적연금의 지급 수준이 높아질수록 사적연금을 납입하는 사람은 줄어들 것이다."
#,StateSchools,공립학교,"모든 국민에게 무상교육을 제공하면 문해율을 높이고 기술인력을 공급해 경제에도 도움이 될 수 있다. 하지만 다른 한편에서 보면 공교육 정부지출은 상당히 많은 예산을 소모할 수 있다. 또한 자본주의자들은 공교육을 자유시장에 대한 불필요한 개입으로 여긴다."
#,StemCells,줄기세포 연구,"줄기세포는 원시세포의 일종으로 인간 신체에 있는 대부분의 세포조직으로 분화할 수 있다. 과학계 일각에서는 줄기세포 연구가 당뇨나 다발성 경화증과 같은 난치병을 치료하는 열쇠가 될 수 있다고 주장한다. 하지만 줄기세포는 폐기될 인간 배아에서 가져오기 때문에, 생명권을 주장하는 진영이나 종교계에서는 줄기세포 이용에 반대한다."
#,TaxShelters,조세 피난처,"초부유층의 부에 일부만을 과세하는 방식으로 조세 피난처를 자처하는 것은 성공한 기업가들이 우리나라를 보금자리로 삼도록 유도하는 좋은 방안이 될 수 있다. 점점 좁아지는 세상에서 부자들은 언제나 원하는 나라에 정착할 수 있다. 그런 부자들을 우리나라에 살게 유도할 수 있다면 국내에서 그들의 부를 소비하도록 만들 수 있을지도 모른다. 하지만 이러한 방안은 부유층보다 훨씬 적은 소득으로 세금을 낸다는 점에 분노하는 빈곤층에게는 매우 인기가 없다."
#,TechnologyColleges,기술대학,"기술대학은 컴퓨터 활용능력이나 생명공학 등의 과목에 중점을 둔 전문대학의 일종이다. 중앙정부의 지원을 받아 운영되는 국립 기술대학은 미래 산업인력들의 기술 문해력을 더 높은 수준으로 끌어올릴 것이다."
#,TechnologyGrants,기술개발 지원금,"정부는 기업들이 새롭고 흥미로운 기술에 투자하도록 국고지원을 제공할 수 있다. 이는 국가경쟁력 확보와 일자리 창출에 도움이 되지만, 불필요한 시장 왜곡이라는 주장이 나올 수도 있다."
#,TelecommutingInitiative,재택근무 추진계획,"원격근무 내지는 재택근무는 교통망에 운송 부담을 줄여주고 삶의 질을 개선해줄 수 있어 바람직한 방안으로 여겨진다. 아이들을 돌보는 부모 역시 재택근무를 선호하는 편이다. 재택근무 추진계획은 재택근무를 지원하는 기업에 세제혜택을 제공하는 방식으로 운영된다."
#,TobaccoTax,담뱃세,"담배회사들은 극구 부인하지만, 흡연이 건강에 악영향을 준다고 볼만한 이유는 충분하다. 이러한 점은 담배에 세금을 부과하는 명분으로 이용된다. 이를 두고 정부 스스로가 반대하는 상품에 세금을 붙여 큰 이득을 얻는다며 비아냥을 듣기도 한다. 하지만 건강 캠페인 진영에서는 담뱃세를 국민건강을 증진시킬 수 있는 수단으로 본다."
#,TollRoads,도로통행료,"도로통행료는 주요 고속도로와 같은 특정 도로를 이용하는 운전자에게 도로 이용요금을 부과하는 제도이다. 통행료는 시장원리를 직접적으로 적용하는 좋은 예시 중 하나인데, 이는 특정 경로를 지나다니는 이들에게만 요금을 걷어 해당 경로의 건설 및 유지보수 비용을 충당하기 때문이다. 운전자들은 통행료를 또 다른 세금의 일종으로 여기겠지만, 통근자들은 통행료가 부과되는 도로를 잘 이용하지 않아 환영하는 분위기가 강할 것이다."
#,UnemployedBenefit,실업급여,실업급여는 일을 할 수 있으나 일자리를 구하지 못한 사람 모두에게 지급하는 국가 급여이다. 사회주의자들은 실업급여를 경기변동에 따라 일자리를 잃는 노동자를 위한 최소한의 안전망이라 여긴다. 하지만 높은 수준의 실업급여는 시장을 왜곡하고 사람들이 일자리를 굳이 찾으려 들지 않게 만든다고 믿는 이들도 있다.
#,UniversityGrants,대학 지원금,"모든 시민들이 대학 교육을 받으려 하지는 않겠지만, 정부는 고등교육 인력을 양성하는 차원에서 학생들에게 지원을 제공할 수 있다. 대학 지원금은 또한 기회의 평등을 보장해줄 수 있는데, 이는 지원금 없이는 대학 교육의 비용이 노동자 계급 가구가 감당할 수 있는 수준을 넘어설 수 있기 때문이다."
#,WelfareFraudDept,복지 부정수급 조사부,"정부가 각종 복지수당에 많은 돈을 지출하고 있다면 복지예산이 허위청구를 하는 사람들에게 악용되지 않고 목적에 맞게 지급되고 있는지 확인할 필요가 있다. 별도의 부정수급 조사부를 두어 허위청구자를 찾아내고 부정수급된 수당을 환수한다면, 비록 정당하게 수당을 청구한 이들로부터 반감을 사겠지만 중산층 납세자들에게는 세금이 제대로 쓰이고 있다는 확신을 심어줄 수 있을 것이다."
#,WinterFuelSubsidy,난방비 보조금,노년층에게 특별한 혜택으로써 제공되는 보조금이다. 난방비 보조금은 정년을 넘긴 노년층에게 겨울철 연료비를 지원하는 정기지급형 복지수당의 일종이다. 일부 노년층이 겨울철 난방비를 감당하지 못해 발생하는 에너지 빈곤층 문제를 줄이기 위해 고안되었다.
#,WorkSafetyLaw,산업안전법,"줄여서 흔히 산업안전법으로 불리는 산업안전보건법은 직원들이 일과 중 부상의 위험에 처하지 않도록 보장하기 위해 만들어진 법령들을 통칭한다. 노동조합 측에서는 이 법률이 생명을 위험에 빠뜨리는 비양심적인 고용주에 맞설 중요한 방어수단이라 칭송한다. 하지만 많은 기업가들은 법이 관료주의와 규제만 양산해 기업에 부담을 준다며 우려한다."
#,YouthClubSubsidies,청소년센터 보조금,"무료 청소년센터는 10대들에게 갈 곳을 제공해 곤경에서 벗어나는 것을 도울 수 있고, 장기적으로 길거리 범죄 발생을 줄일 수 있다. 하지만 일부 부유층 납세자들은 자신들이 낸 세금이 별 필요도 없는 곳에 쓰인다고 생각해 반감을 보일 수도 있다."
#,AbortionLaw,낙태법,"낙태만큼이나 논쟁이 격렬해지는 정책 분야는 많지 않다. 생명권 진영에서는 아직 출생하지 않은 태아에도 생명권이 있다는 주장을 펼치며, 흔히 종교적인 관점에서의 주장을 내놓기도 한다. 자기결정권 진영에서는 여성이 자기 신체를 가지고 무엇을 하건 국가가 이래라저래라 할 일이 아니라는 주장을 편다. 낙태에 관한 국가의 입장을 바꾸려면 막대한 양의 정치력이 필요할 것이다."
#,RentControls,임대료 규제,"공공주택의 대안 중 하나가 바로 민간 임대시장을 국가가 규제해 민간 부문에서도 모든 이들에게 적당한 비용의 주거지를 공급하도록 하는 제도를 시행하는 것이다. 자본주의자들은 이를 당연히 신규주택의 건설을 막을 것이 뻔한 자유시장의 왜곡이라 보겠지만, 지지측에서는 탐욕스러운 집주인들이 가난한 서민을 착취하는 일을 막아줄 것이라 말한다."
#,SchoolVouchers,교육 바우처,"사립학교 부문의 성장을 장려하면서 모두에게 적당한 비용으로 교육을 제공하기 위한 정책수단이다. 교육 바우처는 국가가 발행해 아이 숫자에 따라 부모에게 지급되며, 이는 민간 교육 부문에서 사용할 수 있다. 이는 완전히 공립학교만을 이용하는 방식과는 다른 접근법으로, 교육 바우처 제도를 시행하면 학교 대다수를 민간에서 운영하게 되고 교사들도 더는 공무원이 아니게 된다."
#,OilDrillingSubsidy,석유 시추 보조금,"신규 석유 및 가스 시추에 대한 투자를 장려하고 전국적으로 화석연료 에너지 공급을 증진하는 차원에서 각종 세제혜택을 이용해 실질적으로 화석연료에 보조금을 지급하는 정책이다. 보조금은 간접적으로 석유 가격을 낮추고 경제를 활성화시킬 수 있지만, 환경주의자의 큰 분노를 살 것이다."
#,MansionTax,고급주택 보유세,"초고가 주택 소유자에게 매년 부과되는 특별 고율 보유세이다. 일각에서는 집을 숨길 수는 없는 만큼 조세회피가 불가능에 가깝다며 지지하는 모습을 보인다. 하지만 고가의 집을 보유하고 있지만 상대적으로 소득이 적은 일부 노년층에게는 불공정한 조세로 받아들여진다. 이는 소득세와는 달리 부유세의 일종에 속한다."
#,FuelEfficiency,자동차 연비 규제,"신차를 대상으로 최소 연비 효율을 규정하고 기준 준수를 의무화하는 제도이다. 국내 자동차의 연비 효율을 장기적으로 끌어올려 석유 의존도를 낮춤과 동시에 장기적으로 운전 비용 또한 감소시키는 것을 목표로 한다. 자동차 제조업체는 싫어하겠지만 환경주의자들은 크게 호평할 것이다."
#,ForeignInvestorTaxBreaks,외국인투자 조세감면,"국내 투자 촉진을 목적으로 외국계 다국적기업에 주어지는 특별 조세감면이다. 이는 과세특례 기간을 두거나, 신규진입 법인에 법인세 감면을 제공하거나, 아예 직접 보조금을 제공하는 등의 수단을 활용해 투자를 유도한다. 외국인 투자를 유도하는 데에 분명 도움이 되겠지만, 극도로 비애국적인 행위로 비쳐질 수 있으며, 정권이 변덕스러운 외국 자본의 비위를 맞춰준다는 말이 나올 수 있다."
#,RoboticsResearch,로봇 연구지원금,"로봇공학 연구를 장려하기 위해 지급하는 특별지원금이다. 로봇공학은 장기적인 연구가 필요한 분야로 막대한 생산성 향상을 가져다주겠지만, 동시에 저숙련 및 반숙련 일자리를 크게 줄여 잠재적으로 대규모 실업을 양산할 가능성이 존재한다."
#,PrivatePrisons,민영 교도소,"국가 교정시설을 직접 통제하고 운영하는 대신, 민영 교도소 정책은 민간이 교도소를 소유 및 운영하도록 허용하고 국가에서는 비용만을 지불하는 방식이다. 민영 교도소는 낮은 비용에 높은 효율을 낼 수 있다. 하지만 이러한 정책수단은 노동조합원들에게는 지지를 받지 못한다. 진보주의자들은 수감을 통해 이익을 취하는 것에 관해 윤리적인 우려를 보낼 수 있지만, 그래도 충분한 예산을 투입해 교화를 충분히 장려한다면 만족할 것이다."
#,JunkFoodTax,정크푸드세,"테이크아웃 햄버거, 탄산음료, 설탕이나 지방 함량이 높은 가공식품 등 건강에 좋지 않은 식품에 부과하는 징벌적 조세이다. 정크푸드세의 부과 목적은 국민의 건강 증진이지만 별로 인기가 없을 수도 있다."
#,HealthFoodSubsidies,건강식품 보조금,"과일과 채소와 같은 건강한 식품을 고지방, 고당분 식품보다 저렴하게 구입할 수 있도록 세제혜택을 제공하는 정책이다. 나쁜 식습관을 처벌하기보다는 올바른 식습관에 보상을 제공하는 것으로, 비만세에 비해 빈곤층에 대한 징벌적 성격이 훨씬 약하다."
#,Tasers,테이저건,비살상 무기지만 여전히 효과적이고 어쩌면 위험할 수도 있는 테이저건은 전기충격으로 범죄자를 무력화시키는 무기이다. 지지측에서는 강력범을 무력화시켜야 할 필요성과 기존의 총기로 인한 사망 위험 사이에서의 좋은 절충점이라고 말한다. 반대측에서는 테이저가 경찰이 무기를 꺼내 드는 데에 심리적인 장벽을 낮춰 결국 경찰이 국민을 상대로 물리력을 무분별하게 사용하도록 유도할 것이라 주장한다.
#,PoliceDrones,경찰 드론,"무인정찰기는 경찰이 운용하는 무선조종 비행기와 비슷하다고 할 수 있다. 이러한 하늘의 눈은 폭도나 폭력시위대를 추적하는 데에 유용하며, 알아차리기 어려우면서도 유용한 감시 도구가 되어줄 수 있다. 경찰은 드론을 현대적인 범죄 대응에 필수적인 도구로 여기지만, 모든 사람이 추적당하는 빅브라더식 감시사회를 향해 나아가는 단계에 있다고 우려가 나오기도 한다."
#,ArtsSubsidies,예술 보조금,"예술 분야에 대한 공적자금 투자는 엘리트들만 즐기고 경제성은 없는 오락거리를 지원한다 여기는 자본주의자들에겐 논란이 많지만, 국제적으로 국가 이미지를 개선하고 관광객을 끌어들이는 등 한 나라의 문화에 아주 중요한 역할을 한다고 보는 이들도 있다."
#,HealthcareVouchers,의료 바우처,"민간의료 부문의 성장을 장려하면서 모두에게 의료 접근권을 보장하기 위한 정책수단이다. 의료 바우처는 국가가 발행해 모두에게 지급되며, 이는 민간의료 부문에서만 사용할 수 있다. 이는 완전히 공공의료만을 이용하는 방식과는 다른 접근법으로, 의료 바우처 제도를 시행하면 병원 대다수를 민간에서 운영하게 되고 의료인력도 더는 공무원이 아니게 된다."
#,HealthTaxCredits,의료비 세액공제,"세금 부담을 줄여주는 방식으로 민간의료 부문에서의 지출을 장려하는 세액공제 및 환급 제도이다. 이는 국가에서 병원을 운영하거나 의사를 고용하지 않고도 의료 부문을 활성화시킬 수 있게 해주지만, 그 효과는 우선 세금을 낼 정도로 충분한 소득을 가진 이들에게만 한정된다."
#,SchoolTaxCredits,교육비 세액공제,"세금 부담을 줄여주는 방식으로 사립학교 부문에서의 지출을 장려하는 세액공제 및 환급 제도이다. 이는 국가에서 학교를 운영하거나 교사를 고용하지 않고도 교육 부문을 활성화시킬 수 있게 해주지만, 그 효과는 우선 세금을 낼 정도로 충분한 소득을 가진 이들에게만 한정된다."
#,FoodStamps,푸드 스탬프,"푸드 스탬프는 국가에서 바우처나 스탬프를 발행해 저소득 또는 무소득자에게 나누어주어서 식품을 구매할 수 있게 해주는 제도이다. 직접적으로 현금을 지급하는 제도와는 달리, 푸드 스탬프는 식자재 구매에만 사용할 수 있어 건강에 나쁜 테이크아웃 식품에 사용하는 것은 불가능하다. 지지측에서는 푸드 스탬프를 소득과 무관하게 그 누구도 굶지 않도록 보장하는 좋은 방법이라 본다. 하지만 비판측에서는 이 제도를 그저 생색내기 뿐이고 자유시장의 실패와 저임금구조가 만들어낸 문제점에 대한 땜질 처방에 지나지 않는다고 여긴다."
#,FoodStandards,식품안전국,"식품안전국은 국내에서 유통되는 식품의 안전과 최소영양기준을 보장하는 것을 목적으로 하는 정부 부처이다. 식품안전국은 농부들에겐 관료주의와 간섭만 더하는 기관이라는 평가를 받을 수도 있지만, 공공보건단체에서는 비용 절감만을 노리는 비양심적인 식품 생산업자로부터 소비자를 지켜줄 필수적인 방어선이 되어 줄 것이라 평가한다."
#,EnterpriseInvestmentScheme,기업투자제도,"기업투자제도는 국내의 소규모 스타트업 기업에 투자하는 부유층에게 세제혜택을 주는 제도이다. 기업투자제도는 성장이 유망한 기업에 투자를 촉진하고 경제를 부양하며, 동시에 기업 투자자들에게 세금 감면이라는 인기 있는 혜택도 제공한다. 하지만 결국 이 제도는 투자에 사용할만한 저축이 없는 사람들이 간접적으로 돈을 내주는 구조가 된다."
#,RecreationalDrugsTax,오락성 약물세,"대마나 환각제와 같은 약물을 합법화한 사회에서는 정부가 이러한 약물의 소비를 조세수입원으로 활용하고자 하는 마음이 쉽게 들 수 있다. 이러한 오락성 약물세는 정부가 주류나 담배에 세금을 붙이는 것과 비슷한 방식으로 시민 건강에 미치는 악영향을 고려해 약물 사용을 온건하게 억제할 필요가 있다는 주장으로 뒷받침된다."
#,HumanCloningResearchGrants,인간복제 연구지원금,"줄기세포 연구는 단지 첫걸음에 불과하다. 인간복제가 이제 코앞으로 다가왔고 지금이 바로 이 획기적인 발전에서 선두의 자리를 차지할 기회이다. 종교계에서 크게 분노하겠지만, 부유한 예비 부모들은 자기 자신을 복제하는 꿈을 실현시키길 원하고 있다."
#,DroneStrikeAct,드론공습법,"국제 테러리즘이 우리나라를 위협하고 있다. 외국지역에서의 드론 공습은 테러 단체의 능력이 최고조에 달하기 전에 미리 방지하는 안전한 수단이다. 애국자들은 테러 단체 지도부를 정밀타격해야 한다고 외치지만, 진보주의자들은 이를 비윤리적이라 여긴다."
#,ElectricCarsInitiative,전기차 지원계획,전국적으로 표준화된 전기차 충전체계를 도입되면서 전기차의 판매량이 증가하고 있다. 전기자동차의 취득을 장려한다면 석유 의존도를 낮출 수 있을 것이다. 환경주의자들은 길거리의 자동차들이 더는 이산화탄소를 배출하지 않게 된다는 점에 다들 만족할 것이다.
#,ClimateChangeAdaptionFund,기후변화적응기금,"지구온난화가 자연재해의 빈도와 강도를 모두 높이고 있다. 기후변화적응기금은 댐과 기상위성부터 삼림 조성과 저수지에 이르기까지 다양한 대규모 프로젝트에 자금을 지원하게 된다. 많은 비용이 들어갈 수 있지만, 환경주의자와 농부들은 꼭 필요한 정책이라고 목소리를 높이고 있다."
#,OneChildPolicy,한 자녀 정책,한 자녀 정책은 인구과잉 및 관련 사회경제적 문제를 막기 위한 인구조절 대책이다. 이를 통해 빈곤을 감소시키고 출산율을 안정시킬 수 있다. 하지만 부모와 종교인들은 이 법에 반대할 것이다.
#,MarsProgram,화성 프로그램,"일부 언론들이 새로운 우주 시대라는 단어를 써가며 우주개발 이야기를 하고 있다. 지금이야말로 이웃 행성인 화성부터 시작해 별들을 향해 나아갈 때인지도 모른다. 화성 프로그램은 새로운 기술 혁신 뿐만 아니라 국민통합에도 기여하고 애국자들에게 자부심을 심어줄 것이다."
#,AntibioticsBan,항생제사료 금지,"축산업자와 농부들은 수십 년 전 사료에 매일 소량의 항생제를 투여하면 가축의 체중증가율이 높아진다는 점을 발견한 이후부터 가축들에게 항생제를 먹이고 있다. 아직 가축에 대한 항생제의 사용과 항생제 내성균의 증가 사이 직접적인 연관성을 보여주는 결정적인 증거는 없으나, 최근 많은 연구들이 그러한 연관성이 존재함을 시사하고 있다. 항생제사료의 금지는 육류 생산 감소로 이어지겠지만 소비자의 안전을 보장해줄 수 있을 것이다."
#,MandatoryMicrochipImplant,마이크로칩 이식 의무화,"여권은 물론이고 지문마저도 위조가 가능해진 세상이다. 하지만 피부 아래에 마이크로칩을 이식하면 국내의 모든 사람을 기술적으로 인식할 수 있게 된다. 이식이 의무화되면 수사기관은 이제 누가 어디에 언제 있었는지를 정확하게 추적할 수 있게 된다. 그러나 진보주의자들은 완전한 감시가 가능해진다는 점에 크게 분노할 것이다."
#,RareEarthRefinement,희토류 채굴,국내 첨단기술 및 산업생산의 해외수입 의존도를 줄이기 위해 희토류 금속 채굴을 국가 정책적 차원에서 지원한다. 채굴과정은 환경에 좋지 않겠지만 국내 산업과 기술 발전은 희토류 공급에 크게 의존하고 있는 실정이다. 물론 환경주의자들은 이에 분노를 감추지 못할 것이다.
#,DriverlessCarLaws,자율주행법,자율주행 기술이 급속도로 발전하고 있다. 자동차 제조업체들은 정부에 일반도로에서의 자율주행을 허용해야 할 때라며 바람을 넣고 있다.
#,SyntheticMeatResearchGrants,인공배양육 연구지원금,"과도한 경작과 가뭄, 인구 성장이 맞물리면서 육류 가격이 오르고 있다. 인공배양육의 생산은 서민들이 저렴한 가격에 고기를 구입할 수 있게 해줄 수 있다. 하지만 농부들은 식량 생산이 농지에서 연구실로 옮겨가는 현상에 반대할 것이다."
#,InternetCurrencyTaxation,암호화폐 과세,"갈수록 많은 상업활동이 암호화폐를 이용해 이루어지고 있다. 암호화폐로 인한 탈세 금액을 충당하고 새로운 화폐를 기존의 재정체계와 연계시키기 위해서는 정부의 규정과 세금을 도입할 필요가 있다. 암호화폐 과세는 자영업자나 중소기업 등 거래에 암호화폐를 받는 이들의 소득을 감소시킬 것이다."
#,VerticalFarmSubsidies,수직농업 보조금,새로운 농지로 쓸 땅이 점차 찾기 어려워지고 있지만 최근 건축과 농업 분야에서의 각종 발명을 조합한 결과 도시 내에서의 수직농업이 실현 가능해졌다. 수직농장에서의 식량 생산에는 더 많은 자원이 필요하긴 하지만 운송비용이 줄어드는 만큼 별문제는 아니다.
#,GreenElectronicsInitiative,친환경 전자제품 정책계획,"친환경 전자제품 정책계획의 목표는 전자제품 산업에서 발생하는 폐기물을 줄이는 것이다. 이는 좀 더 환경친화적인 금속채굴부터 업사이클링 프로젝트 등을 포괄하며, 여타 광범위한 조치를 통해 디지털화된 세상을 좀 더 깨끗하게 만들어줄 것이다."
#,InternationalFusionResearchProject,국제 핵융합 연구 프로젝트,"상업적 이용이 가능한 핵융합 발전소 제작을 목표로 하는 국제 핵융합 연구개발 프로젝트이다. 핵융합은 기존의 핵분열보다 훨씬 안전하고 효율적인 방식이다. 참여한다면 많은 비용이 들어가겠지만, 연구 프로젝트는 기술개발과 에너지 효율 향상에 기여할 것이다. 하지만 환경주의자들은 전통적으로 원자력의 이용을 경계하고 있다."
#,LimitAutomatedTrading,자동매매 제한,"주식 자동매매 소프트웨어는 주식시장의 미세한 움직임과 단기 패턴을 이용하는 방식으로 작동해 시장의 변동성과 불안정성을 높인다. 주식시장 폭락사태는 이러한 자동매매를 제한함으로써 방지될 수 있다. 다만 기존에 자동매매를 이용해 이익을 보던 자본주의자들과 부유층은 더는 이익을 얻지 못하게 된다."
#,AutomationTax,자동화세,"기술 혁신이 눈부신 발명으로 이어지기는 했지만, 산업 자동화에는 일자리 감소라는 어두운 이면이 존재한다. 일자리가 적어질수록 소득세 수입도 감소하는 만큼, 경제부처에서는 국가 조세수입 손실을 벌충하기 위해 기술 선진기업에 부과하는 자동화세를 고안해냈다."
#,GovernmentSubsidiesForUnions,노동조합 정부보조금,"노동조합은 국가에 필수적인 기능을 제공하며, 이는 모든 사업장과 산업 분야를 망라하고 노동자를 고취시키고 지원하는 등 국민의 집단적 이익에 부합한다. 따라서 정부는 세금으로 노조의 활동을 재정적으로 지원해야 할 필요가 있다."
#,SecretCourts,비공개 재판,"현대의 테러와 범죄에 맞서 싸우려면 일반 국민에게 숨겨야만 할 필요가 있는 것도 생기기 마련이다. 이를 위해서는 정부 공직자들의 통제 하에 비공개 재판 제도를 시행해 법이 제대로 지켜지고 위반되는 일이 없도록 할 필요가 있다. 정보기관에서 사용하는 수단이 공개 재판을 통해 드러난다면 테러와 중대 범죄에 제대로 대응할 수 없을 것이다."
#,GeneralMediaCensorship,일반매체검열,"대중의 분노가 민주질서의 안녕에 해가 되는 경우도 있다. 일반매체검열을 시행한다면 나쁜 루머와 추측성 소문이 걷잡을 수 없이 확산하는 것을 미연에 방지할 수 있다. 비록 자유권적 기본권을 일부 제한하기는 하지만 폭력과 공포를 줄일 수 있다면 그만한 가치가 있는 일인지도 모른다. 다들 반사회적인 극단주의 세력이 언론을 마음대로 이용해 사회불안을 일으키는 상황을 원하지는 않을 것이다."
#,TortureUsageBySecretServices,정보기관의 고문 허용,"테러범들은 정말이지 다루기 힘든 이들이고 테러 공격을 예방하려면 특단의 조치를 내릴 필요가 있을 수도 있다. 고문 허용을 통해 테러와 범죄를 얼마나 예방할 수 있는지는 100% 확실하게 말하기가 불가능하지만, 안보 기관의 손을 묶어두고서 테러범과 같은 적들과 맞서 싸우게 하는 것보다는 당연히 합당한 처사일 것이다. 불과 싸우려면 맞불 작전으로 가야 한다."
#,CapCEOPayMultiplier,최고경영자 임금상한제,"대기업 최고경영자가 힘든 자리라는 점에는 별로 이의가 없겠지만, 경영진의 임금 수준은 현재 걷잡을 수 없이 솟고 있어 저임금 노동자들의 큰 공분을 사고 있다. 최고경영자 임금 상한은 정의롭고 공정한 사회라면 전적으로 합리적인 제도이다."
#,BanSecondHomeOwnership,다주택 보유 금지,"물리법칙에 따르면 한 사람은 동시에 여러 장소에 있을 수 없다. 그렇다면 사람들이 집을 두 채씩이나 보유할 이유가 없다는 결론이 도출된다. 다주택 보유 금지 정책은 집을 한 채 이상 보유하는 것을 불법으로 규정해 사용하지 않는 빈집을 정부가 압류함으로써 사회 전반의 불평등을 대폭 해소하고 더 많은 사람들이 좋은 집에서 살 수 있게 해준다."
#,Banprivateeducation,사립학교 금지,"학교 어린이들이 올바르게 배우고 이상한 발상에 영향을 받지 않게 하려면 사립학교를 금지하는 것이 올바른 방향일 수도 있다. 소위 명문고가 모두 사라진다면 모든 아이들이 학습하고 커서 훌륭한 사람이 되는 데에 있어 균등한 기회를 부여받고, 계층과 소득수준이 다른 아이들도 모두 같이 섞여 지내게 되면서 불평등 역시 점차 줄여나갈 수 있을 것이다."
#,Banprivatehealthcare,민간의료 금지,나머지는 그저 참고 견디는 동안 일부 사람들만 우수한 의료서비스와 개발 중인 신약을 누릴 수 있어야 하는 이유는 없다. 민간의료를 금지한다면 그 누구도 특별대우를 받지 않고 모두가 건강 회복에 필요한 만큼만을 받아 가도록 할 수 있을 것이다. 누군가의 건강이 통장 잔고에 따라 결정되는 일은 없어야 한다.
#,Tradeunionbansatcompanies,노동조합 제한,"요즘 같은 현대사회에서 기업은 많은 도전에 직면한다. 노동조합은 갖가지 요구를 더해가면서 도전을 가중시키고는 하는 만큼, 노조를 금지시킨다면 경영진이 기업 경쟁력을 높이고 수익을 극대화하는데 집중할 수 있도록 도와줄 수 있을 것이다. 물론 노동자의 권리를 아주 없애버리는 것은 아니다. 그저 이제는 노동자들이 별 쓸모도 없는 기관의 도움 없이 각자 알아서 권리를 받아내야 할 뿐이다."
#,Compulsoryworkfortheunemployed,실업자 의무근로,"실업수당을 수령한 사람 모두에게 매주 일정 근로를 하지 않으면 수당 삭감 위험을 감수하도록 하는 정책이다. 주로 공공미화작업이나 길거리 쓰레기 줍기 등 기존의 일자리를 위협하지 않는 일을 시키게 된다. 이를 통해 상당 규모의 노동력을 유용하게 활용하고, 실업자들을 다시 근로 일과로 복귀시켜 가능하다면 차후 일자리를 얻게 하는 것을 목표로 한다. 그 누구도 일하지 않고 국가의 도움만으로 살아가기를 기대해서는 안 된다."
#,Punitivewealthtax,초고소득자 중과세,"돈을 많이 버는 것을 그렇게 잘못되었다 할 일은 아니지만, 사회의 불평등이 너무나도 극심해진 오늘날 가장 많은 소득을 벌어들이는 이들에게 건전한 사회를 유지하는 데에 필요한 비용을 부담시켜 자신의 몫을 다하도록 해야만 할 필요가 있다. 돈을 정말 필요로 하는 건 저소득층인 만큼, 초고소득자 과세표준 구간에 한해 소득 대부분을 떼어가는 수준의 높은 소득세율을 설정하는 것은 전적으로 합당한 조치이다."
#,Publictaxreturns,세금신고서 공개,"안타깝게도 일부 부유층은 불법적인 탈세 수법을 이용해 조세를 회피하려고 한다. 세금신고서를 공중에 공개시킨다면 누구나 공개된 세금신고서를 확인해 조세제도에 허점이 있거나 제도를 악용하는 사람이 있는지 알아볼 수 있을 것이다. 이렇게 세금신고서를 완전히 공개하면 조세제도에 대한 지지를 높일 수 있을 뿐만 아니라, 탈세를 줄임과 동시에 모두에게 소득 증명을 실질적으로 강제하는 효과를 낼 것이다."
#,Compulsorylanguagelessons,외국어강좌 의무수강,"취업 시장에서 취직확률을 높이거나 다른 나라에서 온 사람들을 더 잘 이해하기 위해 스스로 외국어를 배우는 수고를 굳이 들이고 싶어 하지 않는 사람들도 있다. 외국어강좌 의무수강은 그런 사람들이 바깥 세계와 마주하도록 강제함으로써, 외국 방문객들에 대한 태도를 개선하고, 외국계 기업과 더 많은 사업 기회를 얻을 수 있도록 하며, 동시에 다른 문화에 대한 이해를 크게 높일 수 있다."
#,Banforeignchurchservice,외래종교 예배금지,"오해는 비극을 낳을 수 있고, 과거 종교갈등만큼이나 많은 문제와 사망자를 낳은 것은 없었다. 더 이상의 문제를 예방하는 가장 쉬운 방법이 바로 외래종교 예배를 전면 금지시켜 잠재적인 오해와 사회불안을 피하는 것이다."
#,Diversityquotasforcompanies,기업 다양성할당제,"다양성이 높은 기업이 행복하고 건강한 기업이다. 다양성할당제를 이용하면 기업들이 동일한 자격요건 내에서 다양한 문화적 배경을 가진 지원자들을 고용하도록 강제해, 인종갈등을 완화시키고 기업을 기회 평등의 장으로 만들어줄 것이다."
#,Newcarsubsidies,신차 보조금,"신차는 구입에 많은 돈이 들어가지만 환경에 더 적은 부담을 주고, 구형 중고차는 가격은 저렴할지 몰라도 더 많은 공해를 일으킨다. 신차 보조금을 지급하면 사람들이 더 안전하고 환경보호에 유리한 새 자동차를 구입하도록 도우면서 운전자들을 만족시켜 줄 수 있다. 모두에게 새 자동차의 냄새를 맡게 해 줄 시간이다."
#,Flagsoneverystreetcorner,국기게양 의무화,"애국심을 고취시키고 사람들에게 소속감을 불어넣어 주는 차원에서, 모든 길목마다 국기를 게양시킨다면 국민적 자긍심을 함양시키는 데에 보탬이 될 것이다. 그냥 햄버거 광고가 달린 것보다야 훨씬 보기 좋음은 말할 필요도 없다."
#,Nationalanthematstartofnews,뉴스 시보 국가 방영,뉴스 시작 직전에 나오는 시보 영상은 보기에는 화려하지만 한 가지 놓친 부분이 있다. 바로 뉴스는 우리나라에 있는 우리 국민들을 위한 것이라는 점이다. 이러한 점을 분명히 하기 위해 뉴스 시보에 국가를 틀어놓도록 한다면 애국심과 긍지를 더해줄 수 있을 것이다.
#,Nationalanthemsinschool,학교 국가제창,요즘 젊은이들은 국가에 대한 소속감을 완전히 잃어버렸다. 학교에서 국가를 제창하는 것으로 하루를 시작하게 된다면 젊은이들에게 국민적 자부심을 고취시키고 바른 품행을 보이도록 도와줄 것이다. 젊은이들은 그렇게 좋아하지는 않을지도 모르지만 다 도움이 되라고 하는 일이다.
#,Compulsorychurchattendance,교회참석 의무화,삶을 어떻게 살아야 하고 무엇이 중요한지 듣지 못한다면 구원을 받을 수는 없을 것이다. 교회참석을 의무화하면 수많은 영혼들을 구원하고 국민 대다수에게 더 나은 삶을 가져다줄 수 있을 것이다. 올바른 신념을 가지지 못한 이들에게는 유감이겠지만 말이다.
#,Forcepoliticalmilitaryreligiousoath,정치군사영역 종교선서 의무화,"정부 공직자와 군인들이 공개적으로 하는 선서 내용에 종교적인 요소를 추가한다면 일반 국민들에게 명예심과 안정감을 심어주고, 정말로 옳은 일을 하고 있다고 느끼게 할 수 있을 것이다. 정의와 함께하는 한 그 무엇도 잘못되지 않을 것이다."
#,Publicreligiousbroadcasts,종교방송편성,신앙과 이성의 목소리도 들려야지 효과가 있다. 종교방송을 편성한다면 현대 대중매체의 나쁜 영향에 대항하는 데에 큰 도움이 될 뿐만 아니라 사람들이 올바름을 다시 가치 있게 여기도록 만들어줄 것이다.
#,Bandivorce,이혼 금지,결혼이라는 신성한 제도는 원래 죽음이 둘을 갈라놓기 전까지는 그 무엇도 끊어낼 수 없는 것으로 여겨졌었다. 그러나 요즈음 사람들은 남편과 아내가 곤경을 함께 헤쳐나가야 함에도 정말 사소한 일로도 이혼을 해버리면서 가족 전체와 아이들의 행복을 위협하고 있다. 이혼을 금지시킨다면 결혼의 진정한 의미를 다시 되살릴 수 있을 것이다.
#,Banhomosexuality,동성애 금지,"수많은 종교 문헌에서 동성애는 죄악이라 말하고 있다. 동성애 문제에 대처하기 위해 동성애를 금지시킨다면 많은 죄인들을 설득해 다시 정상적인 삶으로 돌려놓고 신께서 의도하신 자연의 질서를 따르도록 만들 수 있을 것이다."
#,Banlowmpgcars,저효율 자동차 금지,"유가가 끊임없이 오르고 사방에서 자연을 오염시키고 있는 만큼, 연비 효율이 낮아 연료를 너무 많이 잡아먹는 자동차를 금지하는 것이 환경을 보호하고 과도한 연료 사용을 억제하는 올바른 조치가 될 수 있다. 커다란 크루저 오토바이가 보기에는 멋있을지 몰라도, 너무나도 많은 비용을 발생시키고 낭비적인 만큼 도로상에서 금지되어야 한다. 환경에 좋은 것이 결국 사회에 좋은 것이다."
#,Mandatorymicrogeneration,자가발전 의무화,"요즘 개개인의 삶에서 가장 큰 비용요소는 전력과 난방이다. 소규모 자가발전을 의무화시키면 모든 시민은 각자의 여건과 거주지역에 따라 태양광이나 풍력 등을 이용해 자신이 사용하는 전기의 일정 부분 이상을 자가발전으로 채워야 한다. 이는 이산화탄소 배출 감축으로 향하는 하나의 큰 발걸음이 될 것이다."
#,Punitivetaxonsuperstores,대형마트 징벌과세,"대형마트는 시민들이 이용하기에 편리할지는 몰라도 여러 부작용이 존재한다. 대형마트는 자동차 이용을 늘리고, 지역 상권을 위축시키며, 결국 상권을 잠식해 나감에 따라 가족사업 규모의 소상공인이 설 자리를 빼앗기고 대기업이 지배하는 사회로 이어질 수 있다. 이렇듯 사회 조직 곳곳에 가해지는 피해를 감안하면 대형마트에 대한 추가 과세가 필요하다."
#,Limitorbancarsincities,도심지 자동차 통행제한,"자동차는 대기오염의 주요 요인이며 특히 대도시에서는 매우 중요한 요인이 된다. 혼잡통행료를 붙이거나 아예 도시에서 자동차를 전면 금지시킨다면 도시의 대기오염을 없애는 데에 큰 도움이 되고 대중교통 이용을 늘릴 것이다. 자동차의 전면 금지는 다소 극단적인 조치로 비칠 수 있으나 유독한 공기를 들이마시는 것보다는 훨씬 나은 일이다."
#,Closeairportscompletely,공항 폐쇄,"공해에 맞서 싸우기 위한 극단적인 조치로, 공항을 전부 폐쇄한다면 무역, 대외관계, 관광 등에 심각한 영향이 가기는 하겠지만 공해를 크게 줄이고 다른 교통수단의 이용을 높일 수 있다. 오늘날 항공산업이 발생시키는 환경파괴를 더는 그냥 눈감아 줄 수 없다. 절박한 시기인 만큼 절박한 조치가 필요하다."
#,HealthyEatingCampaign,건강식습관 캠페인,"요리 프로그램, 광고, 뉴스와 기타 매체에서의 특집 보도 등을 통해 사람들에게 자신이 어떤 식품을 먹고 있는지, 건강에 나쁜 식품이 어떤 영향을 주는지, 좋은 식사는 어떻게 만들 수 있는지 등을 알 수 있도록 도와준다. 이러한 캠페인은 국민의 전반적인 건강을 개선하고 비만을 줄여줄 것이다."
#,CyclingCampaign,자전거 캠페인,"자전거 캠페인을 통해 도시에서 자전거가 얼마나 많은 이점을 갖는지를 강조해 보여준다. 교통체증을 쉽게 피할 수 있는 점이나 연료비를 아낄 수 있는 점부터 불필요한 공해를 방지하는 등 자전거는 다양한 사람들에게 다양한 이점을 제공할 수 있다. 그저 사람들이 아직 이점을 잘 모를 뿐이다."
#,CarPoolingCampaign,카풀 캠페인,"사람들이 함께 모여서 가진 자원을 더 잘 활용하게 하려면 적극적인 독려가 필요할 수도 있다. 카풀이 그 좋은 예시로, 카풀 캠페인은 사람들에게 카풀을 하는 것이 얼마나 재밌고 유익한지 깨닫게 해주고 교통 체증도 감소시킬 수 있다. 여전히 교통 체증 속에 갇히게 되더라도 이젠 최소한 기다리면서 같이 대화할 사람 정도는 있게 될 것이다."
#,KeepTheCountryTidyCampaign,꺠끗한 나라 만들기 캠페인,"사람들이 쓰레기를 버리는 것에 양심의 가책을 느끼게 하려고 만들어진 대중매체 캠페인이다. 벌금은 그 금액이 얼마가 되건 간에 지켜보는 사람이 있어야지만 효과를 볼 수 있다. 하지만 양심의 가책은 혼자만 있어도 느낄 수 있으며, 따라서 장기적으로는 더 큰 효과를 볼 수 있다."
#,TourismAdCampaign,관광홍보 캠페인,"관광산업은 많은 사람들과 기업들의 수입원일 뿐만 아니라 대외관계 개선에도 도움을 준다. 관광홍보 캠페인은 외국에서 진행되며, 국내 가장 아름다운 장소들과 중요한 볼거리는 무엇이 있는지, 어떤 멋진 사람들을 만날 수 있는지, 맛있는 맥주는 어디서 마시는지 등을 보여주고, 더 나아가면 박물관이나 행사 무료입장권을 조금 배부하는 등, 더 많은 사람들이 관광을 오도록 끌어들일 만한 홍보 활동을 펼친다."
#,AlcoholAwarenessCampaign,알콜중독 예방 캠페인,"술은 적당히만 마시더라도 위험할 수 있다. 알콜중독 예방 캠페인은 음주 사고나 알콜중독으로 친구 관계가 무너지는 것부터 질병이나 사망 위험까지 술이 불러올 수 있는 온갖 문제를 보여주면서 알콜중독에 대한 경각심을 일깨워준다. 그렇게 보기에 즐거운 내용은 아니겠지만, 지금 기분을 조금 가라앉히고 정신을 차리는 편이 나중에 큰 고통을 겪는 것보다는 나을 것이다."
#,BusinessStartupCampaign,스타트업 캠페인,"기발한 아이디어를 가진 사람은 많지만, 정말로 아이디어를 가지고 작게나마 창업을 시도하는 사람은 극소수에 불과하다. 스타트업 캠페인은 창업을 하려면 무엇을 해야 하고 어디로 가야 하며 어떤 인허가가 필요한지를 알려줌으로써 창업하려는 사람들에게 도움을 제공한다. 이는 정말 많은 도움이 될 것이며 자영업자들의 행복도를 높여줄 것이다."
#,YouthPoliticsCouncil,청소년의회,"민주주의 국가라면 아이들에게 정치는 어떻게 굴러가고 정치를 통해 무엇을 이룰 수 있는지를 가르치는 것은 매우 중요하다. 청소년의회를 설치한다면 청소년들이 지역사회나 지자체 단계에서 직접적인 경험을 쌓으면서 실제로 정치를 통해 변화를 이루어내는 과정을 확인할 수 있으며, 어쩌면 미래의 지도자급 인재를 발굴할 수 있을지도 모른다."
#,NationalArmedForcesWeek,국군의 날 기념식,"국가를 수호하는 영웅들은 그에 대해 충분한 인정을 받아야 한다. 국군의 날을 제정해 국군 장병들을 위한 기념식을 연다면, 장병들에게 감사의 마음을 전함과 동시에 국민들에게 국가의 안전을 지키기 위해 목숨까지도 바칠 용감한 남녀 장병들이 누구인지를 보여줄 수 있을 것이다."
#,FreeParentingClasses,무료 육아수업,"아이가 새로 태어나는 것은 부모에게는 정말이지 힘들고 지치는 일이 될 수 있다. 각종 무료 육아수업을 제공하면 어떻게 평범한 생활을 유지하면서 아기를 기를 수 있는지와 같이 출산 후의 상황에 대처하는 방법을 배울 수 있다. 그런다고 아기가 딱히 덜 울지는 않겠지만, 부모가 스트레스를 더 잘 견디고 육아에 대해 더 잘 이해하게 해줌과 동시에 비슷한 상황에 있는 다른 부모와 교류할 기회도 제공해줄 것이다."
#,NationalBusinessCouncil,전국경제인협의회,"전국경제인협의회를 설치한다면 정부에 기업계의 이익을 강력하게 대변하고 대기업과 중소기업 모두의 요구를 고려하도록 만들 수 있다. 협의회는 자본주의와 기업활동을 장려하고 기업계가 고용 창출과 번영을 비롯해 많은 것들을 제공해줄 수 있다는 메시지를 전달하는 하나의 창구가 될 것이다."
#,SocialJusticeFoundation,사회정의재단,"이 정책을 펼치면 사회 소외계층과 빈곤층의 고민과 문제들을 다루는 재단을 설립하게 된다. 재단은 이들의 걱정거리를 조금이나마 덜어주고 사회 통합의 분위기를 강화해줄 것이다. 직접적으로 이들에게 더 나은 삶을 제공해주지는 않겠지만, 적어도 더 나은 미래에 대한 희망만큼은 심어줄 수 있을 것이며 이는 분명 중요한 부분이라 할 수 있다."
#,SmartMeterProgram,스마트미터 프로그램,"각 가구에 스마트미터를 설치해 에너지 이용 효율을 높일 수 있다면, 사람들은 돈도 아끼고 환경도 살리는 데에도 일조할 수 있다. 모든 가구가 스마트미터를 설치하게 만드는 데에는 상당한 시간이 소요되고 기적적인 효과를 내지도 않겠지만, 장기적으로 보면 분명히 상당한 에너지를 절약하고 아이들을 위해 환경을 보전하는 데에 보탬이 될 것이다."
#,NeedleExchangeProgram,주사침 교환 프로그램,"마약중독은 그 자체로 이미 나쁘지만, 오염 또는 감염된 주사침은 마약중독자들에게 또 다른 위험이 된다. 이러한 상황에 도움을 주기 위해 주사침 교환 프로그램은 마약중독자가 청결한 주사침을 필요한 만큼 얻을 수 있도록 도와주고, 다시 깨끗하고 정상적인 삶을 살 수 있도록 도움을 제공한다. 보수주의자들은 이를 사실상의 마약 합법화라고 생각하지만, 진보주의자들은 장기적으로 봤을 때 약물 남용에 대처하는 좋은 방안이라고 본다."
#,StampOutRacismWeek,인종차별 근절주간,"연중 한 주를 인종·문화적 다양성을 포용하는 주로 지정해 인종갈등을 줄이는 것을 목표로 한다. 여기에는 언론 특집 보도, 세계 각국의 진미를 맛볼 수 있는 먹거리 장터 행사, 지역공동체 모임, 축하 행사 및 친선 경연대회 등이 포함된다."
#,CompulsoryFoodLabelling,식품표시정보 의무화,"건강에 좋지 않은 식품은 너무나도 많지만, 기업들은 제품을 훨씬 더 맛있어 보이게 만들거나 원재료 목록을 매우 작게 표시하는 등 소비자의 눈을 가리는 영리한 방법을 발견해냈다. 식품표시정보 의무화는 이런 상황에 종지부를 찍어줄 수 있다. 식품표시정보를 의무화하면 모든 식품에는 이제 들어간 원재료와 첨가물을 전부 표기해야 하며, 이는 사람들이 건강하게 먹으려면 어떤 식품을 선택해야 하는지 쉽게 알 수 있도록 해줄 것이다."
#,TradeCouncil,무역위원회,"외국에서 믿을만한 무역 파트너를 찾는 것은 항상 번거로운 일이다. 무역위원회를 설립해 잠재적인 무역 파트너의 목록을 올려 두고 미리 제안을 보내놓도록 한다면 이제 훨씬 쉽게 파트너를 찾을 수 있게 된다. 이는 국제 무역을 증가시키고 경제를 활성화시킬 것이다."
#,CompulsoryForeignLanguageClasses,외국어 의무교육,"타인의 언어를 이해하는 것이야말로 타인을 이해하는 가장 중요한 첫걸음이다. 외국어 의무교육을 도입해 학교에서 아이들에게 일찍이 정해진 외국어 몇 가지를 가르친다면 나중에 커서 외국어를 유창하게 할 수 있을 것이다. 이는 또한 인종갈등을 감소시키고 대외관계와 무역을 증진시킬 것이다."
#,LaborDayBankHoliday,노동절 공휴일 지정,"노동절을 공휴일로 지정해 시민들에게 삶에서 돈이 전부는 아니라는 점을 다시 한번 알려주는 기회로 삼는다. 노동자 계급뿐만 아니라 즐거운 시간을 보내고 싶어하는 이들 모두의 행복을 증진시키는 데에 분명 도움이 되겠지만, 하루를 쉬면서 발생하는 금전적 손실로 인해 경제에는 부정적인 영향을 미치게 된다."
#,CityFarms,도시 농업,"농부들로부터 직접 신선한 농작물을 구매하고 싶어 하는 사람들은 많지만, 도시에 거주하다 보면 농촌까지 차를 몰고 가기는 여간 번거로운 일이 아니다. 하지만 역으로 농부를 도시로 직접 데려오는 방법도 있다. 도시 농업 프로그램은 관심 있는 농부들에게 도시 내부나 주변부에 농장을 세우도록 지원해 소비자의 접근성을 개선하고 아이들이 농업에 진로 관심을 가지게 될 가능성을 높인다."
#,EcoHomeRegulations,주택 환경규제,"주택에 친환경 규정 및 기준을 두어 주택건설 시 기존에 비해 다양한 요소를 고려하도록 한다. 부동산 개발업자와 임대업자들에겐 골칫거리겠지만 장기적인 관점에서 환경 보호에 도움이 될 것이다."
#,YoungEntrepreneurScheme,청년 기업가 지원제도,"청년 기업가 지원제도는 미래에 기업가가 되려고 하는 젊은이들을 돕고 지원을 제공하는 제도이다. 청년들에게 성공한 기업가들로부터 배울 기회와 기업가가 되려면 무엇을 하고 누구에게 물어보아야 하는지 등의 상세한 정보를 제공하고, 제도적으로 자본주의의 기둥이 될 미래세대를 길러내는 만큼 자본주의자의 행복도가 크게 상승할 것이다."
#,DiplomaticService,외교통상본부,"외국에 대사와 서기관을 두는 것을 넘어 아예 외교통상본부를 두려면 많은 비용이 들 수 있다. 하지만 국제외교의 영역에서는 최고로 유리한 교섭 결과를 얻고 세계 각국과의 우호와 관련국들과의 밀접한 관계를 유지하기 위해서는 전반적인 정세를 능통하게 파악할 필요가 있다. 효과를 보기까지는 시간이 좀 걸리겠지만, 대외관계를 확실히 증진해 줄 것이다."
#,WitnessProtectionProgram,증인보호 프로그램,"범죄행위의 증인이 영원히 사라져버린다면 범인을 붙잡아도 아무 소용이 없을 것이다. 따라서 증인을 보호하는 것은 사법제도를 실제로 시행하는 데 매우 중요한 부분이 되며, 이 부분이 더 잘 행해질수록 더 많은 범죄자에게 유죄 판결을 내릴 수 있고 다시 더 많은 사람들이 범죄를 목격했을 때 증인으로 나서주게 될 것이다."
#,CompulsorySchoolSports,스포츠수업 의무화,"단지 학교에서 매주 한 번씩 체육 수업을 하는 걸 넘어서, 이 프로그램은 완전히 별도의 스포츠수업을 실시하도록 규정한다. 학생들은 좋아하는 스포츠 분야를 하나씩 선택해 훈련하고, 나중에 충분히 실력이 있는 학생들은 지역, 광역지자체, 더 나아가면 전국이나 세계 단위에서 학교 간 토너먼트를 해서 경기를 하게 된다. 이렇게 하면 아이들의 건강을 증진시킬 수 있을 것이다."
#,BicycleSubsidies,자전거 보조금,"사람들이 자동차에서 자전거로 갈아타도록 유도하는 차원에서, 금전적인 유인이 필요할 수 있다. 자전거 보조금을 도입하면 사람들이 자전거를 쉽고 저렴하게 구입할 수 있게 된다. 이는 더 많은 사람들이 자동차를 몰거나 집에 틀어박히는 대신 자전거를 이용하는 결과를 낳아 시민들의 건강을 조금이나마 증진시켜줄 것이다."
#,FrequentFlyerTax,항공기 상용고객세,항공기 상용고객세는 한 해에 여러 차례 항공편을 이용하는 승객에게만 부과되는 세금이다. 그 취지는 환경을 위해 항공기 이용량을 줄이면서도 평균적인 소득의 시민들이 간간이 연휴에 항공편을 이용할 수 있게 해주는 것이다.
#,EmptyHomesTax,빈집세,"다주택을 보유한 부유층이 매년 1~2개월 정도만 이용한다거나 하는 식으로 대부분의 기간을 비워두는 집에 부과하는 세금이다. 타 지역에서 온 부유층 구매자가 부동산을 사들이면서 젊은 층이나 서민들이 집을 살 수 없을 정도로 가격을 올려놓는 문제가 발생하고는 하는 농촌 지역의 유권자들에게 인기가 높다."
#,DivertedProfitsTax,우회이익세,"실제 신고금액과 무관하게 대기업들의 국내에서 발생한 것으로 추정되는 이익에 부과하는 세금이다. 이러한 조세제도는 다국적기업들이 각종 회계기법을 악용해 법인세가 낮거나 없는 조세피난처에서 모든 수익이 발생했다 주장하는 식으로 법인세를 회피하는 것을 방지하기 위해 사용된다. 즉, 우회이익세는 조세제도를 악용하는 다국적기업에 법을 조문 그대로만 지키는 것이 아니라 법의 정신을 지키도록 하는 유인책으로 고안된 것이다."
#,UniversalBasicIncome,보편적 기본소득,"소득이나 재산과 관계없이 모든 사회구성원에게 일정액으로 제공하는 보편적 복지수당이다. 기본소득은 복지제도의 관료주의적 부담을 간소화함과 동시에 모든 시민들에게 보편적인 사회안전망을 제공하는 방안이라 여겨진다. 또한 자동화로 인해 등장할 수 있는 노동감축 사회로의 길을 닦는 방안이 될 수도 있다."
#,StateTelecoms,통신공사,"국가가 소유하고 운영하는 통신기업으로, 정부가 전 국민에게 통신망이 공급되도록 보장하고 통신망의 이용을 금전적으로 지원하기 쉽게 해준다."
#,StateWater,수자원공사,"국가가 소유하고 운영하는 수자원기업으로, 적자로 보조금을 받는 한이 있어도 전 국민이 깨끗한 물을 이용할 수 있도록 보장한다."
#,StateRail,철도공사,"국가가 소유하고 운영하는 철도기업으로, 필요하다면 정부가 대중교통을 손실을 보면서라도 운영할 수 있게 해준다."
#,StateEnergy,전력공사,"국가가 소유하고 운영하는 전력기업으로, 정부가 원한다면 에너지 생산에 금전적인 지원을 할 수 있게 해준다."
#,MinimumWage,최저임금,"노동시장에 규제가 전혀 없다면 사람들이 가난에 빠질 정도로 임금 수준이 낮아질 수도 있다. 정부가 최저임금을 설정하면 이러한 상황을 방지하고 불평등을 줄일 수 있지만, 동시에 최저임금은 시장을 왜곡하며 일부 기업을 폐업으로 몰아갈 수도 있다."
#,GayMarriage,동성결혼,"전통적으로 대다수 종교는 남성과 여성 간의 결혼만을 지지하지만, 좀 더 진보적인 사회에서는 법적으로 인정받는 시민결합이나 아예 동성커플간의 결혼 제도를 인정하는 것에 찬성한다. 다만 시민결합이나 동성결혼을 교회에서 치르게 해주거나 성직자가 치러주어야 하는지는 논쟁의 대상이다."
#,RightToDie,안락사 권리,"자살을 처벌하는 것은 분명 별 의미가 없겠지만, 국가는 타인을 조력해 죽음을 앞당겨주는 행위를 범죄로 처벌하는 경우가 잦으며, 이는 죽음을 원하는 본인이 큰 고통을 받고 있으며 조력 없이는 스스로 죽음에 이를 수 없는 경우에도 마찬가지이다. 주로 종교계는 어떤 상황에서라도 자살 및 자살의 조력에 관해 비판적인 견해를 보인다."
#,RightToPrivacy,프라이버시권,"삶의 많은 부분이 점차 온라인으로 끌려들어 가고 각자의 행동과 행적을 추적하기가 쉬워짐에 따라, 일각에서는 정부 및 기업으로부터의 프라이버시권을 보장하는 것이 필수적이라 주장하지만, 이는 분명 기업 수익과 수사기관의 활동에 영향을 미칠 것이다."
#,GenderTransition,성전환,"일부 종교단체와 사회 내 보수층은 성별은 오직 두 가지뿐이며 성별을 바꾸는 것은 허용되어선 안 된다고 주장한다. 반면 젠더는 언제나 유동적이고 그 누구도 타인에게 자신의 젠더 관점을 강요해선 안 된다는 주장을 하는 이들도 있다. 결국 국가는 성전환이 어디까지 공식적으로 받아들여지고 받아들여지지 않는지 입장을 정해야만 한다."
#,PrisonRegime,교도소 운영정책,"진보주의자들은 재소자들을 교화시키고, 석방된 이후에 범죄의 길에 다시 빠지지 않도록 일자리를 구할 수 있게 해주어야 한다는 지향점을 가지고 있다. 반면에 보수주의자들은 교도소가 강한 위하력을 보여주어야 하며, 그러기 위해서는 범죄에 대한 처벌의 기능을 강조해야 한다고 본다."
#,Reforestation,녹화사업,"이산화탄소를 줄이기 위한 조치 중 하나로, 나무를 심는 활동에는 상대적으로 논란이 적은 편이다. 하지만 일부 단체에서는 원인이 아니라 증상만 다루는 정책에 불과하다며, 이산화탄소는 배출원에서 줄여야 하는 것이지 배출된 뒤에 잡아내려 해선 안 된다고 주장한다."
#,StateBroadcaster,공영방송,"공영방송은 기업 광고의 영향에서 벗어나 공정하고 독립적인 뉴스를 제공할 수 있다. 또한 편향적인 뉴스와 가짜뉴스의 확산을 막는 방어선의 역할을 할 수 있지만, 강제적인 수신료 징수를 달가워하는 사람은 누구도 없을 것이다."
#,WorkersOnBoards,노동이사제,"노동이사제는 자본주의자들 사이에서는 노동자들이 이사회에서 계속 임금을 높이고 노동시간을 줄이는 쪽으로 표를 던질 것이라며 우려해 인기가 없지만, 사회주의자와 노동조합 측에서는 기업이 주주들뿐만 아니라 그 직원들도 고려한 결정을 내릴 수 있게 해주는 정책이라고 본다."
#,TearGas,최루가스,"최루가스는 성난 군중을 통제할 수 있는 좋은 방안이지만, 건강에 영향을 줄 수도 있고 권위주의 정권의 전유물로 여겨지기도 한다. 최루가스는 보통 최후의 수단으로만 이용되는 편이다."
#,RubberBullets,고무탄,"고무 내지는 플라스틱으로 제작된 탄알은 실탄사격을 대체하는 비살상적인 대안으로, 경찰이 시위대나 폭도를 향해 발포하는 식으로 사용한다. 하지만 고무탄 발포는 보통 극단적인 조치로 여겨진다."
#,WaterCannon,물대포,"시위대와 폭도를 상대로 사용할 수 있는 효과적인 군중 통제 수단이지만 비살상적이며 위험성도 낮다. 하지만 물대포는 보통 최후의 수단으로 여겨지며, 민주주의 정부보다는 권위주의 정부들에게 인기가 높은 편이다."
#,CarbonCaptureAndStorage,탄소 포집 저장,"탄소 포집 저장은 직접적인 대기중의 탄소 포집부터 기존의 화석연료 발전소와 같은 탄소 배출원에서의 포집 방식 등 다양한 공학적 해법을 활용해 대기중의 이산화탄소를 포집 및 저장함으로써 기후변화를 줄이는 것을 목표로 한다."
#,PayrollTax,급여세,"직원들에게 주는 봉급에 따라 고용주에게 부과되는 세금이다. 징수가 용이하고 회피하기는 어려운 세금이지만, 고용을 저해하는 요인으로 작용할 수도 있다."
#,BorderWall,국경장벽,"반이민 정책의 궁극적인 형태는 전국에 물리적인 장벽을 세워 불법 이민자를 막는 것이다. 여기에는 감당하기 어려운 수준으로 많은 비용이 들 수 있지만, 국경 방어에 대한 정부의 의지를 명확하고 가시적으로 보여주는 예시가 될 수 있다."
#,QuantitativeEasing,양적완화,"중앙은행이 화폐를 발행해 채권이나 주식을 직접 매입하는 비전통적인 통화정책의 일종이다. 즉각적인 경제활동 촉진 효과를 볼 수 있지만, 인플레이션을 증가시키고 주식 소유자의 부를 증대시켜 주게 된다."
#,HelicopterMoney,헬리콥터 머니,"경제를 즉각적으로 활성화시키기 위해 고안된 이례적인 정책으로, 정부가 사실상 돈을 찍어내 시민들에게 쓰라고 직접 나누어주는 방식이다. 지급액은 일정액을 정해서 주며, 고소득층에게는 지급되지 않을 수 있다. 화폐 발행을 이용하는 정책이 모두 그렇듯 인플레이션을 유발한다."
#,CharityTaxRelief,기부금 세액공제,"부유층 또는 납세자에게 자선 기부금 일부를 산출세액에서 공제해주는 방식으로 자선단체로의 기부를 활성화하기 위해 고안된 정책이다."
,,,
#,ExecutiveTermLength,임기,"다음 선거가 있기 전까지 한 개인이 정부를 이끌 수 있는 기간이다. 임기 기간을 변경하려면 엄청난 규모의 정치적인 노력이 필요할 것이다. 지도자를 선출하는 것은 국민이 민주주의 제도에 직접 영향력을 행사할 수 있는 몇 안 되는 상황 중 하나이다. 따라서 선거가 더 자주 치러질수록 나라의 민주주의 수준도 올라가게 된다."
#,ExecutiveTermLimit,연임 제한,"국가의 지도자가 재선될 수 있는 횟수 제한이다. 연임 제한은 한 국가 지도자가 평생 집무실을 차지하는 독점적 통치 행태를 제한하는 수단으로 작용한다. 연임 제한을 두는 것은 민주주의를 유지하기 위한 중요한 견제수단이기도 하지만 유능한 지도력이 가져다주는 성과를 줄일 수도 있기 때문에 적당한 균형점을 찾는 것이 중요하다."
#,JudiciaryIndependence,사법 독립성,"권력분립은 국가권력을 각기 다른 책무를 가진 여러 부로 분할시킬 것을 요구하는 통치구조이다. 사법부는 전국의 법원들로 구성되며, 국가의 법률을 해석하고 적용하는 역할을 한다. 다른 부나 사익이 법원의 결정에 영향력을 행사하기 시작하면 사법 독립성은 무너지게 된다."
#,PressFreedom,언론의 자유,"언론의 자유는 곧 전자 및 출판 매체를 활용한 표현과 통신의 자유이다. 언론의 자유는 의견과 사상을 검열받지 않고 자유로이 전달할 수 있는 자유로서 인권의 근간이 되는 표현의 자유와 밀접하게 연관되어 있다. 언론의 자유를 축소한다면 민주주의에 부정적인 영향을 미치겠지만, 동시에 정보 접근에 대한 검열통제를 가능하게 해줄 것이다."
#,ForeignInvestmentRestrictions,외국인 투자제한 제도,"외국인 투자에는 외국의 영향력이 따라온다. 외국의 영향력이 달갑지 않다면 외국인 투자를 막는 제한을 두는 방법이 있다. 이런 방식으로 국제 자유시장을 제한하는 행위는 자본주의자들에겐 별로 인기가 없지만, 외국에서 영향력을 행사하는 것에 반대하는 애국자들에겐 지지를 받는다."
#,GameHunting,사냥 제한,"재미를 위해 동물을 사냥하는 것은 논란이 많은 행위이며, 개체 수가 계속 줄어들고 있는 동물이라면 더욱더 그렇다. 하지만 한편으로는 야생동물 역시 국가의 천연자원의 일종으로 볼 수 있으며, 가치가 높은 사냥산업을 조성하는 데에 이용될 수 있다. 사냥 규제는 동물 개체 수를 관리하고 동물 종을 보호하며 사냥이라는 특권에 적절한 대가를 치르도록 하는 방안이 될 수 있다. 물론 자연을 위해서라면 아예 전면 금지가 최선일 것이다."
#,AntiCorruptionAgency,반부패기구,"반부패단속기구를 설치한다. 부패를 척결하라고 그냥 지시만 내리는 것도 가능은 하겠지만, 부패사범을 적발해 기소하는 것만이 사익을 위한 권력 남용을 근절할 유일한 방안이다. 반부패기구에 더 많은 자원이 주어질수록 더 큰 부패권력자를 법의 심판대에 세울 수 있을 것이다."
#,FemaleGenitalMutilationBan,할례 금지,"성기훼손으로도 알려진 할례는 남녀를 포괄해 아동들에게 가해지는 의식으로, 이러한 관행은 사회·종교적인 용인이 대물림됨에 따라 계속 이어진다. 모든 시민들에게 이러한 아동을 향한 폭력은 더는 용납될 수 없다는 점을 전면 금지조치를 내림으로써 분명히 할 필요가 있다. 금지조치를 단속하기 위해 자원을 배정한다면 그 효과는 더욱더 빠르고 깊게 느껴질 수 있을 것이다."
#,IntellectualPropertyRights,지식재산권,"혁신적인 아이디어를 일정 기간 창작자만이 독점적으로 이용할 수 있도록 제도적으로 보호한다. 지식재산권을 옹호하는 측에서는 금전적인 이익이야말로 발명을 촉진하는 강력한 유인이라고 주장한다. 지식재산권 제도의 본 목적은 창의성과 발전을 촉진하는 것이다. 그러나 실제에서는 지식재산권 제도가 권리의 등록과 행사에 필요한 비용을 낼 수 있는 부유층에게 유리하게 작용하는 경향이 있다."
#,GenderDiscriminationAct,성차별금지법,"여성에 대한 차별을 불법으로 규정한다. 여성에게도 동등한 권리가 있음을 법률에 적어놓는 것을 넘어서, 역사적인 불평등을 적극적인 조치를 통해 바로잡는 방향을 취할 수도 있다. 어퍼머티브 액션으로도 불리는 소수자 우대정책으로 나아가면 노동시장과 정치제도 모든 영역에서의 여성의 고용 또는 임명을 우대하게 된다."
#,FamilyPlanning,가족계획,"국민의 성 건강을 개선하기 위해서는 가족계획 프로그램을 시행할 수 있다. 대표적인 정책 내용으로는 교육, 의사 진찰, 피임기구 배부 등이 포함된다. 이 프로그램을 통해 개개인이 아이를 갖는 수와 시간 간격을 미리 계획하도록 만들 수 있다. 가족계획은 여성의 권리를 증진시키며, 빈곤 가정에서 태어나는 아이의 수를 줄여준다."
#,TobaccoAwarenessCampaign,금연 캠페인,"정부는 흡연이 시민들의 건강에 미치는 지독한 폐해를 오래전부터 알고 있는 상태지만, 담배를 끊게 하는 것은 말처럼 쉽지가 않다. 흡연이 국가 보건의료체계에 주는 영향을 줄이는 것과 흡연이 가져다주는 조세수입 사이에서 적당한 지점을 선택해야만 한다."
#,CapitalControls,자본이동 통제,"나라 밖으로 나가는 자본이동을 통제한다. 이는 나라에서 부가 유출되는 것을 방지하는 상당히 극단적인 조치이다. 시민들은 자본도피 방지 차원에서 일정량 이상의 화폐를 들고 국외로 출국하는 것이 금지되며, 이로써 부유층이 자신의 부를 들고 떠나는 것을 막는다. 이는 부유층에게 매우 인기가 없으며, 자본주의자들은 이를 이동의 자유와 재산권에 대한 침해로 여긴다."
#,BodyCameras,바디캠,"경찰관에게 의무적으로 카메라를 장착하고 다니게 하는 것은 경찰들이 일반 국민을 대할 때 스스로 법을 준수함과 동시에 예의 바르고 정직하게 행동하도록 하는 방법의 하나이다. 카메라가 없다면 경찰의 부패나 가혹행위에 관한 고충은 쉽게 처리되지 않을 것이다."
#,SocialCare,사회적 돌봄,"사회적 돌봄은 국가로부터 필요한 이들에게 직접 돌봄을 제공하는 정책 패키지이다. 이는 혼자 생활할 수 없는 노인들을 위한 주간보호시설과 노인요양보호시설, 치매환자 요양지원, 여성보호센터, 정신건강장애자 지원 등을 포괄한다."
#,CongestionCharging,혼잡통행료,"많은 대도시들은 매일 통행하는 교통량의 규모가 이미 감당 불가능한 수준이다. 다소 부작용이 따르는 방법이기는 하지만, 번호판을 인식해 도시로 들어오는 차량 전부에 매일 혼잡통행료를 부과하는 것은 극단적 상황에서 교통 체증을 줄이는 효과적인 방안임이 이미 입증된 상태이다."
#,PrisonerVoting,재소자 선거권,"일부 국가에서는 재소자들도 여전히 사회의 일원이라는 느낌을 심어주고 재소자의 복지가 잘 대변될 수 있게 보장하는 차원에서 모든 재소자가 선거에 참여할 권리를 가진다. 하지만 선거권을 사회의 규칙을 준수하는 이들에게만 주어지는 특권이라 보고 복역 중인 이들의 선거권을 법적으로 박탈하는 국가도 있다."
#,SelectiveSchooling,비평준화 교육,"정부는 모든 학생이 능력과 무관하게 같은 교실에서 함께 교육받아야 하는지, 아니면 재능있는 학생들을 따로 모아서 빠르게 수업을 나가거나 아예 최고의 능력을 가진 학생들을 별도의 학교를 두어 선발해야 하는지 결정해야만 한다."
#,Cyberbullyingawarenesscampaign,사이버폭력 인식캠페인,"TV, 라디오, 온라인, 전광판 광고 프로그램을 실시해 부모와 교사들에게 아이들이 온라인에서 괴롭힘을 당하고 있는지 징후를 살펴보도록 주의를 일깨우고, 사이버폭력이 아이들의 정신건강에 해를 끼치기 전에 조기에 문제를 발견하고 대처할 수 있도록 한다."
#,DrugEnforcement,마약단속국,"마약류관리법의 집행이라는 특수목적을 위해 훈련받은 경찰 전문인력들로 특별단속반을 구성한다. 마약탐지 훈련을 받은 탐지견부터 잠복 요원과 국경경비대에 이르기까지 전방위적인 협력을 통해 마약이 국내로 흘러들어오는 것을 막는다."
#,DrugTreatment,마약중독 치료계획,"불법 마약 투약으로 사람들을 처벌하는 것은 별로 성과가 없다. 마약중독자들에게 정말로 필요한 것은 치료로, 약물 의존에서 벗어나게 해줄 장기적 관점의 대책이 있어야 한다. 마약중독 치료계획은 공급을 제한하는 방식이 아닌 수요를 감소시키는 방식으로 마약 문제에 대응하는 것을 목표로 한다."
#,StateAirline,항공공사,"말 그대로 하늘에 국기가 날아다니게 해주는 국영항공사는 국가적인 위신을 드높여줄 수 있다. 그렇기에 국가가 소유하고 운영하는 항공사는 손실을 내더라도 관광과 애국심을 장려하는 차원에서 유지할 가치가 있다고 여겨지는 경우도 많다."
#,StatePostService,우체국공사,"국가가 소유하고 운영하는 우편사업은 자연독점산업에 해당하기도 하고, 보편적 서비스 의무에 따라 모든 주소에 동일한 비용으로 배송해주는 제도를 보통 선호하기 때문에 국가사업으로서의 타당성이 있다고 볼 수 있다. 우체국공사는 또한 대규모의 고용을 창출해주기도 한다."
#,NuclearFission,원자력 발전소,"핵분열은 CO2 배출과 함께 석유와 가스 수요를 획기적으로 줄일 수 있는 재생 가능한 에너지원이 틀림없지만, 전력생산비용이 비쌀 수 있으며 방사성 폐기물과 원자로 폐로에 관련된 문제가 따라오게 된다. 환경주의자들은 원자력 대신 풍력과 태양에너지를 선호하는 경향이 있다."
,,,
#,SolidarityTax,연대세,"독일에만 존재하는 소득세에 가산되는 세금으로, 동서독의 통일과 이후 동독지역의 기반시설을 개선하는 데에 들어가는 비용을 충당하기 위해 도입되었다."
#,BanCoal,석탄사용 금지,"기후변화에 맞서 싸우려면 석탄이야말로 최악의 원인 중 하나라는 점을 알아둘 필요가 있다. 이제는 필요하다면 재생에너지로 전환할 기술이 있으며 정 안된다고 하더라도 석유나 가스를 이용할 수 있는 만큼, 석탄이라는 심각한 공해를 발생시키는 에너지원의 이용을 중단시키는 법안의 통과는 합당한 조치이다."
#,FinancialTransactionsTax,금융거래세,"투자는 다 좋은 게 좋은 일이지만, 실질적으로 들여다보면 금융거래의 대부분은 불필요한 투기이고 사실상의 도박이나 다름이 없으며, 결국 헤지펀드와 금융계에만 막대한 이익을 가져다줄 뿐 그 어떤 가치도 창출하지 않는다. 거래마다 약간의 세금을 붙인다면 조세수입도 늘리고 위험한 투기도 줄일 수 있을 것이다."
#,ProportionalFines,소득비례벌금제,"벌금이 소득에 따라 늘어나지 않는다면 반사회적 행위에 대한 예방효과를 보여줄 수 없다. 누군가에겐 막대하고 금전적으로 파멸적인 수준의 벌금도 초부유층엔 그저 귀찮은 수준에 불과하다. 모든 벌금이 소득에 비례해 늘어나게 한다면, 이제는 정말로 법이 모두에게 평등하게 적용될 수 있을 것이다."
,,,
#,RetirementAge,정년제도,"공적연금이 존재하는 나라에서 정년은 근로자가 은퇴해 국가로부터 연금을 받을 수 있는 최소연령을 결정한다. 또한 기업들도 자체적으로 정년을 정할 때 정부에서 정한 정년을 기준점으로 흔히 사용하기도 한다. 일찍 은퇴한다면 근로자들은 좋을 수도 있지만, 경제에 영향이 가고 생산성도 떨어질 것이다."
#,CitizenshipForSale,시민권 판매,"이민이 저임금 노동자의 유입에 관한 우려를 발생시키거나 이민자들이 국가지원에 의존하고 자원을 소모하기만 하는 것이 아니냐는 우려가 나온다면, 상당한 개인 재산을 가지고 있어 국가에 부담이 되지 않음을 입증한 이민자에게만 시민권을 부여할 수도 있다. 이러한 시민권 판매 정책은 그럴만한 돈이 없는 대다수 이민자들에게 불공평한 처사로 받아들여질 수 있다."
#,ImmigrationRules,이민법,"이민을 올 수 있는 사람과 없는 사람을 규정하는 법률이다. 공식적으로 규정이 어떻게 되건 불법 이민자들에게는 큰 영향이 없을지 몰라도, 이민 전반에는 큰 영향을 미칠 수 있다. 이민자들이 경제를 활성화시킬 것이라 믿는 이들도 있지만, 저임금 노동자들은 일자리를 두고 경쟁이 심해질 것이라 우려하고는 한다."
#,RefugeePolicy,난민정책,"대부분의 국가는 재난 지역이나 전쟁으로 폐허가 된 국가에서 온 이민자들을 받아주어야 할 도덕적 책임이 있다는 점은 인정하지만, 기후변화나 기타 요소로 인해 국제적으로 난민이 크게 늘어나거나 하는 상황에서 난민의 요건과 한도를 어디까지 풀어야 하는지는 격렬한 논쟁이 따라온다."
,,,
#,banwomendriving,여성 운전금지,"명분이 종교 문헌의 어떤 구절이건 아니면 여성은 자동차를 운전할 수 없거나 해서는 안 된다는 문화 전반의 태도건 간에, 여성 운전금지 정책은 인구 50%가 운전의 자유를 제한받게 됨을 의미한다. 이는 극보수주의 진영과 극단주의 종교단체에서는 환영받을지도 모르지만, 진보주의 진영과 성평등 진영에서는 극명하게 반대의 반응일 것이다."
#,religioustax,교회세,"사실상의 소득세 내지는 십일조로, 사람들의 소득에서 일정 부분을 징수해 종교기관에 직접 건네주고 원하는 대로 사용하게 하는 방식이다. 자선단체와 같은 방식으로 돈이 좋은 목적을 가진 곳으로 흘러갈 것이라 기대되긴 하지만, 국가 지도자와 달리 종교 지도자들은 교회세를 납부하는 사람들이 선출한 것이 아니기 때문에 부패의 여지가 충분히 존재한다."
#,religiousbanknotes,종교요소 화폐도안,"종교요소 화폐도안 정책은 종교적인 구절이나 상징을 지폐 및 동전에 사용하도록 허가하는 정책이다. 시민들에게 종교는 삶에 있어 큰 부분을 차지하며 국가에서도 사실상 일정 부분을 차지고 있음을 되새겨주는 강력한 방안이다. 그러나 이는 정교분리를 요구하는 이들에게는 반감을 일으킬 수 있다."
#,statereligion,국교,"국가는 특정 종교를 국가 공식 종교로 지정할 수 있으며, 이는 무신론이나 기타 종교 숭배를 계속 허용하는 것과 꼭 상충하지는 않는다. 적어도 일정한 종교의식을 두는 것에서 시작해, 국민이 선출한 대표자들의 선서 절차 등을 교회가 주관하거나 비선출직인 교회 대표자들에게 실질적인 정치적 권력을 주는 것까지 나아갈 수 있다."
,,,
#,desalination,담수화 시설,"담수화 시설은 바다에서 해수를 끌어와 인간이 마실 수 있는 물로 만드는 시설이다. 비싸고 에너지 소모가 높지만, 물부족을 해결할만한 다른 수단이 통하지 않거나 불충분한 경우 내지는 반대 여론이 심해 이용하기 어려운 경우에는 물부족의 해결책으로 이용될 수 있다."
#,watermeters,수도계량기 의무설치,"전국 모든 가구에 수도계량기를 의무적으로 설치시켜 수도 사용량에 따라 요금을 청구하는 것은 수도 사용량을 줄이고 물부족을 예방하는 효과적인 방안이 될 수 있다. 하지만 전국 모든 가구에 수도계량기를 설치하는 데에는 매우 오랜 시간이 소요될 것이다."
#,plasticstax,플라스틱세,비닐과 플라스틱 쓰레기는 생태계에 매우 오랜 시간을 잔존하기 때문에 환경주의자들 사이에서 주된 관심사로 꼽힌다. 플라스틱 생산에 붙는 세금은 적절한 친환경적인 대체품이 존재한다면 이를 선택하도록 만들어줄 것이다.
#,packagingtax,포장세,"재활용이 제대로 이루어지더라도 과도한 포장재의 사용은 환경에 치명적인 피해를 줄 수 있다. 한 가지 대책은 포장재의 생산이나 사용에 세금을 부과하는 것이다. 이렇게 하면 기업들은 제품 포장에 좀 더 효율적인 설계를 만들어낼 유인을 받게 된다."
#,unexplainedwealth,재산출처 공개명령제,"통상적인 무죄 추정의 원칙에 반하지만, 재산출처 공개명령제는 출처를 설명할 수 없는 큰 규모의 재산을 가진 이들을 기소할 수 있게 해준다. 논란의 여지가 있기는 하나, 범죄행위로 이익을 챙기고 종적을 잘 감추는 데 성공한 전문적인 범죄자들을 상대로 효과적인 정책이다."
#,competitionlaw,독점규제법,"독점규제법은 기본적으로 자유시장의 이상적 원칙을 지키고 소비자를 독점의 폐해로부터 보호하며 경쟁을 장려하는 것과 기업이 성장할 수 있게 하고 우수한 기업의 성공을 보장하는 것 두 가지 사이의 균형을 찾아야 하는 법률이다."
#,bordernavy,해안경비대,"바다에까지 국경장벽을 세울 수는 없는 만큼, 해안선이 넓은 국가나 섬 지역에서 국경장벽과 같이 불법 이민을 막는 방안이 필요하다면 경비정에 투자해 불법 이민자들을 태운 함선을 잡아내 다시 돌려보내는 방법이 있다."
#,NuclearWeapons,핵무기,"핵무기는 국가를 상대로 한 중대한 군사행동에 대한 궁극적인 억제 수단이다. 신뢰성 있게 핵공격을 방어할 수단은 존재하지 않지만, 보복 타격의 위협 그 자체만으로 타국의 공격을 저지하기에 충분하다. 신뢰성 있는 2차 타격 능력을 완전히 보장하기 위해선 국가는 가능하다면 전략원잠을 운용하고 적에게 탐지되지 않도록 지속해서 순찰시키는 방식을 채택하거나, 이론적으로는 우주 발사 병기를 운용할 수도 있을 것이다."
#,co2campaign,탄소저감 캠페인,"정부는 법을 제정하고 지출계획을 세울 수도 있지만, 시민들에게 자발적으로 탄소배출을 줄여야 한다고 적극적으로 촉구함으로써 기후변화 문제에 대처하는 것도 가능하다. 공익캠페인은 시민들이 에너지를 낭비하지 않고 좀 더 친환경적인 제품, 교통수단, 심지어는 고기를 적게 먹는 선택을 하도록 설득할 수 있다."
