#,SkillsShortage,기술인력 부족,"기업들이 충분한 기술과 숙련도를 갖춘 인력을 구할 수가 없다고 호소하고 있다. 현대경제는 기술인력에 대한 의존도가 매우 높으나, 시민들은 그러한 노동력 수요를 충족시킬 만큼 충분한 교육을 받지 못한 상태이다. 이러한 상황은 경제에 악영향을 줄 수 있다.",재계 수장들이 인력공백을 메울만큼 충분한 기술인력 공급이 이루어지지 않고 있다며 불만을 표시하고 있습니다.,재계 수장들이 우리 경제에 더 이상 확연한 기술인력 부족 현상이 나타나지 않는다고 전해왔습니다. 우리 시민들은 이제 충분한 교육과 훈련을 통해 우리 경제의 인력수요를 충족할 수 있게 되었습니다.
#,Pollution,공해,대기중에 배출되는 오염물질을 충분히 규제하지 않은 결과 공해가 심각한 수준에 도달했다. 공해는 건강수준 뿐만 아니라 삶의 질에도 영향을 준다. 환경주의자들이 크게 분노함은 당연하다.,심각한 공해 문제가 발생했습니다. 이는 앞으로 보건 문제로도 이어질 수 있습니다.,"환경전문가들이 우리나라의 공해 문제가 잘 조절되고 있다고 전해왔으며, 시민들이 자전거로 출근할 때 더이상 마스크를 쓸 필요가 없을 것이라 합니다."
#,Uncompetitive Economy,산업경쟁력 약화,"노동 생산성과 경쟁력 약화로 인해 수출이 감소하고 노동비용, 노동생산성, 기술 등에서 우위를 가진 외국으로부터 값싼 수입품이 쏟아져 들어오고 있다. 산업경쟁력의 약화는 국내기업을 국제경쟁에서 도태시켜 경제에 부정적인 영향을 끼친다.",경제수석이 세계시장에서 국내 기업의 경쟁력 부재를 우려하고 있습니다.,국내 기업의 경쟁력 부재 문제가 이제 가라앉았습니다.
#,TechnologicalAdvantage,기술적 우위,우리나라는 현재 여러 핵심 과학기술 분야에서 세계를 선도하는 지위에 오른 것으로 보인다. 이는 경쟁국가들을 상대로 상당한 우위를 점하게 해주기 때문에 경제전망에도 희소식이 될 것이다.,기술전문가들이 우리나라가 현재 기술분야에서 후발주자들에게 유의미한 우위를 점하는데 성공했다고 전해왔습니다.,최근 보고내용에 따르면 우리나라는 기술적 우위를 상실하고 오히려 경쟁국가들에게 기술적으로 뒤쳐지고 있다고 합니다. 이는 앞으로 우리 경제의 GDP에 악영향을 끼칠 가능성이 높습니다.
#,HighProductivity,높은 생산성,국내 노동인력은 경쟁국가와 비교했을 때 사실상 모든 분야에서 생산량 우위를 점할 정도로 매우 생산성이 높은 상태이다. 이는 앞으로의 경제전망에 희소식이 될 것이다.,재계 전문가들은 국내 기업들이 경쟁국가 기업들에 비해 효율성과 생산성이 매우 높다고 말하고 있습니다.,국내 노동자의 생산성이 감소해 우리나라는 더이상 특출나게 높은 생산성을 가진 나라로 분류되지 않게 되었습니다. 글로벌 기업들이 앞으로 국내 공장 설립을 재고하게 되는 등 우리 경제에 악영향을 미칠 가능성이 높습니다.
#,StreetGangs,길거리 폭력배,"길거리 폭력배들이 돌아다니는 것은 이제 도시의 거리에서 흔하게 볼 수 있는 광경이다. 길거리 폭력배 전원이 폭력행위를 하고 다니는 것은 아니지만 연루된 이들이 있는 것은 사실이며, 10대들이 길모퉁이에서 어슬렁대는 것이 바람직하지 못함은 분명하다.",경찰 간부들이 길거리 폭력배 문제가 새로이 대두되고 있으며 강력범죄와도 연계되어 있는 상황이라고 보고해 왔습니다.,"경찰청장은 최근 기자회견에서 기존의 길거리 폭력배 문제가 현재 통제하에 있으며, 앞으로도 계속 범죄율 감소와 시민행복 증진에 힘쓰겠다고 밝혔습니다."
#,AntisocialBehaviour,반사회적 행동,"공공기물파손, 공공소란, 각종 길거리 경범죄 등, 길거리에서 묻지마식 반사회적 행동이 흔해지면서 갖가지 문제가 발생하고 있다. 주류 소비량과 일부 연관이 있으며 거리에 충분한 경찰력이 배치되지 않아 발생한 문제일 수도 있다. 반사회적 행동은 많은 시민들에게 스트레스를 유발한다.",경찰 간부들과 지역사회 대표자들이 반사회적 행동 문제가 광범위한 문제로 발전했다고 보고해 왔습니다.,범죄통계학자들이 우리나라의 반사회적 행동의 심각도가 상당히 감소해 더이상 범죄의 주요 원인으로 분류되지 않고 있다는 기쁜 소식을 전해왔습니다.
#,GeneralStrike,총파업,정부에 대한 불만이 팽배해진 결과 노동조합들이 총파업을 선언했다. 전국 모든 노동자들이 노동을 중단하지는 않았지만 여러 핵심 산업분야가 이번 파업으로 파행을 겪고 경제적으로나 정치적으로나 파멸적인 후폭풍을 불러오고 있다.,총파업 선언과 함께 수많은 시민들이 직장에서 나와 대정부 항의시위에 모여들고 있습니다. 이는 앞으로 우리 경제를 마비시킬 것입니다.,다행스럽게도 총파업이 중단되면서 시민들이 다시 업무에 복귀하고 있습니다. 경제 전망에 희소식이 될 것으로 보입니다.
#,TechnologyBackwater,기술적 후퇴,"국내 산업은 아직 구식 기술에 크게 의존하고 있으며, 이는 국제경쟁력을 해치고 GDP와 국부에도 악영향을 주고 있다. 앞으로 첨단 과학기술에 대규모의 투자를 집행해야만 경쟁국가를 따라잡을 수 있을 것이다.",우리 경제가 기술적 측면에서 뒤떨어져 국가경쟁력에 악영향을 미치고 있습니다.,좋은 소식입니다! 기술경제혁신센터에서 우리나라가 이제 기술 후진국 인식을 떨쳐내는데 성공했다고 밝혔습니다. 앞으로 기술투자가 더욱 활발해지면서 경제 전망에도 반가운 소식이 될 것으로 보입니다.
#,InnerCityRiots,도심지 폭동,"시민들이 각자의 불만을 표출하러 거리로 쏟아져나오고 있다. 전국적으로 폭력집회와 폭동의 물결이 퍼지고 있는 상황이다. 단기적으로는 치안예산 지출이 크게 늘어나는 정도겠지만, 중장기적으로 보면 현 정부가 특정 집단들로부터 매우 인기가 없다는 것을 보여주는 신호라 볼 수 있다.",도심지에서 폭동이 발생했습니다!도시 전체가 무정부상태에 빠지기 전에 상황을 수습할 조치를 취해야만 합니다.,도심지 폭동 사태는 이제 경찰들에게 진압되었습니다. 이제 지역사회 시민들은 폭력과 약탈의 우려가 없는 삶을 되찾게 되었습니다.
#,Organised Crime,조직범죄,"중범죄자들로 구성된 대규모 범죄조직이 우리나라를 타겟으로 삼았다. 현재로서는 이에 대응할만한 자원을 갖추지 못한 상태이며, 범죄조직은 마약과 총기 밀수 뿐만 아니라 각종 길거리 범죄와 강력범죄에도 손을 뻗는 등 심각한 문제를 야기하고 있다.",강력부에서 조직범죄 문제가 심각한 수준에 이르렀다는 보고가 올라왔습니다.,경찰의 대대적인 단속 끝에 수괴들을 감방으로 보내고 조직범죄 문제를 해결하는데 성공했습니다.
#,Alcoholism,알코올 중독,주류 소비량이 크게 늘면서 심각한 사회문제가 되고 있다. 알코올 중독은 시민의 건강을 위협할 뿐만 아니라 도시 내 범죄와 무질서로도 이어질 수 있다.,시민들이 건강에 해가 될 정도로 술을 많이 먹게 되는 알코올 중독이 사회 문제로 대두되면서 길거리에서 각종 사건이 끊이지 않고 있습니다.,알코올 중독 문제가 이제는 가라앉은 것 같습니다.
#,VigilanteMobs,폭력 자경단,"시민들이 경찰의 범죄예방 능력을 더이상은 신뢰하지 않게 되었다. 시민들은 이제 사태를 직접 처리하려 나서고 있으며, 일부 폭력 자경단이 길거리에서 즉결심판을 자행하는 단계에까지 이르렀다. 이는 오직 더 심각한 무질서와 범죄만을 양산하고 있다.",언론에 폭력 자경단이 물리력을 동원해가면서 사적제재를 가하는 장면이 보도되고 있습니다.,폭력 자경단은 이제 거리에서 사라졌고 시민들은 경찰이 법질서를 바로세울 것이라 다시 신뢰하기 시작했습니다.
#,ArmedRobbery,무장강도,우리나라는 현재 경찰에 잡힐 위험 없이 무장강도를 하기 용이한 나라로 꼽히고 있다. 최근의 무장강도 추세를 보면 중심가 은행부터 동네 구멍가게까지 범죄의 마수를 뻗고 있는 상황이다.,무장강도가 들불처럼 번지면서 전국을 휩쓸고 있습니다.,범죄통계국에서 좋은 소식을 전해왔습니다! 무장강도 발생 빈도가 확연하게 감소했다고 합니다. 지역 상인들이 다들 축배를 들며 기뻐할겁니다.
#,ContagiousDisease,전염병,국민들 사이에서 전염성이 매우 높은 질병이 퍼지면서 기록적으로 많은 수의 사람들이 일을 하지 못하게 되었다. 전염병은 경제에 부정적인 영향을 미치고 삶의 질도 상당히 떨어뜨릴 것이 분명하다.,전염성이 매우 높고 장기적 신체기능 손상을 일으킬 수 있는 전염병이 국민들 사이에 퍼지고 있습니다. 열악한 공공의료체계가 문제라는 지적과 함께 심각한 공해 또한 영향을 끼쳤을 수 있다는 주장이 나옵니다.,그동안 수많은 국민들을 휩쓸고 다녔던 전염병이 의사들과 과학자들의 헌신 끝에 마침내 박멸되었습니다. 이제 집 밖으로 나오셔도 좋습니다!
#,TeachersStrike,교사 파업,교원노조가 전국적으로 파업에 들어가 현재 아이들의 교육이 파행을 겪고 있다. 이에 부모들이 크게 분노하고 있으며 기업들도 미래의 노동인구가 제대로 교육을 받지 못하고 있다며 유감을 표했다.,교사와 여타 교육노동자들이 정부에 항의하며 파업에 들어갔습니다.,좋은 소식입니다! 교사 파업이 종료되면서 아이들도 다시 학교로 돌아가고 있습니다. 아이들은 별로 좋아하지 않겠지만요.
#,AsthmaEpidemic,호흡기질환,"천식과 기타 폐질환이 심각한 사회문제로 대두되었다. 호흡기질환은 삶의 질을 크게 떨어뜨릴 뿐만 아니라 생산성 또한 떨어뜨리며, 상당한 병상 수요를 발생시킨다. 공장 매연과 자동차 배기가스, 흡연 등으로 인한 공기질 저하가 원인으로 꼽힌다.","호흡기질환이 아동들 사이에서 크게 유행하고 있으며, 천식, 기관지염, 폐암의 유병률이 크게 늘었습니다.",일선 보건소에서 좋은 소식들이 들어오고 있습니다! 보건의들이 호흡기질환 유병률이 현저하게 감소해 허용범위 이내로 들어왔다는 희소식을 전해오고 있습니다.
#,HospitalOvercrowding,병원 포화상태,병원이 수요에 비해 절대적으로 부족한 상태이다. 이는 특히 민간의료 비용을 감당할 수 없는 빈곤층에게 더욱 심각한 문제가 된다. 중요한 수술을 받으려고 한참을 대기해야 하는 사람들이 차기 선거에서도 정부여당에 투표할 가능성은 높지 않을 것이다.,의사들이 현재 병원이 포화상태에 이르렀다며 불만을 표시하고 있습니다. 언론에서는 환자들이 장기간 대기해야 하는 현 상황을 계속 보도하는 중입니다.,병상이용률이 감소하고 일선 의사들도 더이상 일상적인 수술의 대기자 명단이 터져나가는 일이 없어졌다고 말하고 있습니다. 만세!
#,DrugAddiction,약물 중독,중독성이 강하고 위험성도 높은 강성마약이 길거리에서 손쉽게 구할 수 있는 물건이 되었다. 특히 젊은이들이 위험한 마약에 중독되고 있는 상황이다. 약물 중독은 범죄를 부추길 뿐만 아니라 향후에 심각한 보건문제로도 이어질 수 있다.,최근 연구에 따르면 강성마약에 중독되는 국민이 늘어나 심각한 문제가 되고 있다고 합니다.,마약중독 비율이 이제 무시해도 좋을 수준으로 크게 감소했습니다. 앞으로 범죄율 역시 감소하면서 국민 행복에 기여할 것으로 예상됩니다.
#,TeacherShortage,교사 부족,교단에 서길 희망하는 사람이 절대적으로 부족한 상태이다. 학급 규모를 작게 유지하고 아이들이 양질의 교육을 받기를 원한다면 더 많은 예산 투자가 필요할 것이다. 지금 아이들은 제대로 된 교육을 받지 못하고 있다.,전국의 교장들이 아이들을 가르칠 교사를 구할 수가 없다며 불만을 제기하고 있습니다.,기존의 교사 부족 문제는 이제 상당히 진정되었습니다. 이제 아이들이 만화나 애니로 시간을 때우는 대신 제대로 된 교과서를 읽고 수업을 받게 될테니 문해율도 오르고 부모들도 좋아할겁니다.
#,DoctorsStrike,의사 파업,"의료인력이 진료를 거부한다는 것은 정말이지 쉽지 않은 결정이지만, 보건의료 전반에 대한 지원 부족과 의료인력의 임금 문제가 결국 전국적인 의료계 파업으로 이어지고 말았다. 의사 파업은 정기적으로 의료 서비스를 이용해야 하는 사람들에게 즉각적이고 파괴적인 영향을 미친다.",의사와 여타 의료인력들이 정부정책에 항의하며 파업에 들어갔습니다.,의료인력 파업이 철회되면서 의사들도 다시 병원으로 복귀하고 있습니다.
#,BrainDrain,두뇌 유출,조세체계로 인해 최고의 능력을 갖춘 뛰어난 기업가들이 나라를 떠나 다른나라에서 사업을 하는 사례가 늘고있다. 이로 인해 뛰어난 인재들의 지식과 기술 뿐만 아니라 잠재적으로 소득세와 법인세 수입마저 잃고 있다. 두뇌 유출은 성공한 부유층들에게 너무 과한 세금을 걷고 있다는 신호일 수도 있다.,해외 전망이 더 낫다는 생각에 다른나라에서 일하러 출국하는 기술인력의 수가 급격하게 증가했습니다.,뛰어난 인재들이 고국에 남도록 설득한 결과 '두뇌 유출' 문제는 이제 끝나가고 있습니다. 기업들도 좋아하고 앞으로 GDP 역시 상승할 것으로 기대됩니다.
#,PetrolProtests,유류세 시위,높은 유류세에 반대하는 소수의 강경파 시민들이 주유소와 유조차가 출발하는 유류창고 앞 도로에서 시위를 벌이고 있다. 이로 인해 주유소 앞에 줄이 장사진을 이루거나 아예 영업을 중단하는 등의 사태가 속출하고 있다. 운전자들이 차에 주유를 할 수 없다면 기업활동에 지장이 생김은 물론이고 운전자들이 크게 분노할 것이다.,유류창고 밖에 운집한 시위대가 유가 시위를 벌이고 있습니다. 시위대로 인해 주유소의 휘발유 공급에 지장이 온 상태입니다.,시위대가 유가 시위를 멈추면서 유조차들이 다시 움직이기 시작했습니다. 경제 뿐만 아니라 지금까지 불편을 겪은 시민들 모두에게 희소식이 될 것입니다.
#,BlackMarket,암시장,"암시장이 전혀 없는 경제권은 없지만, 현재의 상황은 통제를 벗어나기 시작했다. 소득세와 법인세 회피를 위해 현금을 받고 일하는 사람이 급격하게 늘었고, 각종 국가수당 청구에서도 일은 했지만 소득신고는 하지 않은 사람들의 신청이 대부분을 차지하고 있다. 암시장은 시민들이 세금은 너무 많이 내는데 국가 지원은 별로 받지 못한다 생각하고 있다는 신호일 수도 있다.",세무서의 탈세 전문조사관들이 암시장이 급격하게 커지면서 세금을 제대로 내지 않는 사람들이 크게 늘었다고 전해왔습니다.,조세당국의 공식보고서에 따르면 과세되지 않는 암시장의 규모가 크게 감소한 것으로 나타났습니다. 암시장 규모가 감소하면서 범죄율에도 긍정적인 연쇄반응이 올 것으로 전망됩니다.
#,TaxEvasion,탈세,"공평한 조세 부담을 거부하려는 사람들은 언제나 있기 마련이지만, 탈세가 너무나도 만연해져 국세청 세무조사관들이 탈세자를 제대로 대처할 수 없을 지경에 이르렀다.",세무조사관들이 탈세가 급증하면서 거액의 세금이 체납되고 있다고 보고해왔습니다.,탈세 수준이 다시 정상범위 이내로 감소했습니다. 정치적으로 어려운 증세 없이도 조세수입이 증가할테니 분명 좋은 소식입니다.
#,Rail Strike,철도 파업,철도종사자들이 출근하지 않고 있다. 철도종사자들은 철도망에 더 많은 투자를 요구하고 있다. 파업으로 인해 현재 철도시스템이 마비되어 기업들이 대혼란에 빠졌고 통근자들에게도 크게 분노를 사고 있다.,대규모 철도 파업이 진행중에 있습니다.,철도 파업이 끝나고 마침내 열차들이 다시 움직이기 시작했습니다! 출근해야 하는 통근자들도 화물 운송이 필요한 기업들도 다들 안도하는 분위기입니다. 열차운행 재개는 경제에도 희소식이 될 것입니다.
#,Homelessness,노숙자,"갈수록 많은 시민들이 노숙자가 되어 길거리에서 잠을 청하고 있다. 노숙자 문제는 연쇄적으로 범죄와 강력범죄에도 영향을 주고 있으며, 전반적인 삶의 질 역시 떨어뜨리고 있다. 노숙자들에게 집을 제공할 수 있는 무언가의 조치가 필요하다.",노숙자 문제가 발생했습니다. 수많은 도시에서 길거리에서 자는 사람들이 생겨나고 구걸로까지 이어지고 있다고 합니다.,"이제 더 이상 길거리에서 자는 노숙자들로 골치를 썩을 일은 없겠습니다. 진보주의자, 사회주의자, 빈곤층 유권자들도 다들 좋아할겁니다."
#,ClassWarfare,계급투쟁,"너무나도 극심해진 불평등에 분노한 사람들이 빈부격차를 바로잡겠다며 거리로 나오고 있다. 성난 군중들이 자동차를 불태우고 유리창을 깨는 모습은 보이는 그대로 사회 붕괴의 징후라고 볼 수 있다.",폭력단들이 계급투쟁을 내걸고 거리로 나오고 있습니다. 주요 기업들과 부촌이 폭력과 파괴행위의 표적이 된 상황입니다.,공안부장 회의에서 그동안 거리를 어지럽혀왔던 계급투쟁이 종결되었다고 보고해 왔습니다. 앞으로 범죄도 줄어들고 특히 부유층 시민들이 위협에서 벗어나게 되어 크게 안도할 것으로 보입니다.
#,Gridlock,교통 정체,만성적인 교통 체증이 교통인프라의 마비로 이어지는 현상이다. 교통 체증이 너무나도 심각해 도로에서 조금도 움직일 수 없게 되는 것이다.,교통 체증이 심해져 정체 현상이 끊이지를 않고 있습니다.,교통 정체가 풀리면서 이제야 평균속도가 거북이 걸음에서 벗어나게 되었습니다. 통근자와 운전자들은 안도하는 분위기입니다. 정체를 보고 운전연습 생각을 접은 시민들도 다시 돌아올 것으로 보입니다.
#,InternetCrime,인터넷 범죄,"인터넷 사용량이 증가하고 기술 발달로 각종 전자제품 소비가 늘면서 인터넷 범죄가 급격히 증가하고 있다. 컴퓨터 바이러스는 이제 단순히 공격 대상을 고장내는 것을 넘어서 감염시킨 컴퓨터에 숨어있다가 은행 비밀번호를 탈취하거나 신원도용에 필요한 개인정보를 빼돌리고, 심지어는 감염시킨 컴퓨터를 추가 범죄에 이용해 공격 근원지 추적을 어렵게 하기도 한다.",보고서에 따르면 최근 인터넷 범죄가 크게 늘고있다고 합니다.,큰 우려를 낳았던 국내 인터넷 범죄 발생건수가 급감했다는 소식입니다.
#,DebtCrisis,국가부채 위기,너무나도 높은 정부부채 수준이 재정위기를 발생시키고 있다. 정부에서 발행한 국채가 시중자금을 흡수하면서 시중금리가 상승해 중산층은 더이상 주택담보대출 이자를 감당할 수 없는 단계에 이르렀다. 또한 국가부도 사태에 대한 우려가 커지면서 외국인투자가 감소해 국내경제 GDP뿐만 아니라 중소기업 및 대기업 모두가 영향권에 들어온 상황이다.,우리나라가 국가부채 위기 상황에 처했습니다.,정부부채 수준에 대한 우려가 잦아들고 있습니다.
#,CorporateExodus,기업 해외이전,기업친화정책의 미비로 인해 세계적인 기업들이 국내의 공장과 사무실을 폐쇄하고 해외로 이전하고 있다.,많은 기업들이 우리나라를 떠나고 있다며 우려의 목소리가 나오고 있습니다.,기업 해외이전에 관한 우려가 가라앉았습니다.
#,RaceRiots,인종 폭동,인종집단간의 폭력사태가 거리를 점령하면서 시민들이 밤에 안심하고 집 밖에 나서기도 어려운 지경에 이르렀다. 이러한 인종 폭동은 시민들 뿐만 아니라 해외에서 온 방문객이나 국내 사업을 고려하고 있는 외국계 기업들에게도 매우 나쁜 인상을 준다.,거리에서 인종 폭동이 발생해 인종갈등이 심각하게 나쁜 수준에 이르렀음이 드러났습니다.,인종 폭동 사태가 드디어 수습되었습니다.
#,Ghettos,빈민가,"게토라고도 불리는 인종간의 분리를 특징으로 하는 빈민가는 이민자 유입과 길거리 범죄, 인종갈등이 결합하면서 생겨난다. 이러한 빈민가의 형성은 사회의 현주소를 극명하게 보여준다.",인종적으로 분리된 빈민가의 형성이 뚜렷하게 나타나는 우려스런 현상이 일어나고 있습니다. 범죄에 위협을 느낀 소수민족계 주민들이 안전을 위해 모여살고 있는 현 상황은 확실히 우려스럽습니다.,인종집단을 분리하던 빈민가 문제가 가라앉으면서 인종간 화합이 퍼지고 있습니다.
#,Obesity,비만,"너무나도 많은 시민들이 나쁜 식습관을 가지고 있는데, 이는 저렴한 정크푸드가 너무나도 흔한 환경 때문으로 추정된다. 비만 문제는 평균수명과 의료비 지출에 연쇄적인 영향을 미칠 수 있다.",우리 국민의 비만율이 우려스러운 수준으로 증가세에 있습니다. 이는 앞으로 평균수명을 낮추고 의료비 지출을 증가시킬 가능성이 높습니다.,다행스럽게도 비만 문제가 잘 조절되고 있는 것 같다는 보고가 올라왔습니다.
#,CyberWarfare,사이버 전쟁,"우리나라는 현재 경쟁국 정부, 범죄조직, 국제테러단체 등으로부터 계획적인 사이버 공격을 받는 심각한 문제에 처해있다. 이러한 사이버 공격은 국내 인터넷망을 마비시키는 등 광범위한 혼란을 초래할 수 있다. 또한 영업비밀이 외국기업으로 유출되는 등 국가경쟁력에 상당한 지장을 초래하고 국내경제 GDP에도 악영향을 미칠 수 있다.",국내 기업과 인터넷망을 표적으로 사이버 전쟁이 벌어지면서 우리 경제에 악영향을 주는 심각한 문제가 발생했다는 소식입니다.,전문가들이 우리나라를 표적으로 한 사이버 공격이 크게 감소했다는 기쁜 소식을 발표했습니다.
#,ArmedReligiousCommunities,무장 종교 집단,전국적으로 뻗어있는 일부 종교단체들이 신도들을 무장시키고 사적제재를 자행하기 시작했다. 이러한 상황은 온건파 종교인과 비종교인 모두에게 우려와 불안을 키워 종파간 폭력과 범죄행위의 증가로도 이어지고 있다.,전국적으로 뻗어있는 일부 종교단체들이 신도들을 무장시키고 사적제재를 자행하기 시작했습니다.,"상황에 대한 경각심을 일깨우고 열린 대화를 나눈 결과, 대부분의 무장 종교 집단들을 진정시키고 무장해제해 더이상의 위협을 차단하는데 성공했습니다."
#,EgalitarianSociety,평등 사회,"문화간 교류와 교육을 통해 서로 다른 문화적 배경에 대한 이해가 지속적으로 증진됨에 따라, 사람들은 이제 인종, 성별, 신념간의 경계를 무너뜨리고 없애가면서 서로를 동등하게 대하고 있다. 이러한 평등 사회에 사는 시민들은 높은 행복감을 보이고 타인에게 해를 별로 끼치려 들지 않는다.",이제 새로운 시대가 열리고 있습니다. 우리 사회는 그 어느 때보다도 서로를 잘 받아들이고 평등해졌습니다. 모두가 행복한 사회로 나아가고 있는 것입니다.,위대한 평등의 시대도 만물이 그러하듯 끝을 맞이하고 있습니다. 이제 사람들은 타인을 받아들이고 환영해주는 사회보다 각자의 삶과 걱정거리에 더 많은 관심을 보이고 있습니다.
#,ExtremeNationalism,국수주의,"애국심의 물결이 전국을 강타하면서, 극단주의자들이 사회문제를 전부 외국인과 소수민족집단의 탓으로 돌리며 공개적으로 비난하고 일자리는 이 땅에 대대로 살아온 국민들에게 먼저 주어져야 한다고 주장하기 시작했다. 희망의 부재와 교육 부족으로 인해 많은 사람들이 이러한 극단주의에 빠지기 시작했고 이는 전국적으로 폭력사태와 인종갈등을 심화시키고 있다.",국민들의 절망과 공포를 이용해 애국주의 극단세력이 세를 불리고 전국적으로 인종갈등을 고조시키고 있습니다.,워크숍과 사회봉사 프로그램을 실시하고 교육을 강화해 국민들을 국수주의에서 떼어놓는데 성공했습니다. 우리나라는 다시 안전하고 더 나은 사회로 나아갈 수 있을겁니다.
#,ExtremePoverty,극빈층,"빈곤층의 삶은 원래 힘든 것이라 하지만 국내의 상황은 현재 최악으로 치닫고 있다. 극도의 빈곤으로 인해 길거리에 굶주린 사람들이 음식을 구걸하고 있으며, 밤이 되면 길거리 구석이나 폐건물에 들어가 잠을 청하는 상황이다. 이는 주류 소비량과 범죄의 증가로 이어지고 있으며, 빈곤층에게 건강 문제 또한 일으키고 있다.",빈곤문제가 심각해짐에 따라 사람들이 희망을 잃어버렸습니다. 많은 이들이 길거리에서 노숙과 구걸로 연명하며 술로 고통을 잊어야만 하는 삶에 빠지고 있습니다.,"우리나라의 빈곤층 상당수가 아직도 빈곤문제로 고통받고 있는 상황이긴 하지만, 경제가 성장하고 기부활동 및 정부 프로그램, 지역사회의 지원이 늘어나면서 견딜 수 없는 수준의 극심한 빈곤을 겪는 사례는 대부분 사라졌습니다."
#,Cyclones,태풍,태풍의 발생빈도와 강도가 급격히 증가했다. 태풍은 지나가면서 건물을 파괴하고 농작물 피해를 입히면서 농부의 소득에 큰 타격을 입힌다. 또한 환경문제에 대한 전국민적인 관심도도 증가하게 된다.,기상청에서 평균기온 상승으로 인해 예년보다 훨씬 강력한 태풍이 올 것이라는 관측을 발표했습니다.,기상청에서 기후변화로 인한 악영향이 적정수준으로 통제되고 있으며 비정상적 기상상태 역시 정상으로 되돌아갈 것이라 밝혔습니다.
#,Foodcrisis,식량위기,식량 가격이 낮은 수확량과 인구과잉으로 인해 한계점에 도달했다. 어떻게든 식량공급을 늘리고 식량수요를 줄여 가격을 낮추거나 빈곤층의 식료품비 부담을 줄여주어야 한다.,지난 몇 달간 식량 가격이 크게 올랐습니다. 일부 언론들은 이를 벌써 식량위기로 지칭하며 선정적인 보도를 이어나가고 있습니다.,식량 가격이 정상 수준으로 돌아왔습니다.
#,DroneWars,드론 반대시위,"국내 드론감시체계와 해외 드론공습을 반대하는 시위가 격렬해지고 있다. 현재 시위대는 주요 관련기관과 첨단기술기업을 주요 타겟으로 해서 집회를 이어나가고 있지만, 드론 반대시위는 이미 막대한 사회적 비용을 발생시키고 있다.",지방경찰청에서 드론공습과 드론감시를 반대하는 시위가 점차 잦아지고 있다며 주의를 당부했습니다.,드론공습과 드론감시에 반대하는 시위가 가라앉았습니다. 폭력시위자들은 현재 기소가 진행중인 상태입니다.
#,Rareearthcrisis,희토류 위기,희토류 금속은 첨단제품 제조에 광범위하게 이용된다. 하지만 현재 희토류 가격이 급등해 제조업 생산에 제동이 걸리고 희토류가 암거래되는 상황에 이르렀다. 이번 희토류 위기는 경제와 생산성에 중대한 영향을 주고있다.,경제학자들이 희토류 금속 의존도 증가로 인해 공급 부족이 발생하고 있다고 경고해왔습니다.,희토류 공급물량이 확보되면서 희토류 가격이 안정세를 보이고 있습니다.
#,Realestatebubble,부동산 버블,한정된 주택 공급과 인구 증가에 부동산 투기까지 결합하면서 주택 가격이 크게 상승했다. 현재의 주택 가격은 젊은층이나 빈곤층이 도저히 감당하기 불가능할 정도로 올라버린 상태이다.,부동산 투기 열풍이 불고있습니다! 도시지역의 주택 가격이 폭등세를 이어가고 있으며 좀처럼 끝날 기미도 보이지 않습니다.,부동산 가격이 평균가구가 부담할 수 있는 수준까지 내려왔습니다.
#,LudditeRiots,러다이트 운동,사회에서 자동화 기술이 확산되면서 저숙련 노동자들 사이에서 깊은 우려가 나오고 있다. 그 결과 인간의 일자리를 빼앗아간 첨단기술기업들을 표적으로 하는 러다이트적인 폭력사태와 기계파괴 운동이 퍼져나가고 있다.,한 노조 관련 웹사이트에 점차 확산되는 자동화에 맞서 대규모 저항운동을 개시할 것을 주장하는 선언문이 발표되었습니다.,노조 및 시위대 측과 첨단기술공장의 생산활동을 재개하기로 하는 합의문을 체결하였습니다.
#,Antibiotics-ResitantBacteria,항생제 내성균,"항생제 내성이 중대한 문제로 대두되었다. 보건의료분야와 축산분야에서의 항생제 남용으로 인해 다양한 항생제 내성균이 나타났고, 이는 한때 이미 정복했다 여겨졌던 질환과 질병들이 다시 되살아나는 사태로까지 이어지고 있다.",세계보건기구에서 항생제 내성균이 발생했다며 전세계에 경고하고 나섰습니다.,의료계의 신기술 개발에 힘입어 항생제 의존도를 줄이는데 성공했습니다.
#,Watershortage,물부족,평균 기온의 상승으로 인해 전국 각지에서 심각한 가뭄이 발생했다. 이로 인해 발생한 물부족 사태는 농부들에게 큰 타격을 입히고 식량 가격을 끌어올리고 있다.,기상청에서 평균 기온의 상승이 기후 불안정으로 이어지고 있다며 경고하고 있습니다.,기상청에서 국내 수도 공급이 안정화되고 있다고 알려왔습니다.
#,MultinationalTaxEvasion,다국적기업 탈세,"기존의 법인세 과세방식이 대륙을 넘나드는 대규모 법인들 앞에 무력화되고 있다. 상품들이 점차 디지털화되고 소비활동 역시 실물재화보다는 서비스 위주로 이루어지기 시작하면서, 매출과 수익의 발생이 어느 나라에서 이루어졌는지를 규정하기는 법적으로 엄청난 난관이 되었다. 거대 다국적기업들은 이러한 난맥상을 틈타 법인세율이 상대적으로 높은 국가에 내는 세금을 크게 줄이고 있다.",국세청에서 다수의 다국적기업들이 복잡한 재무구조를 이용해 수익 발생을 역외로 이전시켜 법인세 과세금액을 줄이고 있음을 발견했습니다.,다국적기업의 법인세 회피를 더이상 문제가 되지 않을 수준으로 낮추는데 성공했습니다.
#,GigEconomy,초단기근로 경제,현재 일자리의 상당수가 어플에서 그때그때 일을 받는 임시노동 형태를 보이고 있다. 이러한 초단기근로 경제는 노동자들에게 높은 근로유연성을 제공하기도 하지만 이는 동시에 직업안정성의 미비를 뜻하기도 하며 고용주들이 노동권 보장 의무를 회피하려는 술책이라는 비난으로 이어지기도 한다.,초단기근로 경제가 급격하게 떠오르고 있습니다. 많은 시민들이 근로시간이 보장되지 않는 단기일자리를 갖기 시작한 상황입니다.,고용형태의 상당부분을 차지하던 초단기근로 계약이 크게 감소했습니다.
#,EnvironmentalProtests,환경 시위,기후변화와 공해에 관한 우려가 확산하면서 전국적으로 광범위한 환경 시위 운동이 진행되고 있다. 시위대는 환경보호라는 대의에 이목을 집중시키기 위해 길을 막고 도심지에서 시위를 이어가는 등 일상생활에 불편을 발생시키고 있다.,전국적으로 환경 시위가 터져나오고 있습니다.,환경 시위가 중단되었습니다.
#,DriverlessCars,자율주행 자동차,기술 혁신을 통해 도심지에서도 자율주행이 가능한 자동차가 등장하였다. 자율주행차의 등장은 장애인 등 기존에 운전을 하지 못하던 사람들에게는 기쁜 소식이겠지만 동시에 운전기사로 일하던 사람들에게는 청천벽력과도 같은 소식일 것이다.,완전자율주행 자동차가 도심도로를 실제로 주행하게 되었습니다!,자율주행차는 더이상 널리 사용되지 않게 되었습니다.
#,FoodBanks,푸드뱅크,갈수록 많은 시민들이 하루 하루를 버티기 위해 자선단체가 운영하는 푸드뱅크에 의존하고 있다. 이러한 푸드뱅크 이용 증가는 극빈층 등장의 신호로 정부 지지율에도 악영향을 준다.,시민들에게 식량을 제공하는 푸드뱅크의 수가 빠르게 늘고 있습니다.,푸드뱅크는 더이상 만연한 사회현상이 아닙니다.
#,CyberBullying,사이버폭력,"우려스러울 정도로 많은 사람들이 설문에 사이버폭력을 겪은 적이 있다고 답하고 있다. 이러한 사이버폭력 현상은 주로 젊은층 사이에서 흔하게 일어나지만, 온라인상의 괴롭힘이나 증오발언은 사회 전반에 만연해 분열과 편협함, 분노와 같은 사회의 병폐를 여실히 드러내고 있다.",사이버폭력이 젊은 세대를 중심으로 크게 확상하고 있습니다.,사이버폭력 문제가 예전에 비해 크게 개선되었습니다.
#,PrisonOvercrowding,교도소 포화,교도소가 포화 상태에 이르렀다. 국내 교도소 시설은 수감되는 인원을 더이상 감당할 수 없는 상태이다. 감방 하나에 들어가는 재소자 수는 너무나도 많아 재소자의 안전을 보장할 수도 제대로 교화를 진행할 수도 없을 정도이다.,교도소가 포화 상태에 이르렀습니다. 이는 위험한 상황으로 신속히 교도소를 증설하거나 수감인원을 줄여야 합니다.,다행스럽게도 교도소의 상황은 이제 통제 하에 들어왔고 더이상 포화상태에 시달리지 않게 되었습니다.
#,Hyperinflation,초인플레이션,"인플레이션 일정 수준에 다다르면 경제활동이 불가능에 가까울 정도로 어려워진다. 초인플레이션 상황에서 사람들은 임금 협상과 가격 인상을 매 하루, 심지어는 매 시간 단위로 겪어야만 한다. 저축은 사실상 휴지조각이 되고 기업환경 역시 나락으로 떨어지게 된다.",경제가 파멸적인 초인플레이션을 겪기 시작했습니다. 머지않아 경제활동이 완전히 붕괴할 것입니다.,초인플레이션을 어떻게든 통제하는데 성공했습니다. 시민들은 다시 평범한 일상으로 돌아가고 저축도 다시 해볼까 하는 생각을 해보고 있습니다.
#,EmergencyPowers,긴급명령권,"최근 국내 상황이 크게 악화되면서, 정쟁은 일단 미뤄두고 시급한 입법의 신속한 진행과 중요한 정책의 원활한 시행을 위해 정부에 모든 제도적 뒷받침을 제공하기 시작했다. 현 상황이 정리되기 전까진 더 많은 정치력을 활용할 수 있을 것이다.",야당측에서 현 상황에 대한 원활한 대응을 위해 정부측에 상당한 재량권을 부여하기로 합의하면서 긴급명령권이 부여되었습니다.,"긴급명령권이 필요하던 시기는 이제 지나갔고, 다시 원래대로 정당정치의 제약을 받던 시기로 돌아갈 시간입니다."
,,,,,
#,FemaleGenitalMutilation,여성 할례,"여성 할례가 사회에 만연한 상태이다. 여성성기훼손으로도 알려진 여성 할례는 여성의 외부 생식기를 일부 또는 전부 제거하는 위험한 전통의식으로, 여성의 성건강을 크게 악화시킨다. 이러한 관행은 성차별에 근간을 두고 있다. 여성 할례는 절제시술을 거부할 경우 사회적 배제의 위협을 가하는 방식을 통해 계속 이어지고 있다.",여성 할례 행위가 사회에서 만연해지고 있다는 우려스러운 보고가 올라왔습니다. 이 야만적인 관습의 전파는 우리 사회의 극심한 성차별이 낳은 병폐입니다.,성차별이 줄어듬에 따라 우리 사회에서 여성 할례 관행이 근절되었다는 기쁜 소식입니다.
#,EndangeredSpecies,멸종위기종,국내에 자생하는 멸종위기종 개체들이 크게 화제를 끌고 있다. 해당 개체들은 생태학자와 관광객 모두를 끌어들이는 연구의 대상이자 탐험코스의 주인공이 되었다. 이러한 국내 자연환경 특유의 면모는 국내 관광업계를 견인하고 있다.,상당한 생태학적인 노력을 들인 결과 멸종위기종 개체군을 야생에 재도입해오는데 성공했습니다.,생태환경에 대한 무관심으로 인해 국내의 멸종위기종 야생개체가 전부 자취를 감추고 말았습니다.
#,ForeignIntelligenceInterference,해외정보기관 개입활동,해외정보기관들이 국내에서 작전을 수행하며 정치와 안보상황에 영향을 끼치고 있다. 국내의 체제 불안정이 외국 열강들에게 영향력을 행사할 기회를 열어주고 있는 것이다. 해외정보기관들은 본국의 국익을 증진한다며 국정운영에 개입하는 것까지도 서슴치 않고 있다.,외국 첩보원들이 국내에서 활동하며 정세불안을 틈타 본국의 이익을 챙기려 하고 있습니다.,국내 정세가 안정화됨에 따라 외국 첩보원들이 본국으로 복귀하고 있습니다. 해외정보기관들은 더이상 본국의 영향력을 행사할 기회를 잡을 수 없을겁니다.
#,PowerBlackouts,대정전,전국단위에서 전력 공급능력과 저장설비가 수요를 따라잡지 못하고 있다. 현재 모든 지역에 전력을 공급하려다가는 전국이 한번에 정전사태에 빠질 우려가 있어 이를 방지하기 위해 전력망 내 일부 지역을 돌아가면서 계획적으로 정전시키는 순환정전이 이루어지고 있다. 이러한 전력공급 불안정 사태는 생활과 경제활동 전반에 광범위한 영향을 주고 있다.,국가 전력망에 순환정전이 실시되기 시작했습니다.,시민들의 전력 수요를 충족시킬 만큼 충분한 전력 공급용량을 확보해 더이상 순환정전을 할 필요가 없어졌습니다.
#,HIVAIDS,에이즈,"에이즈는 감염자의 면역체계를 약화시키는 치명적인 질병이다. 현재 국내 인구중에서 에이즈 유병률이 크게 높아진 상태로, 지금으로선 완치시킬 방법이 존재하지 않아 체액을 통해 전염이 계속 이어질 전망이다. 치명적인 질병인 에이즈의 확산을 막기 위해서는 지속적인 증상치료, 교육, 예방 캠페인이 진행되어야 한다.",에이즈 감염자가 국내 인구의 상당부분을 차지할 정도로 크게 확산한 상태입니다.,"지속적인 증상치료, 교육, 예방 캠페인에 힘입어 우리나라에서 에이즈를 거의 근절시키기는데 성공했습니다."
#,Malaria,말라리아,"말라리아는 환자를 크게 소진시키거나 심하게는 사망으로 이어질 수 있는 질병으로, 말라리아원충이 사람의 혈액에 침투해 발생한다. 말라리아원충은 모기가 사람을 물 때 전염된다. 말라리아에는 현재 백신이 존재하지 않지만, 약물을 통해 예방과 치료가 가능한 질병이다. 파괴적인 질병인 말라이아의 확산을 막기 위해서는 지속적인 치료, 교육, 예방 캠페인이 진행되어야 한다.",국내 인구 상당수가 말라리아에 감염된 상태입니다.,"지속적인 치료, 교육, 예방 캠페인에 힘입어 우리나라에서 말라리아를 거의 근절시키기는데 성공했습니다."
#,MineralWealth,광물 자원,막대한 규모의 광물 매장량이 국내 채광산업을 일으켜세웠다. 세계적으로 광물원자재 수요가 높아 판매대금이 국가에 많은 수익을 가져다주고 있다. 하지만 채광산업은 토양을 오염시키는 등 환경파괴를 수반하기 때문에 채광활동을 반대하는 사람들도 존재한다.,국내에서 대량의 광물 자원 매장지가 발견되었습니다.,국내의 광물 자원이 고갈되었습니다.
#,OilWealth,석유 자원,막대한 규모의 탄화수소 매장량이 국내 석유 채굴산업을 일으켜세웠다. 하지만 석유 채굴은 국토를 오염시키는 등 환경파괴를 수반하기 때문에 이에 반대하는 사람들도 존재한다. 천연자원이자 국가적 자산이기도 한 석유는 직접적으로 정부 재정과 예산에 기여를 하게된다.,국내에서 대량의 석유 매장지가 발견되었습니다.,국내의 석유 자원이 고갈되었습니다.
,,,,,
#,FakeNews,가짜뉴스,"가짜뉴스는 의견이나 루머를 마치 사실인 양 널리 퍼뜨리는 것을 말한다. 정치적인 분노와 불만을 효과적으로 수익화시켜주는 가짜뉴스는 정치적 극단주의자들이 흔히 이용하는 수단이며, 분노와 대립으로 먹고사는 비양심적인 온라인 언론들이 수익 창출을 위해 이용하기도 한다.",국내 소셜미디어를 통해 가짜뉴스가 광범위하게 확산하고 있습니다.,가짜뉴스는 이제 국내 소셜미디어에서 거의 사라져가고 있습니다.
#,Polarization,정치 양극화,정치적으로 양극화된 사회에서는 타협과 상호이해가 사라지고 그 자리를 점차 극단적인 견해와 이분법적 진영논리가 차지하게 된다. 이러한 정치 양극화는 중도층이 소외되고 극단주의자들이 득세하는 파벌정치의 등장으로 이어진다.,유권자들의 의견이 점차 양극화되고 극단적으로 치닫고 있습니다.,정치적 의견의 양극화 정도가 감소해 우리 정치는 이전보다 덜 극단적인 모습을 보이고 있습니다.
#,PrivateSpaceProgram,민간우주산업,"역사적으로 대형 우주 프로그램은 정부 주도로 이루어져 왔지만, 기술의 발달로 인해 민간 인공위성, 우주관광, 심지어는 소행성 채굴과 같은 우주탐사와 우주여행의 상업화를 위한 기반이 형성되어 거대한 잠재력을 가진 시장이 지평선 위로 떠오르고 있다.",민간우주산업이 우리나라에 크게 성장하고 있습니다.,민간우주산업 투자 열기가 가라앉았습니다.
,,,,,
#,NorthWestPassage,북서항로,"북서항로는 캐나다의 북쪽 해안선을 따라 형성된 무역로로, 얼음으로 완전히 막혀있는 경우가 많다. 하지만 기후변화로 인해 해빙이 녹고 북서항로가 열리면서 운송기간이 대폭 감소하고 파나마 운하를 이용하기에는 넓은 함선들에게 새로운 항로를 열어주고 있다.",기온 상승으로 인해 해빙이 녹으면서 북서항로를 무역로로 사용할 수 있게 되었습니다.,해빙이 다시 두껍게 얼기 시작하면서 북서항로를 무역로로 이용할 수 없게 되었습니다.
#,IllegalImmigrationCrisis,불법 이민 위기,강력한 정권의 국경통제도 불법이민과 밀입국을 완전히 없애기는 어렵겠지만 그렇다고 정부가 손을 놓을 수는 없는 일이다. 미등록 이민자는 국내에 거주하며 각종 공공서비스 부하를 증가시키지만 그에 수반되어야 할 세금은 납부하지 않는다. 이러한 사실은 사회불안과 각종 사회문제로 이어질 수 있다.,불법이민 규모가 크게 증가하면서 각종 우려와 사회적 격변을 불러일으키고 있습니다.,불법이민이 크게 감소해 현재로서는 상황이 통제상태에 들어온 것으로 보입니다.
,,,,,
#,NorthKorea,북핵 위협,미국과 아시아의 그 동맹국들은 북한을 심각한 안보 위협으로 여긴다. 하지만 이러한 위협을 북한과 휴전선을 맞댄 남한보다 크게 느끼는 국가는 없다. 추정치에 따르면 북한의 핵탄두 보유량은 60개 이상이며 남한의 수도 서울은 북한군이 쉽게 타격할 수 있는 범위 안에 들어와 있다.,북측과의 긴장이 고조되고 있습니다.,북한과의 긴장이 완화되고 있습니다.
#,EUContribution,유럽연합 회원국,"유럽연합의 부국이자 경제적으로 안정된 국가들 중 하나로서, 우리나라는 유럽연합에서 받는 혜택보다 많은 분담금을 내면서 유럽 경제를 지원하고 있다.",,
#,EUSubsidies,유럽연합 회원국,"유럽연합에서 경제발전이 덜된 국가들 중 하나로서, 우리나라는 유럽연합에서 보조금을 받아 지역 경제를 지원하고 있다.",,
#,EUMonetaryPolicy,유럽연합 통화정책,"유럽연합의 일원으로서, 통화정책의 결정권은 유럽중앙은행에 있고 우리나라는 통화정책에 직접 개입할 수 없다. 유럽연합은 경기부양을 위해 상당한 기간동안 양적완화 정책을 펴고 있다.",,
#,Monarchy,왕실,"영국은 입헌군주제 국가로, 여왕이 국가원수이지만 실질적인 권력은 없으며 전적으로 상징적인 역할만을 수행한다. 그럼에도 불구하고 여왕은 매주 총리와 접견하며 비공식적인 영향력을 행사할 수도 있다. 또한 왕실의 존재는 귀족원과 같은 유사한 기관들과 함께 영국의 계급제도를 고착화시키는 역할을 한다.",,
#,Erasmus,에라스무스 프로그램,"에라스무스 프로그램은 유럽의 교육, 훈련, 스포츠와 청년들을 지원하는 유럽연합의 프로그램이다. 유럽연합 내에서 100,000개 이상의 기관들과 25,000여개의 프로젝트들과 협력하고 있는 에라스무스 프로그램은 연간 900,000명 이상의 사람들에게 해외에서 공부, 훈련, 자원봉사 등을 할 수 있도록 지원하고 있다.",,
,,,,,
#,MediaMonopolies,언론 독점,"국민 다수가 이용하는 주요 언론매체가 소수의 거대하고 강력한 재벌들의 손에 들려있다. 이 재벌기업들은 재벌의 정치적 의제와 구도를 언론을 이용해 밀어붙일 정도로 자신감을 보이고 있다. 또한 과도하게 상업화된 언론이 광고수익과 클릭수를 거침없이 추구하면서 언론의 전반적인 수준이 저하됨과 동시에 정치적으로 분열되고 양극화된 사회를 만들어가고 있다. 이러한 언론의 상업화는 민족주의의 발흥과 보수적 가치의 진흥으로 이어지고 있다.",몇몇 거대기업들의 손에 언론권력이 크게 집중되어 있습니다.,언론의 다원성이 증진되면서 몇몇 대기업들의 손에 들려있던 언론권력도 끝을 맞이하게 되었습니다.
#,Bureaucracy,관료주의,정부의 지나치게 많은 정책과 지나치게 많은 법률이 행정작용에 지나치게 큰 방해를 주기 시작하면 경제까지도 발목을 잡을 수 있다. 사업을 시작하거나 확장할 때마다 백여가지 서류를 3부씩 작성해야 한다면 그냥 사업을 포기하거나 사업하기 좋은 나라로 향하게 될 것이다.,지나친 관료주의가 경제의 발목을 잡고 있습니다.,정책과 법률 체계를 간소화해 우리 경제에 가해지는 관료제적인 부담을 줄이는데 성공했습니다.
