#,Adoption,독신자 입양,"현재 우리나라의 독신자들은 아이를 입양하는 데 어려움을 겪고 있습니다. 예전에는 한 부모 육아가 어려웠지만, 요즘은 아이를 키우면서 일하기가 더 쉬워졌습니다. 따라서 아이를 원하지만, 배우자를 찾을 수 없거나 혼인을 원하지 않는 사람을 위해 입양이 더 쉬워져야 합니다."
#,Adoption_0,자격 조건 완화,독신자도 부부와 마찬가지로 아이를 입양할 권리를 가져야 합니다..어린이집과 유연근무제를와 함께 독신자 입양에 대한 요건 완화하여 독신자에게도 아이를 키우며 사랑할 기회를 가져야 합니다.
#,Adoption_1,자격 조건 변경 안 함,"입양아들에게는 안정적인 가정과 두 명의 부모가 필요합니다. 편부모 혼자서 아이를 키울 수는 있지만, 종종 곤경에 처해 입양된 아이에게 더 큰 피해를 줄 수 있습니다."
#,AgeBasedDrivingTests,고령자 운전면허 재시험,노인들이 여전히 안전하게 운전할 능력이 있는지 확인하기 위해 정기적인 운전면허 재시험을 도입하자는 제안이 있습니다. 이는 도로 교통사고를 줄이는 안전 정책으로 고려되고 있습니다.
#,AgeBasedDrivingTests_0,시험을 도입함,"사람은 나이를 먹어감에 따라 시력이 떨어지고 반응 시간이 길어지므로 많은 노인 운전자가 다른 도로 사용자, 어린아이들에게 위험할 수 있다는 것이 사실입니다. 고령의 운전자들이 이에 반대할 수 있겠지만, 모두의 안전을 위해 이 방침은 시행되어야 합니다. 여전히 안전한 운전을 하는 사람들은 두려울 것이 없습니다."
#,AgeBasedDrivingTests_1,시험을 도입하지 않음,솔직히 말해 고령 운전자는 교통사고와 관련한 가장 큰 문제가 아닙니다. 고령 운전자는 음주나 약물 사용 등 무책임한 운전 습관이 덜하고 훨씬 더 많은 운전 경험을 지니고 있습니다. 어르신들에게 아직은 운전할 수 있다는 걸 증명하라고 강요하는 것은 모욕입니다. 무책임한 운전자를 감지하는 경찰과 카메라는 이미 존재합니다.
#,Airport,공항 연결 교통편,도심에서 멀리 떨어진 곳에 새로운 수도 공항이 건설될 예정입니다. 공항과 도심을 연결하는 주요 연결 수단은 무엇이어야 할까요?
#,Airport_0,자가용 차,"대중교통도 좋지만, 알다시피 사람들은 일반적으로 운전을 선호합니다. 공항과 도심을 연결하는 새 도로를 건설합시다. 운전하지 않는 사람도 언제든 택시를 타고 공항까지 갈 수 있으니까요."
#,Airport_1,버스,공항 자체도 이미 공해의 주요 원인이며 소음도 심각합니다. 상황을 더 악화시키지 말고 잘 계획된 버스 시스템으로 갑시다. 효율적이고 공해도 적으며 차량정체도 적습니다.
#,AirportExpansion,공항 확장,우리나라에서 가장 큰 공항 중 몇몇 곳의 확장 계획이 승인 신청되었습니다. 현재 우리나라에 착륙하려는 항공편 숫자를 수용할 능력이 충분하지 않습니다.
#,AirportExpansion_0,확장 계획 허가,"우리 관광 산업은 항공 여행에 크게 의존하고 있으며, 관광업을 확대하고 더 많은 일자리를 창출하고 GDP를 성장시키려면 더 많은 항공 수용량을 확보해야 합니다. 적시에 증가한 수용량을 확보하기 위해서는 지금 행동해야 합니다."
#,AirportExpansion_1,확장 계획 거부,항공 여행은 공해의 큰 원인입니다. 대기 오염과 소음 공해를 일으키므로 항공 여행을 장려해서는 안 됩니다. 또한 이 계획은 수많은 가옥을 철거하고 공항 근처에 사는 사람들에게 막대한 불편을 주게 됩니다. 이 계획을 거부하십시오!
#,AirportExpansion_2,결정 보류,"어려운 결정이지만, 솔직히 올해 당장 취해야만 하는 결정은 아닙니다. 다소 우유부단해 보일 수 있지만, 잠시 미룰 수 있습니다. 아마 다음 선거가 끝날 때까지?"
#,AllowForeignFightersToReturn,국외 전쟁 참전자 귀환,"종교적인 우리 국민 일부가 해외의 종교 전쟁에 참전하기 위해 출국했습니다. 여러 면에서 우리나라의 이익과 안보를 위협한 전쟁입니다. 그 전쟁은 이제 끝났고, 내국인 참전자들은 자기들의 행동에 후회를 표명하며 집으로 돌아오고 싶어합니다."
#,AllowForeignFightersToReturn_0,참전자 귀환 거부,"우리 국민이 해외의 적들과 함께 싸우기 위해 이 나라를 떠날 때, 이들은 시민권과 이 나라에서 살 권리를 상실합니다. 절대 이들을 받아줘서는 안 되며, 심지어 재판을 받기 위해서라 할찌라도  이 땅에 발을 디디게 할 수 없습니다. 그것은 우리 군인들과 보안 기관에 대한 모욕이 될 것입니다."
#,AllowForeignFightersToReturn_1,참전자 귀환 허가,"받아들이기 힘든 원칙이지만, 한 번 우리 국민은 영원히 우리 국민임을 인정해야 합니다. 해외에서 범죄를 저질렀건, 이 경우처럼 자국을 향해 무기를 들었건 상관없이 말입니다. 그들이 한 행동은 반드시 법의 심판을 받아야겠죠. 하지만, 우리 편의에 따라서 이들의 시민권을 거부할 수는 없습니다."
#,AppointAmbassador,유엔 대사 임명,"유엔 주재 대사가 올해 은퇴하니 가능한 한 빨리 후임자를 지명해야 합니다. 자국을 옹호하는 강경파를 임명할지, 아니면 좀 더 타협할 수 있는 사람을 임명할지에 따라 많은 것들이 결정될 것입니다."
#,AppointAmbassador_0,토냐 로빈슨 임명,"토냐 로빈슨은 유엔에서 우리나라의 이익을 대변하기 위해 치열하게 싸울 애국자로 잘 알려졌습니다. 애국심이 강하고 보수 성향 국민에게 인기 있으며, 해외 원조에 반대하고 수입 관세를 지지합니다. 국제적으로는 인기가 없습니다."
#,AppointAmbassador_1,데니스 곤살레스 임명,데니스 곤살레스는 타협과 이해를 통해 어려운 문제를 해결하는 것으로 유명하며 국제무대에서 인기 있는 인물입니다. 진정한 국제주의자인 그는 우리 사회의 자유주의자들과 사회주의자들은 물론 외국 지도자들에게도 인기가 있습니다.
#,AppointJudge,원로 판사 임명,우리나라에서 가장 존경받는 둰로 판사 한 명이 사망했습니다. 이제 지명된 후보자 중에서 그의 후임자를 선택해야 합니다.  헤딩인은 법원에 매우 오랫동안 주재할 것이므로 올바른 결정을 내려야 합니다.
#,AppointJudge_0,에드거 로페스 임명,에드거 로페스는 열렬한 인권 옹호자였으며 개인의 권리와 자유를 옹호하는 많은 획기적인 판결을 내렸습니다. 그는 또한 친소비자 성향이 강한 판사로 여겨지며 대기업에 도전하는 것을 두려워하지 않습니다.
#,AppointJudge_1,앨리스 리드 임명,"앨리스 리드는 폭력 범죄에 관한 많은 유명한 판결로 잘 알려졌으며, 도둑, 강도, 좀도둑이 가혹한 선고를 받아 마땅하다는 자신의 솔직한 견해를 종종 피력합니다."
#,AttendGayWedding,동성애자 결혼식 참석,"초인기 연예인이 결혼에 하객으로 초대되었습니다. 보통은 논쟁의 대상이 될 일이 아니지만, 이들은 동성 커플이며, 해당 유명 인사는 성 소수자 권리 옹호자로 잘 알려졌습니다. 참석하시겠습니까?"
#,AttendGayWedding_0,결혼식 참석,"당연히 참석해야 하고, 자랑스럽게 생각해야 할 일이며, 초대에 감사해야 합니다. 바야흐로 21세기에, 결혼식을 치르는 사람들의 성적 취향 때문에 그 결혼식에 참석한 정치인을 폄하한다는 건 시대착오적인 행동입니다. 이것이 쟁점이 된다는 사실이 오히려 부끄러운 일입니다."
#,AttendGayWedding_1,결혼식 불참,"정치 지도자가 신부나 신랑을 얼마나 잘 알고 있는지 모르지만, 모든 유명인의 결혼식에 참석하는 것이 그의 의무 사항은 아닙니다. 국정을 운영하는 것이 그의 전업이고, 그날에 중요한 국정 사안이 있어서 참석하지 못한다고 하면 당사자들은 이해해 줄 것입니다."
#,AttendLGBTPlay,성 소수자 연극 참석,"지금 호평을 받은 한 연극이 우리나라 최고의 극장에서 인기리에 공연되고 있습니다. 연극의 연출가가 당신을 공연에 초대했습니다. 그것 자체가 문제가 되지는 않지만, 이 연극은 성 소수자 커뮤니티에 속한 사람들에 대한 사회의 태도에 관한 논평입니다. 연극 관람은 성 소수자 운동에 강한 동조를 표하는 것으로 비칠 것입니다."
#,AttendLGBTPlay_0,성 소수자 연극 불참,"연극에 참석하는 데 비용이 드는 것도 아니고 법률 제정의 쟁점 사항도 아니니, 성 소수자 커뮤니티에 약간의 관심과 동정을 보여줄 기회이므로 정치적으로 쉬운 승리입니다. 초대를 거절하는 것은 격이 떨어지는 행동입니다."
#,AttendLGBTPlay_1,초대 거절,"당신이 받은 모든 초대에 응할 필요는 없습니다. 연출자는 보나 마나 냉소적으로 자기 정치 아젠다에 대한 지지의 표현을 당신에게 강요하고자 초대한 것일 텐데, 이는 수준 낮고 냉소적인 행동입니다. 연극에 불참하는 것이 지극히 합리적인 대응입니다."
#,BAILOUTCOMPANY,기업 구제금융,"국내 최대 철강회사인 스타게이지 스틸웍스가 경영난에 시달리고 있습니다. 회사 경영진은 향후 몇 달 동안 운영을 이어갈 수 있도록 정부가 무이자 대출을 제공해 준다면, 신규 주문을 받고 회사를 정상화시킬 수 있을 거라고 합니다."
#,BAILOUTCOMPANY_0,기업을 돕자,"이 회사는 수천 명의 직원을 고용하고 있으며, 이 회사가 망할 경우 영향을 받게 될 하도급 업체들도 많습니다. 이 회사가 폐업하게 놔둘 경우 지역 경제에 미칠 타격을 생각해 보십시오. 면세 대출을 제공해야 합니다."
#,BAILOUTCOMPANY_1,아무것도 안 함,"자유시장의 순작용입니다. 기업은 수익성이 없기에 파산합니다. 그들에게 돈을 빌려주는 것이 합리적이었다면 민간 금융이 돈을 빌려줬을 겁니다. 나쁜 전망을 보고 좋은 돈을 던지겠습니까? 물론 단기 실업이 발생하긴 하지만, 자유시장에 맞서 싸울 수는 없습니다."
#,BAILOUTCOMPANY_2,소유 지분 획득,"물론 우리는 이 회사가 망하는 걸 원하지 않지만, 아무 대가 없이 납세자의 돈을 민간 기업에 넘겨주는 것은 무모한 짓입니다. 그들을 구제해 주는 조건으로 사업의 소수 지분을 압류합시다."
#,BakingGayCakes,동성애자를 위한 케이크,동성애를 인정하지 않는 교리를 믿는 종교인 부부가 운영하는 제과점이 동성 커플을 위한 결혼 축하 케이크 굽기를 거부한 후  차별금지법 위반으로 고소 받아 법원에 출두했습니다. 이와 같은 사건에서 법리를 명확히 해둘 필요가 있습니다.
#,BakingGayCakes_0,제빵업자 지지,원지 않는 손님은 거부할 수 있다는 게 기업 경영의 기본 원칙 아닌 가요? 고객의 기분을 상하게 하지 않기 위해. 자기가 믿는 교리에서 신성모독으로 여겨지는 제품을 만들어 팔도록 강제하자는 겁니까? 케이크를 기꺼이 구워 팔았을 다른 제과점들이 많았을 것이므로 이것은 명백한 도발입니다.
#,BakingGayCakes_1,동성 커플 지지,"차별은 종교와 관계없이 차별입니다. 종교적인 이유로 고객을 거부할 수 있다는 주장을 허용한다면, 설사 법에 저촉되지 않는다 하더라도 끝없는 분쟁을 불러일으키게 될 것입니다. 남들의 삶의 방식을 인정하지 않을 자유는 개인에게 있지만, 그들과의 거래를 합법적으로 거부할 수는 없습니다."
#,BAN ALCOHOL ADVERTS,알코올 광고 금지,"텔레비전에서 술 광고를 불법화하는 법안이 발의되었습니다. 라디오, 광고판, 기타 매체에 광고하는 것이 아직 합법이긴 하지만, 일단 TV  광고 금지는 우리 국민의 알코올 섭취를 줄이는 잠재력 있는 방안으로 여겨집니다."
#,BAN ALCOHOL ADVERTS_0,광고 금지 거부,정신 나간 법입니다. 특정 제품을 아예 금지하려면 금지하고 허용하려면 허용하십시오. 알코올은 완전히 합법이며 수백만 명의 국민이 부작용 없이 즐깁니다. 특정 매체에서 제품 광고를 금지하는 것은 자유시장에 간섭하는 것 외에 아무것도 아니며 광적인 알코올 반대자들에게 보여주기 위한 쇼일 뿐입니다.
#,BAN ALCOHOL ADVERTS_1,광고 금지 찬성,"하루아침에 알코올 중독을 근절할 수는 없지만, TV 광고 금지는 올바른 방향으로 가는 첫걸음입니다. 광고주들이 청소년 시장을 겨냥한 제품 마케팅에 있어 점점 더 공격적인 광고 경향을 보이는 점이 우려됩니다. 알코올 소비를 줄이기 위해 할 수 있는 모든 것을 시도해 봐야 합니다."
#,BanAnimalTesting,동물 실험 금지,"모든 동물 실험을 금지하는 제안이 압력 단체에 의해 정부에 제출되었습니다. 우리나라에는 현재 동물 실험을 사용하는 산업에 종사하는 기업들이 꽤 있긴 하지만, 대중에게 지탄받는 관행이기도 합니다."
#,BanAnimalTesting_0,금지,"오늘날과 같은 시대에는 특정 제품, 특히 화장품을 동물에게 시험할 타당한 이유가 없습니다. 동물 실험 관행은 종종 믿기 힘들 정도로 잔인하며 금지하면 광범위한 대중의 지지를 받을 거이며 업계에 실질적인 손해를 거의 미치지 않습니다."
#,BanAnimalTesting_1,변경 없음,"제품이 인간에게 위험할 소지가 없음을 확인하고자 동물에게 시험하는 것일 뿐이며, 통제된 조건에서 최후의 수단으로서만 수행됩니다. 과도한 금지 조치를 취한다면 화장품과 제약 산업에 큰 타격을 줄 것입니다."
#,BanEScooters,전기 스쿠터 금지,"기술 발전과 벤처 자본의 투자 과열에 힘입어 전기 스쿠터 대여업이 황금알을 낳는 신규 업종으로 떠올랐습니다. 그 결과, 여러 경쟁 업체들이 우리 도심 전체에 수만 대의 자전거를 배포했습니다. 이 자전거들이 거리 곳곳에 버려져 방치되는 경우가 많기에 불편을 겪는 시민들이 짜증을 내고 있습니다. 이러한 사업을 제재하라고 요구하는 목소리가 있습니다."
#,BanEScooters_0,전기 스쿠터 대여 금지,"공공의 협의도 없이 공공의 거리를 자신의 창고이자 가게로 여기는 오만한 민간 기업의 전형입니다. 버려진 자전거는 보행자와 운전자 모두를 짜증 나게 하고 거리를 어지럽힙니다. 금지만,이 유일한 합리적 대응입니다."
#,BanEScooters_1,아무것도 안 함,그게 자본주의가 작용하는 원리이며 곧 저절로 해결될 것입니다. 그러한 사업을 즉시 금지하는 것은 그저 자본가 혐오이자 반기업 조치일 뿐입니다. 이것이 편리한 교통 황금기의 시작이라는 걸 우리 모두가 알고 있습니다. 대여하고 싶어하는 사람들이 없어지면 이 회사들은 저절로 파산할 것입니다.
#,BanFaceRecognitionInPublic,공공장소 얼굴 인식 금지,"인공지능의 발전으로 거리에서 간단한 카메라를 사용하여 얼굴을 인식하는 것이 저렴하고 실용적이 되었습니다. 이론적으로 이것은 범죄자를 탐지하는 데 유용하지만, 개인정보보호와 빅데이터 관련 토론으로 이어집니다. 어떤 정보가 어디 저장될지 모를 얼굴 인식 카메라가 도시를 뒤덮는 것을 정부가 나서서 막아야 할까요?"
#,BanFaceRecognitionInPublic_0,얼굴 인식 금지,"이 기술은 놀랍지만, 한편 두렵기도 합니다. 우리는 사기업이나 미래 정부가 이 카메라로 수집하는 정보로 무엇을 할지 알 수 없으니까요. 억압이나 사익을 위해 사용될 것이며 궁극적인 감시 국가로 가는 길이므로 즉시 중지해야합니다."
#,BanFaceRecognitionInPublic_1,얼굴 인식 허용,지나가는 사람이 내 얼굴을 볼까 봐 걱정하는 사람은 아무도 없는데 유독 카메라에 대해서만 열을 올리는 이유가 뭡니까? 내가 수배범이나 테러리스트가 아니라면 뭐가 문제인가요? 이런 데이터 수집은 범죄와 싸우고 놀라운 개인화 서비스를 제공하는 데 도움이 됩니다. 이런 기술의 사용을 금지하는 건 기술 공포증에 가까운 과민 반응입니다.
#,BanForeignFirmFromITInfrastructure,IT 인프라에 외국 기업 배제,우리 통신 인프라를 업그레이드하려면 의심스러운 동기를 지닌 외국 정부와 유착 관계에 있는 거대 외국 기업에서 하드웨어 장비를 사와야 합니다. 보안 전문가들은 이것이 우리 보안을 훼손할 수 있다는 심각한 우려를 표명하고 해당 기업을 블랙리스트에 올릴 것을 촉구하고 있습니다.
#,BanForeignFirmFromITInfrastructure_0,외국 기업 배제,"사회가 인터넷과 통신에 점점 더 의존하고 있는 상황에서 수상한 외국 세력이 우리의 기반 시설을 실효적으로 통제하도록 허용하는 것이 이치에 맞습니까? 현대 IT 시스템은 너무 복잡해서 수입된 장비에 무엇이 숨어있는지 절대 알 수 없으며, 이 나라와 충돌하게 될 때 우리가 한 일을 후회하기에는 너무 늦습니다."
#,BanForeignFirmFromITInfrastructure_1,외국 기업 허용,"이것은 외국인 혐오에 가까운 정부의 간섭입니다. 물론 우리의 중요한 보안 장비 모두를 저렴한 가격에 국내 제조할 수 있다면 좋겠지만, 현실적으로는 해외에서 구매하는 것이 최선입니다. 이 회사를 금지하면 눈에 띄는 이득도 없이 모든 기반 시설 구축 비용이 훨씬 더 비싸집니다."
#,Banknotes,새 지폐의 얼굴,곧 도입될 새로운 지폐에 새로운 인물을 넣어야 합니다. 존경을 받는 대주교와 유명 인권 운동가가 최종 명단에 올랐습니다. 이 둘 중 우리나라 미래 통화의 얼굴이 누가 될 것인지 결정하는 것은 당신의 몫입니다.
#,Banknotes_0,페르난도 마르티네스 주교 선택,"페르난도 마르티네스 대주교는 참된 성자였고 신망이 매우 두터우며 순결한 인물이었습니다. 그의 굳은 신앙심이 진보층의 입맛에는 맞지 않았을지 모르지만, 보수주의자들에게는 롤모델이 되고 있습니다. 그의 얼굴을 우리 은행에 새기는 것은 분명히 우리나라의 신앙심을 대외에 알리는 은은한 메시지가 될 것입니다."
#,Banknotes_1,나탈리 가르시아 선택,"나탈리 가르시아는 항상 세계 곳곳에서 만인의 인권을 옹호하는 최전선에 섰습니다. 이 때문에 많은 주요 기업들과 마찰을 일으켰지만, 대중은 그를 사랑하고 지지합니다. 그의 얼굴을 우리 지폐에 새겨 전 세계에 인권과 자유의 메시지를 보냅시다."
#,BanLivestockImports,가축 수입 금지,"인접 국가 중 하나가 자국 소에서의 '구제역' 발병 사례를 공개적으로 발표했습니다. 이 질병이 우리나라에 퍼질 가능성은 매우 낮지만, 예방 차원에서 해당 국가에서 소 수입을 금지하라는 농민 단체의 로비를 받고 있습니다."
#,BanLivestockImports_0,금수 조치 거부,해당 국가의 가축 수입을 전면 금지할만한 통계적 또는 과학적 근거가 없습니다. 발병 상황은 강력하게 통제되고 있으며 실제적인 위험은 거의 없습니다. 금수 조치는 노골적인 보호무역주의로 비쳐 무역 대상국들의 지탄을 받을 것입니다. 불공평하고 근거 없는 외국 상품 금수 조치가 될 것입니다.
#,BanLivestockImports_1,금수 조치 승인,"우리나라에 질병이 유입될 위험이 아무리 경미하더라도 그런 위험을 무릅쓸 가치가 없습니다. 국내 발병할 경우 대처할 수 있는 유일한 방법은 소를 대량 살처분하는 것이며 그러면 우리 농업은 살아남지 못할 것입니다. 지나치게 조심스러워 보일 수 있지만, 당하고 후회하기보다는 미리 조심하는 게 맞는 겁니다. 입장이 뒤바뀌면 상대국도 우리에게 똑같이 할 거니까요."
#,BanNonLEDBulbs,비 LED 전구 금지,LED 전구는 컴팩트 형광등이나 백열등보다 훨씬 더 효율적입니다. 에너지 사용을 줄이고 기후 변화에 대처하기 위해 전 국민이 LED로 바꾸도록 장려하는 수단으로 구식 전구의 판매를 금지하라는 요구가 있습니다.
#,BanNonLEDBulbs_0,비 LED 전구 금지,"대부분 사람은 LED 전구가 얼마나 발전했는지 또는 앞으로 얼마나 많은 에너지를 절약할 수 있는지를 알지 못합니다. LED는 수년 동안 사용됐지만, 대중의 흡수가 너무 느립니다. 구식 전구 판매 금지는 사람들이 신기술을 사용하도록 하는 가장 빠른 방법이며, 이는 탄소 배출량 감소에 진전을 이루는 쉬운 방법이 될 것입니다."
#,BanNonLEDBulbs_1,금지 조치 거부,"컴팩트 형광등을 새로운 조명으로 채택한 지 그리 오래되지도 않았는데, 또 갑자기 다 바꾸라는 압력을 주자는 건가요? 그뿐만 아니라 조명의 실제 에너지 비용은 이미 매우 낮습니다. 아주 적은 실질적인 이익을 위해 더 많은 정부 규제를 추가할 뿐입니다. 정부가 탄소 배출에 세금을 부과하는 건 그렇다 쳐요. 그러면 나머지는 소비자가 스스로 결정하도록 놔두십시오."
#,Ban Tobacco Adverts,담배 광고 금지,"텔레비전에서 담배 광고를 불법화하는 법안이 발의되었습니다. 라디오, 광고판, 기타 매체에 광고하는 것이 아직 합법이긴 하지만, 일단 TV  광고 금지는 우리 국민의 흡연을 줄이는 잠재력 있는 방안으로 여겨집니다."
#,Ban Tobacco Adverts_0,금지 조치 거부,"일부 압력 단체가 주장하는 것만큼 담배가 해롭다는 걸 100% 직접적으로 입증하는 증거는 없습니다. 수백만 명의 국민이 심각한 부작용 없이 담배를 즐기고 있으며, 그런 금지 조치는 국민의 삶에 일일이 간섭하는 '보모 국가'의 전형입니다. 자신들의 신체이며, 자신들의 결정임을 존중합시다!"
#,Ban Tobacco Adverts_1,금지 조치 승인,"흡연은 매년 수백만 명의 사람들을 일찍 사망하게 하며 중독성이 강합니다. 흡연 관련 질병으로 고통받는 사람들의 수를 줄이기 위해 취할 수 있는 모든 정부의 조치를 환영합니다. 사람들은 여전히 흡연할 권리가 있지만, 이 조치는 다음 세대가 흡연 습관을 들일 가능성을 줄여줍니다."
#,BLASPHEMY,신성 모독죄,우리 사회의 구성원 일부가 추종하는 종교에 대해 매우 비판적인 웹사이트가 인기를 얻고 있습니다. 종교 지도자들은 이 사이트를 신성모독이라고 묘사하며 사이트 삭제를 요구했습니다. 정부 청사 앞에서 정부의 조치를 요구하는 폭력적인 시위가 벌어졌습니다.
#,BLASPHEMY_0,사이트 금지,"이 사이트는 매우 공격적이며, 우리는 소수민족의 견해를 수렴해야 합니다. 대중 소요를 일으킬 가능성이 있는 이와 같은 자료의 공개를 제한하는 것은 전적으로 합리적입니다. 사이트를 삭제합시다."
#,BLASPHEMY_1,아무 조치도 취하지 않음,웹사이트 금지를 요구하는 소수 극단주의자의 요구에 굴복할 수는 없습니다. 이런 식이라면 곧 카를 마르크스의 온라인 자료 저장소를 금지하려는 자본주의자들이 나올 겁니다. 논란의 여지가 있더라도 국민이 의견을 표현할 자유는 우리 사회의 기본 자유입니다.
#,ChildLabourLaw,아동 노동법,너무 많은 젊은 국민이 저임금 일자리를 얻고자 조기에 학업을 포기하고 있습니다. 어떤 젊은이들은 심지어 배워야 할 시간에 학교를 결석하고 일하러 갑니다. 회사가 16세 미만을 정규직으로 고용하는 것을 금지하는 법은 현재 매우 약합니다. 발의된 새 법안은 고의로 16세 미만인 자를 일주일에 5시간 이상 고용하는 것을 형사 범죄로 규정합니다.
#,ChildLabourLaw_0,아동 노동을 범죄로 지정,"청소년에게는 학교 공부가 무엇보다 우선이라는 진리를 아무리  귀에 못이 박이게 설교한들, 법률과 범죄 행위의 위협으로 그 말을 뒷받침하지 않는다면 우리 아이들은 돈을 벌려고 계속 학교를 결석하게 될 것입니다. 우리 청소년들의 미래를 위해 이 법을 지지해야 합니다!"
#,ChildLabourLaw_1,법을 변경 없음,"이 법은 불필요합니다. 수업을 빼먹는 아이들은 어차피 수업에 집중할 의향이 없는 아이들이고, 대신 일을 해서 경제에 기여하고 있습니다. 또한, 우리는 자신이 고용한 사람들의 나이를 자세히 파악하고 있지 못한 소상공인을 범법자로 낙인 찍을 위험이 있습니다."
#,ChildLabourLaw_2,타협,양측의 의견이 일리 있습니다. 타협하고 법을 좀 더 강화해 아이들이 일주일에 10시간 이상 일할 수 없도록 합시다. 모두 만족하시죠?
#,CHILDRENS FOOD,청소년 식품,"패스트푸드점에서 판매되는 식품은 물론 학교 급식을 포함해 청소년에게 판매하는 식품의 지방, 염분, 설탕 함량 및 영양가를 규제하는 법률이 제안되었습니다. 이는 식품 소매업체에 비용 부담을 안기게 될 것입니다."
#,CHILDRENS FOOD_0,법을 변경 없음,"자유시장에 간섭해서는 안 됩니다. 그건 국민의 삶을 간섭하는 국가입니다. 아이들이 살찌는 정크 푸드를 먹고 싶어 하고 부모들은 신경 쓰지 않는다면, 정치인이 무슨 권리로 사람들에게 햄버거를 먹지 말라고 할 수 있습니까?"
#,CHILDRENS FOOD_1,청소년 식품 규제,"비만은 국민 건강에 심각한 영향을 끼치는 중대한 문제입니다. 한참 어린 청소년을 대상으로 건강에 해로운 음식을 마케팅하는 것은 용납할 수 없으며, 우리 국민의 미래 건강을 보호하려면 지금 법을 통과시켜야 합니다."
#,ClimateChangeProtocol,기후 변화 의정서,유엔 기후 변화 회의는 선진국의 온실가스 배출을 제한하는 새로운 의정서에 서명했습니다. 우리나라도 회담에 참가했고 경제에 너무 많은 부담을 주지 않도록 까다로운 조건을 내걸었습니다. 그럼에도 의정서를 비준하는 것은 큰 비용을 낳고 GDP 성장과 근로자 생산성을 제한할 수 있습니다. 한편 전문가들은 이것이 환경을 살릴 유일한 방법이라고 주장합니다. 의정서를 비준하시겠습니까?
#,ClimateChangeProtocol_0,의정서 비준,온실가스 배출량을 줄이는 것은 우리 자손들이 살만한 지구에 태어날 수 있도록 하는 데 필요한 단계입니다. 이 목표 달성을 위해 경제에 미칠 작은 타격을 무릅쓸 가치가 있습니다.
#,ClimateChangeProtocol_1,비준하지 않음,"나라의 경제가 걸린 상황에서 성장, 생산성, 국부를 저해하는 제안을 비준할 수 없습니다. 현재로서는 환경을 보호하는 다른 수단으로도 충분할 것입니다."
#,ClusterBombBan,집속탄 금지,"우리나라 기술 기업이 외국과 집속탄 제조 및 공급 계약을 막 수주했습니다. 현재 기업이 이러한 제품을 만드는 것을 금지하는 특정 법률은 없지만, 국내에서의 집속탄 생산을 금지해야 한다는 대중적인 논쟁이 격화되고 있습니다."
#,ClusterBombBan_0,집속탄 금지,수많은 민간인 사망을 초래하는 집속탄 같은 무기의 제조를 용인해서는 안 됩니다. 잔인한 무기이며 오늘날 사용할 정당한 이유가 없습니다. 이러한 무기를 금지함에서 소수의 일자리가 희생되더라도 그것은 우리가 기꺼이 지불해야 하는 대가입니다.
#,ClusterBombBan_1,법안 거부,"집속탄 제조를 금지해야 한다고 말하기는 쉽지만, 그다음은 뭔가요? 총기 제조도 금지할까요? 수갑은요? 일자리를 앗아가고 투자자의 신뢰를 손상해 무기 산업 전체를 해체하는 수순으로 갈 것입니다. 기업이 생산하는 제품에 간섭하는 것은 국가가 할 일이 아닙니다."
#,CondemnFarLeftDictator,극좌 독재자 규탄,"국내 정치와는 무관해 보이지만, 외국 극좌 독재자의 극단적인 행동이 뉴스거리가 되면서 언론은 당신이 그의 행동을 비난하는 논평을 낼 것을 기대합니다. 그 독재자는 반대파 세력을 체포하고 있으며 공개 처형과 거리에서의 뭇매 등 현지 상황이 보도되고 있습니다."
#,CondemnFarLeftDictator_0,독재자 규탄,"우리가 그 나라에서 벌어지고 있는 참혹한 일들을 잘 알고 있음에도 입을 다물고 있다면 그야말로 충격일 것입니다. 우린 보통은 외국의 내정에 간섭하지 않지만, 무고한 사람들이 체포되고 심지어 살해되는 것을 두고 볼 수만은 없습니다. 침묵하는 것은 원칙이 없다는 것을 보여주는 겁니다."
#,CondemnFarLeftDictator_1,노 코맨트,"표면적으로는 성토할만한 일이긴 하지만, 타국의 내정을 비판하는 것은 우리의 의무도 아니며 우리가 간섭할 입장도 아닙니다. 우리도 다른 국가의 지도자들이 우리 일에 간섭하는 것을 원하지 않습니다. 체포된 사람들이 모두 위험한 테러리스트일지 우리가 어떻게 압니까?"
#,CondemnRefuseStrike,쓰레기 파업 규탄,"쓰레기 수거 노동자들이 임금 문제로 파업을 벌이고 있습니다. 쓰레기가 거리에 쌓이기 시작했고 사람들은 당연히 짜증을 냅니다..파업 자체는 합법이지만, 공중 보건상의 문제점과 의견을 밝혀야 한다는 압력이 있습니다."
#,CondemnRefuseStrike_0,파업자 지지,합법적인 노사 분규에서 노동을 철회하는 것은 모든 노동자의 기본권입니다. 사람들이 거리의 쓰레기 때문에 그토록 화가 난다면 그걸 치우는 이들이 얼마나 중요한지 깨닫고 그런 궂은일을 하는 사람들이 더 나은 급여를 받아야 한다는 데 동의해야 하지 않을까요?
#,CondemnRefuseStrike_1,파업 규탄,"이것은 임금 인상을 요구하는 합리적인 방법이 아닙니다. 공중 보건을 위협하는 일이며, 필요 시 작업자를 다른 사람으로 교체하는 방안을 모색해야 합니다. 결국 서민들의 세금으로 부딤해야 할 부당한 임금을 받아내고자 골칫거리를 만드는 극단주의 노조에 불과합니다. 이 일은 고도의 숙련을 요구하는 작업이 아니며, 현재 임금은 적절합니다."
#,CONTROVERSIAL MARCH,논쟁을 불러일으키는 행진,극우 정치 단체가 우리 수도를 행진하는 집회를 계획 중입니다. 이 단체는 인종차별 성향이 강하고 경찰은 행진이 계속되면 행진에 반대하는 사람들과 행진하는 사람들 사이에 폭력 사태가 벌어질 것으로 확신하고 있습니다. 경찰은 이 행진을 금지할 것을 권고합니다.
#,CONTROVERSIAL MARCH_0,행진 금지,경찰이 이 행진을 금지할 충분한 이유를 제시했습니다. 우리는 이 행진이 촉발할 폭력과 말썽을 원하지 않는 우리 사회 대다수 견해를 고려해야 합니다. 표현의 자유는 폭동을 야기할 자유를 의미하지 않습니다. 이 행진을 금지합시다.
#,CONTROVERSIAL MARCH_1,행진 허용,"대중적이지 않거나 소수 견해일지라도 자유롭게 결집하고 정치적 견해를 내세울 권리는 우리 사회의 기본 자유 중 하나입니다. 행진하는 사람들은 자신의 견해를 표현할 뿐이고, 반대자들도 자유롭게 평화적인 반대 시위를 할 수 있습니다. 난감한 상황이지만, 정치적 시위를 금지하는 것은 매우 독재적인 발상입니다."
#,CorporateManslaughter,기업 과실치사 법안,기업체가 과실로 인해 인명 손실을 입힌 경우 과실치사 혐의로 기소될 수 있도록 하는 새로운 법안이 제안되었습니다.
#,CorporateManslaughter_0,법안 통과,이 법의 취지는 기업이 직원과 일반 대중의 안전을 무시하고 안일하게 사익을 추구하는 것을 방지하는 것입니다. 해마다 많은 사람이 산업재해로 사망하는데도 교훈을 얻지 못하고 책임이 배분되지 않는 경우가 많습니다. 이 법은 책임있는 기업의 사회적 책임을 위한 한 걸음 진보입니다.
#,CorporateManslaughter_1,법안 저지,"이 법은 집행 불가능합니다. 대기업은 많은 하도급 업체를 고용하고 있기에 사고에 대한 책임 소재를 물을 때 법적인 복잡함이 상당합니다. 이 법은 좋은 의도이긴 하지만, 기업의 행동 양식을 실질적으로 바꾸지 못하면서 변호사의 주머니만 채우는 역할을 하는 값비싼 시간 낭비가 될 것입니다."
#,CorporateMedicalMarketing,기업의 의료 마케팅,"수년 동안 특정 제약 회사들은 종종 환자에게 필요한 약물이 아니거나 환자에게 최상의 선택이 아닌 약물을 처방하도록 의사들에게 금전이나 기타 호의를 제공해 왔습니다. 이런 관행이 최근 몇 달간 증가했으며, 지금까지 신체적 피해는 없었지만, 나쁜 일이 발생하는 것은 시간문제입니다."
#,CorporateMedicalMarketing_0,아무 조치도 취하지 않음,"이 관행은 수년 동안 계속됐고 아무 일도 일어나지 않았습니다. 이런 회사들에 개입하고 규제를 강요할 필요는 전혀 없습니다. 결국, 제약 산업은 부유하고 영향력 있는 산업입니다. 타 경쟁사가 자사 제품이 더 좋다고 생각한다면 똑같이 하면 되는 일입니다."
#,CorporateMedicalMarketing_1,규제 도입,"이런 관행은 멈춰야 합니다. 환자의 생명을 위험에 처하게 하며, 의사가 환자에게 필요해서가 아니라 자신의 재정적 동기에 따라 약을 처방하는 것을 용납할 수는 없습니다. 제약 회사가 재정적으로 의사에게 영향을 미치는 것을 방지하는 법규가 마련될 것입니다."
#,DebtProtectionLaw,채무자 보호법,채권 추심 업체가 거액의 빚을 진 사람들로부터 채무액을 받아내기 위해 사용하는 공격적인 방법이 뉴스에 보도되었습니다. 이 채권 추심 업체는 더 큰 규모의 책임 있는 회사에서 돈을 빌릴 수 없는 신용 대출을 제공합니다. 이런 업체의 운영 방식을 제한하는 법률이 제안되었습니다.
#,DebtProtectionLaw_0,업체 활동 제한,이 업체들은 우리 사회에서 가장 약하고 가장 가난한 사람들을 노려 종종 갚을 수 없는 엄청난 이율로 돈을 빌려줍니다. 이는 갈취에 불과하며 정부는 이러한 파렴치한 기업의 활동을 엄중히 제한하는 조치를 즉각 취해야 합니다.
#,DebtProtectionLaw_1,업체 활동 허용,"누구도 갚지 못할 돈을 빌리라고 남에게 강요하는 사람은 없으며, 채권자가 합법적인 채무를 회수할 권리를 제한하는 것은 역효과를 낳을 것입니다. 사람들은 자기 분수에 맞게 사는 법을 배워야 하며, 그렇게 사는 법을 배울 수 없는 경우 국가가 곤경에서 구해주길 기대해서는 안 됩니다."
#,DecryPaydayLoanCompany,단기소액대부의 폐해,단기소액대부 또는 '페이데이' 대출 회사는 주류 대출 기관에 접근할 수 없는 사회 최빈곤층을 대상으로 극도로 높은 이율로 대출을 제공합니다. 일부 소비자 운동가들은 정부가 이 문제에 대해 목소리를 내라고 요구하고 있습니다.
#,DecryPaydayLoanCompany_0,대부업체 규탄,우리 사회에서 대출이 가장 절실히 필요한 사람들에게 가장 높은 이자율을 부과하는 게 용납할 수 있는 일인가요? 이 회사들은 가난한 사람들의 제한된 선택권을 냉소적으로 착취해 그들을 부채의 순환 고리 안에 영원히 가둡니다. 최소한 우리는 그들의 비즈니스 모델을 공개적으로 비판해야 합니다.
#,DecryPaydayLoanCompany_1,노코멘트,"이들 대출 업체는 단순히 특정 시장의 수요를 충족하는 완벽하게 합법적인 사업을 운영하고 있습니다. 리스크가 매우 높은 고객에게는 당연히 더 높은 이자율이 부과되는 것도 충분히 이해할 수 있는 부분입니다. 또한, 범죄 조직이나 사채업자가 활개치게 하는 것보다는 합법적이고 규제받는 페이데이 대출 업체를 허용하는 것이 낫습니다."
#,DeliveryDrones,드론 배송,"한 국제 소매업체가 자율 화물 쿼드로콥터를 통한 배송을 도입하려고 합니다. 일반 대중은 이 전망에 흥분하지만, 노조주의자들은 실직과 사고를 예측하는 등 매우 비판적입니다. 해당 소매업체가 시범 사업을 시작할 권한을 요청했으며 현재 입법부는 상업용 드론을 다루고 있지 않습니다."
#,DeliveryDrones_0,드론 배송 허용,시범 프로그램은 고객에게 직접 드론 배송을 제공하지는 않고 한 창고에서 다른 창고로만 운반합니다. 해당 기술은 이를 허가해 줄 만큼 충분히 안전합니다.
#,DeliveryDrones_1,드론 배송 불허,경찰 드론과 군용 드론으로 공공 영공은 이미 혼잡해지고 있습니다. 개인 소유 상업용 드론은 드론 관련된 사고 위험을 불필요하게 증가시킵니다.
#,DeliveryDrones_2,제한적 실험 허가,속단할 일이 아닙니다. 1~2년 동안 몇 가지 제한된 실험을 허용하고 상황을 지켜보는 게 최선이 아닐까요?
#,DisguisedEmploymentLaw,위장 고용법,"최근 몇 년 동안 택시 앱과 같은 제로 아워 긱 경제 사업체 수가 크게 증가했지만, 법은 이를 따라잡지 못했습니다. 일부 운동가들은 이것이 직원에게 휴가나 병가를 제공하는 것을 피하고자 고안된 위장 고용이며, 회사는 정규 고용주로 취급되어야 한다고 말합니다."
#,DisguisedEmploymentLaw_0,긱 경제 일자리를 위장 고용으로 규정,"이러한 회사는 기본적으로 병가, 연금 기여금 및 기타 기본 수당을 지불하지 안아도 되도록 법의 허점을 이용하는 첨단 택시 및 배달 회사입니다. 법의 정신을 지키는 업체에는 불공정한 경쟁입니다. 규제를 강화하면 공정한 경쟁이 가능해집니다."
#,DisguisedEmploymentLaw_1,기존 규제를 유지,"자유시장이 작동하는 방식일 뿐입니다. 수천 명의 사람에게 극도로 유연한 고용을 제공하고 초저가 택시와 음식 배달을 이용할 수 있게 해주는 새로운 비즈니스 모델이 기존 비즈니스를 압도한 겁니다. 직원이 앱을 끄거나 경쟁업체를 위해 일하는 것은 전적으로 본인 자유이므로, 그런 의미에서 이것이 정상적인 고용이 아니라는 말은 틀린 말이 아닙니다."
#,DNADatabase,DNA 데이터베이스,경찰청장이 범죄와 싸우는 데 도움이 되도록 모든 사람의 DNA 정보를 담은 글로벌 데이터베이스를 구축하는 것을 허가해 달라고 요청하고 있습니다. DNA 증거는 이전에는 해결할 수 없었던 많은 범죄의 가해자까지 추적할 수 있게 해줍니다. 개인의 프라이버시와 관련한 우려가 있긴 합니다.
#,DNADatabase_0,데이터베이스 허용,이는 범죄와의 전쟁에서 귀중한 무기가 될 것입니다. 지금까지 많은 범죄자가 자신이 저지른 범죄에 대한 책임을 부인할 수 있었습니다. DNA 증거를 통해 살인자와 강간범 등 범죄자를 경찰이 찾는 데 소요하는 시간을 상당히 줄일 수 있습니다. 범죄를 저지른 적이 없고 숨길 것이 없는 사람이라면 이런 조치에 반대할 이유가 없습니다.
#,DNADatabase_1,데이터베이스 방지,이것은 우리 국민의 인권에 대한 근본적인 침해입니다. 유죄가 입증될 때까지는 무죄인 것으로 추정한다는 원칙을 지켜야 하며 모든 이를 감시하는 '빅 브라더'를 방불케 하는 데이터베이스를 구축한다면 모두를 잠재적 범죄자로 취급하는 것입니다. 국민이 국가에 DNA 샘플을 제공하도록 강요하고 이를 따르지 않으면 감옥에 보내기라도 할 건가요?
#,DNADatabase_2,범죄자 전용 데이터베이스,"실용적으로 접근합시다. 용의자에게서 채취한 DNA는 경찰 데이터베이스에 무기한 보관할 수 있지만, 범죄 혐의가 없는 한 무고한 사람들의 DNA를 광범위하게 수집해서는 안 됩니다."
#,EndLifeRecyclingLaw,수명 종료 재활용법,"소비자 사회의 단점 중 하나는 너무 많은 제품이 수명이 다한 후 매립지에 버려진다는 것입니다. 재활용을 장려하는 것이 하나의 해결책이긴 하지만, 최근에는 대형 가전제품 제조사에 이러한 부담을 지우고 낡은 제품을 회수해 재활용하도록 법적 의무를 부여하려는 움직임이 있습니다."
#,EndLifeRecyclingLaw_0,법 통과,계속해서 더 많은 물건을 땅속에 던져넣고 그것들이 사라지기를 바라고 있을 수는 없습니다. 이 조치는 재활용의 부담을 기업에 돌림으로써 기업이 쉽고 저렴하게 재활용할 수 있는 제품을 설계하도록 장려할 것입니다.
#,EndLifeRecyclingLaw_1,법 거부,"간단히 실행할 수 있을 것처럼 보이지만, 이는 우리나라에 기반을 둔 기업과 제조업체에 큰 부담이 됩니다. 해외에서는 이 법을 집행할 수도 없으니 결국 국내 산업에만 무의미한 규제 부담을 가하는 것입니다."
#,EXTRADITE TERROR SUSPECT,테러 용의자를 추방할까요?,"우리나라와 공식적인 범죄인 인도 조약이 체결되지 않은 중동 국가에서 테러 혐의를 받는 국내 거주 이민자를 인도할 것을 요청했습니다. 수도에서 제헹된 자동차 폭탄 테러에 그가 연루되었다는 주장이지만, 그들이 가진 유일한 증거는 다른 테러 용의자들을 깅입헤 빋이넨 자백뿐입니다."
#,EXTRADITE TERROR SUSPECT_0,용의자 추방,"이 테러리스트를 즉시 고국으로 보내야 합니다. 그 나라의 사법 제도에 대한 약간의 우려가 있을 수 있지만, 그들은 테러리스트와 싸우고 있습니다. 만약 우리가 그들의 입장이라면 테러범을 우리 재판정에 세우는 것을 거부당할 때 분노할 것입니다. 지금은 상대국의 심문 방법을 못마땅해할 때가 아닙니다."
#,EXTRADITE TERROR SUSPECT_1,국내에 수감,"이 사람을 본국에 인도하면 사형에 처할 가능성이 있습니다. 그가 공정한 재판을 받을지 알 방법이 없으며, 그가 과연 범인인지도 확신할 수도 없습니다. 외국 정부가 시킨다고 국내 거주인의 신병을 더럭 인도할 수는 없습니다. 범죄 활동의 증거를 확인하지도 않고 사람을 사지로 보낼 수는 없습니다."
#,FactoryFarming,공장형 농업법,"농가의 동물 복지 기준을 강화하자는 캠페인이 탄력을 받고 있습니다. 집약적 농업 시설에서 동물이 움직일 공간, 사료, 야외 접근 등 최소 기준을 더 높이는 법률이 제안되었습니다."
#,FactoryFarming_0,더 엄격한 표준 설정,"집약적 농업으로 동물들이 고통받지 않도록 우리가 뭔가를 해야 할 때입니다. 일부 동물이 사육되는 환경을 직접 보면 대부분 일반인은 경악할 것입니다. 높아진 축산 표준이 더 비싼 식품으로 이어지긴 하지만, 현재 가축들이 사육되고 있는 조건을 알고 있다면 사람들은 기꺼이 더 큰 비용을 지불할 것입니다."
#,FactoryFarming_1,변경 없음,"아무도 소비자에게 가장 저렴한 출처에서 가공육을 사도록 강요하지 않습니다. 유기농 식품과 방목 식품이 이미 존재하지만, 자유시장은 소비자가 동물 복지 개선을 위해 더 큰 비용을 지불할 준비가 되어 있지 않다는 것을 분명히 보여줍니다. 이것은 정부가 몇몇 운동가들을 달래기 위해 시장에 개입하는 것입니다."
#,FishingQuota,어획량 쿼터제,우리나라 어부가 일 년에 잡을 수 있는 특정 생선의 양을 제한하는 국제법에 서명할 것을 해양 보호 단체가 촉구하고 있습니다. 이것은 미래 세대를 위해 어족자원을 보존하려는 시도입니다.
#,FishingQuota_0,쿼터제에 동의,"이것은 커먼 센스입니다. 현대 기술로 너무 저렴하고 쉽게 엄청난 양의 물고기를 잡을 수 있어 가격이 낮아지고 위험한 공급 고갈이 발생합니다. 단기적으로 어부들의 원성을 살 수 있지만, 장기적인 해양 환경을 생각해야만 합니다. 환경 단체는 법에 서명할 것을 권장합니다"
#,FishingQuota_1,쿼터제 거부,"이론으로는 모든 것이 매우 합리적으로 들리지만, 실제로는 우리 어업 경제에 대한 통제권을 몇몇 국제기구에 양도하는 게 됩니다. 그리고 우리 어부들은 당연히 이 조약을 준수하겠지만, 외국 어부들도 그럴지 어떻게 확신할 수 있습니까? 이 법에 서명하는 것은 우리나라 어업의 관에 또 하나의 못을 박는 것이 될 것이며 일자리를 잃게 될 것입니다! 법안을 거부하십시오!"
#,FlagBurning,국기 소각법,우리나라의 국기를 태우는 것을 특정 범죄로 규정하자는 제안이 나왔습니다. 애국자들은 경찰이 손을 쓰지 못하는 상황에서 시위자들이 공개적으로 우리나라의 국기를 불태우며 반정부 히스테리를 부추기는 것을 우려하고 있습니다.
#,FlagBurning_0,국기 소각 금지,"자국의 국기를 불태우는 행위를 보고 많은 사람이 모욕감을 느낍니다. 국기는 특정 정당을 대표하는 것이 아니라 국가 자체를 대표합니다. 국기를 태우는 것은 매우 비애국적인 행위이며, 그런 짓을 하려는 사람은 애초에 이 나라에 살면 안 됩니다."
#,FlagBurning_1,국기 소각 허용,"자유 사회임을 자처하면서 정부에 반대되는 견해를 표현할 국민의 권리를 부정할 수는 없습니다. 결국, 깃발은 천 조각에 불과한데 천 조각을 태우는 것을 어떻게 범죄로 지정할 수 있습니까?"
#,ForeignPresident,해외 대통령 순방,"경제가 빠르게 성장하고 있는 국가의 대통령이 공식 국빈 방문으로 당신을 초대했습니다. 이 방문은 그 나라와의 무역을 장려해 일자리를 늘릴 좋은 기회가 될 수 있지만, 인권에 대한 상대국의 기록은 매우 의심스럽습니다."
#,ForeignPresident_0,초대를 거절,이 외국 지도자는 인권과 자국 내 소수자에 대한 태도 모두에서 끔찍한 기록을 가지고 있습니다. 이 방문을 진행한다면 국내 및 국제 사회의 소수민족과 인권 운동가들이 분노할 것입니다. 이는 이 자의 잔혹한 정책을 공식 지지하는 것으로 비칠 것입니다.
#,ForeignPresident_1,초대를 수용,"방문을 진행해야 합니다. 첫째, 방문을 반대하고 있는 그 소수민족 본인들에게 잠재적인 일자리가 생기는 등 경제에 좋을 것이고, 둘째, 우리가 국가 지도자와의 만나는 것조차 거부한다면 다른 나라들의 행동에도 영향을 미칠 수 없습니다."
#,Fracking,프랙킹,"프랙킹'으로 더 잘 알려진 수압 파쇄는 에너지 회사가 이전에는 도달할 수 없었던 셰일 가스 매장 층에서 가스를 시추하게 해주는 기술입니다. 이 기술은 비교적 새롭기 때문에 정부로부터 사용 허가를 받아야 합니다. 한편으로는 잠재적으로 엄청난 에너지 공급을 가능하게 하는 반면, 다른 한편으로는 이 공정에 대한 심각한 환경 오염 우려가 있습니다."
#,Fracking_0,프랙킹 허용,이 법안은 에너지 회사가 우리 땅에서 상업적 수준의 파쇄 작업을 수행할 수 있도록 할 것입니다. 이는 에너지 가격을 낮추고 석유 및 가스의 해외 수입 의존도를 낮추기에 소비자에게 희소식입니다. 게다가 경제에도 활력소가 될 것입니다. 반가운 일이죠.
#,Fracking_1,프랙킹 금지,"파쇄 공법은 고압으로 암반에 엄청난 양의 위험 화학 물질을 펌핑하는 방식이기에 상수도를 오염시킬 수 있고 지진과도 관련이 있는 등 매우 실질적인 위험을 내포하고 있습니다. 게다가, 기후 변화에 기여하는 탄소 배출량을 줄여야 할 때 우리의 화석 연료에 대한 의존도를 지속시킬 뿐입니다."
#,Freedomofinformation,정보공개법,"본인이 모르는 사이 데이터베이스에 어떤 개인 정보가 저장되고 있는지 알 수 있도록 가용성을 높이자는 법이 제안되어왔습니다. 여기에는 민간 의료 회사, 보험 회사, 채권 추심 업체가 보유한 기록과 정부 부처가 보유한 정보가 포함됩니다."
#,Freedomofinformation_0,제안을 거부,"자기 개인 정보를 정부가 보유하는 걸 좋아하는 이는 아무도 없겠지만, 때에 따라서는 필요한 조치입니다. 정부는 모든 사람을 감시하려는 것이 아닙니다. 이 법을 통과시키면 정보기관이 심각한 범죄자와 테러리스트를 감시하기가 더 어려워질 겁니다. 또한, 고객 데이터베이스를 보유한 수많은 기업이 관료주의적인 업무를 처리하느라 부담을 안게 될 것입니다."
#,Freedomofinformation_1,정보공개법 제안,"진정 자유로운 사회가 요구하는 견제와 균형의 한 수단인 이 법을 꼭 통과시켜야 합니다. 일반 준법 시민이 컴퓨터 데이터베이스를 보유한 다국적 기업에 의해 감시되거나 모니터링되어서는 안 되며, 저장되고 있는 데이터를 국민이 볼 수 없다면 정부 기관에 의해 남용될 소지가 매우 큽니다."
#,GayAdoption,동성 커플 입양,현재 한 동성 커플의 입양 절차가 너무 오래 지체되고 있다며 차별법 위반을 주장하는 법원 송사가 세간에 널리 알려졌습니다. 이제 이 토론에 있어 당신의 입장을 대중에게 알릴 때입니다.
#,GayAdoption_0,동성 커플 입양 지지,아이를 입양하고 싶어하는 훌륭한 부부가 공무원들로부터 그런 차별을 받을 수 있다는 사실이 마음 아픕니다. 입양 기관이 동성 커플을 다른 사람과 차별 없이 대우해야 한다는 원칙을 법 집행을 통해 명확히 해야 합니다.
#,GayAdoption_1,동성 커플 입양 반대,가장 중요한 것은 정치적 압력 그룹이나 사회 운동 세력에게 점수를 따는 것이 아니라 아동의 복지입니다. 아이는 엄마 아빠가 키우는 것이 더 낫다는 단순한 사실을 인지해야 합니다. 입양 기관에서 이성애 커플을 우선시하는 것은 절대적으로 공정합니다.
#,GenderNeutralRestrooms,성 중립 화장실,논 바이너리 국민이 괴롭힘을 두려워하지 않고 사용할 수 있도록 특정 규모 이상의 모든 건물에 성 중립적인 화장실을 제공하도록 법을 개정하자는 캠페인이 있습니다.
#,GenderNeutralRestrooms_0,성 중립 화장실 의무화,"우리 사회가 성별 이분법에 따른 정체성을 거부하는 논 바이너리 시민에게 더 관대했더라면 이런 법안이 필요 없었을 것이지만, 슬프게도 이들은 괴롭힘과 차별에 직면하고 있으므로 우리는 뭔가 조처를 해야 합니다. 성별과 관계없이 모두에게 안전한 환경을 제공하자는 요구는 지나친 것이 아닙니다."
#,GenderNeutralRestrooms_1,변경 없음,말도 안 되는 제안이고 소수의 인구에 환심을 사려는 오버입니다. 이러한 변화는 사업주에게 막대한 비용을 전가할 것이며 정부가 신경 쓸 일이 아닌 부분에 간섭하는 전형적인 예입니다. 어떤 화장실이 적절한지 사람들이 스스로 결정하게 놔둘 수 없습니까?
#,GMFood,유전자변형식품 제안,많은 대규모 농업 회사들이 국내 토지에서 유전자변형(GM) 식품을 재배하는 데 관심을 두고 있습니다. 일부 식품은 저장 수명을 연장하고 질병과 제초제 저항성을 허용하도록 유전자 조작될 수 있습니다. 반대자들은 먹이 사슬 교란 등 잠재적 위험에 대해 우려하고 있습니다. 농민들의 의견도 이 문제에 대해 엇갈리고 있습니다.
#,GMFood_0,유전자변형식품 허용,GM 작물에는 엄청난 잠재적 이점이 있습니다. 유통 기한을 늘려 판매자의 비용을 절감할 그뿐만 아니라 살충제의 필요성을 줄여 생산 과정에서 사용되는 유해한 화학 물질을 줄일 수 있습니다. 비타민 함량 향상과 같은 다른 이점이 있는 식품을 만드는 것도 가능합니다.
#,GMFood_1,유전자변형식품 판매 금지,"GM 식품을 재배할 필요가 없습니다. 생산자에게는 큰 혜택을 안기지만, 소비자에게는 그렇지 않습니다. 우린 먹이 사슬을 유전자적으로 변화시키는 것의 가져올 장기적인 영향을 충분히 알지 못합니다. 과학적 연구 자체는 장려할 일이지만, 일단 환경에 유출되고 나면 이러한 유기체들은 다시 주워담을 수 없습니다. 우리는 GM으로부터 먹이 사슬을 보호하기 위해 지금 행동해야 합니다."
#,Hackers,국가중요시설에 해커 침투,전문 해커 그룹이 발전소와 은행을 포함한 우리 전산망의 중요시설을 해킹했습니다. 이 그룹은 공개적으로 해킹 사실을 인정하고 우리 방어의 위험한 결함을 지적하고 문제를 해결할 방법을 제시했습니다. 기업과 보안 전문가는 현재 고도의 경계 태세에 있으며 정부의 조치를 요구하고 있습니다.
#,Hackers_0,범죄자들을 체포,이러한 시스템이 해킹당하면 재앙이 발생할 수 있습니다. 시스템의 결함을 가능한 한 빨리 수정해야 하고 해커는 체포되어야 합니다. 그렇지 않으면 유명해지고 싶은 다른 해커들이 모방 범죄를 일으켜 우리 전산망에 엄청난 스트레스를 줄 것입니다.
#,Hackers_1,해당 해커들을 고용,"이 해커는 해당 분야에서 최고의 실력을 보유한 듯하며 시스템을 보안하고 미래에 같은 사고를 방지하기 위한 새로운 방법을 연구하는 데 안성맞춤인 인재들입니다. 기업과 공무원은 달가워하지 않겠지만, 보안이 최우선입니다."
#,HOSTAGE SITUATION,인질 상황,"종교 극단주의자 그룹이 몇 명의 우리 국민을 인질을 잡고 외교 정책을 수정하라는 자신들의 요구를 들어주지 않으면 살해하겠다고 위협하고 있습니다. 그들의 요구가 그다지 극단적이지는 않지만, 수용한다면 이들과 타협하는 것처럼 보일 수도 있습니다."
#,HOSTAGE SITUATION_0,요구를 수용,합리적인 대응이 우리가 할 수 있는 최선입니다. 그들의 요구에 적어도 부분적으로 굴복하는 것입니다. 그렇게 하면 아무도 다치지 않고 상황이 통제 불능 상태에 빠지지 않게 할 수 있습니다. 이러한 사람들에 대해 극단적으로 대응하는 것은 인종적 긴장만 유발할 것입니다.
#,HOSTAGE SITUATION_1,경찰을 투입,인질범과의 협상은 없습니다. 그렇게 하면 혼란의 수문을 활짝 여는 것이나 마찬가지입니다. 인질로 잡힌 국민이 피해를 입더라도 지금 당장 건물을 급습해서 인질 구출 시도를 해야 합니다. 인질범을 쏴죽이고 인질 몇 명을 잃는 결과가 된다 해도 그것은 우리가 치러야 할 대가입니다.
#,HousingExpansion,주택 확장,우리나라에는 주택이 부족합니다. 정부는 국토 계획법을 완화하고 이전에 제한되었던 그린벨트 부지에 건설을 허용해야 한다는 압력을 받고 있습니다.
#,HousingExpansion_0,개발법 완화,집값이 소득보다 훨씬 빠르게 오르고 있는 것은 공급 부족 때문입니다. 장기적인 해결책은 주택을 더 짓는 것뿐입니다. 일자리가 없는 곳에서 주택을 제공하는 것은 좋지 않습니다. 그린벨트 땅의 일부분에 주택을 지어야 한다면 그렇게 하는 것이 장기적 주택 문제 해결을 위해 우리가 치러야 할 대가입니다.
#,HousingExpansion_1,개발 규제 유지,주택 건설 회사들은 그린벨트에 주택을 건설하는 것이 더 저렴하고 쉽다고 생각하기에 항상 그린벨트 부지에 신규 주택을 건설하자는 압력이 있는 겁니다. 근교의 토지를 깎아 먹기 전에 재활용 할 수 있는 도시 부지가 많이 있습니다. 갑자기 주택이 그린벨트로 확장되면 농촌 지역사회에 나쁜 영향을 미칠 것이다.
#,HUNGER STRIKE,단식투쟁,"유죄 판결을 받은 테러리스트가 테러 단체 관련 인물들의 방문을 허용해달라며 단식투쟁을 벌이고 있습니다. 이자의 동료들을 체포할 증거는 없고 현재 이 수감자의 모든 방문을 금지하고 있긴 하지만, 단식을 부득불 단행해서 감방에서 죽을 수도 있을 것 같습니다."
#,HUNGER STRIKE_0,방문 허용,우리가 아무리 이 사람과 이 사람이 상징하는 것을 좋아하지 않을지라도 우리 감옥에서 죽도록 내버려 둘 수는 없습니다. 그렇게 하는 것은 우리를 테러리스트 수준으로 떨어뜨릴 뿐 아니라 이자를 거의 확실하게 순교자로 만들어 주는 것입니다. 감옥에 있는 동안 동료가 방문하게 해줘야 합니다.
#,HUNGER STRIKE_1,방문 방지,테러리스트와의 협상이란 없습니다. 달리 생각할 여지가 없습니다. 타협하여 우리의 법규를 완화한다면 약점을 보인 것으로만 인식될 것입니다. 그가 감옥에서 죽는다면 그것은 자신이 내린 결정이며 우리는 걱정할 필요가 없습니다.
#,IllegalImmigrationAmnesty,불법체류자 사면,우리나라에 불법체류자가 있다는 것은 누구나 알고 있습니다. 기존 불법체류자를 사면하고 다른 사람들처럼 일하고 세금을 내는 정식 시민으로 받아들여야 한다는 제안이 나왔습니다.
#,IllegalImmigrationAmnesty_0,사면 거부,"사면 제안은 세금, 법과 질서를 핑계로 하는 유혹적인 제안이지만, 매우 안 좋은 메시지를 보냅니다. 우리 법을 어기고 불법적으로 들어와 있는 사람들이 그런 식으로 보상을 받아서는 안 됩니다. 이렇게 하면 똑같은 보상을 바라는 사람들이 몰려들어 더 많은 불법 이민으로 이어질 것입니다."
#,IllegalImmigrationAmnesty_1,사면 제공,현재의 이민 정책에 대해 우리가 아무리 강경하거나 온건한 입장을 가졌다 한들 이미 이곳에 와있는 사람들의 상황이 바뀌지는 않습니다. 많은 불법 이민자들이 국내에서 수년간 일하고 살았습니다. 시민권을 부여하는 것이 경제적으로 합리적이고 사회적 결속력을 향상시키는 결정입니다. 암시장의 노동은 줄이고 세금은 더 많이 거두게 되어 일거양득입니다.
#,ImprovedTenancyRights,입주자 권리 강화,"현재 임대 주택에 대한 세입자의 권리를 늘리는 제안이 있습니다. 갑자기 집에서 쫓겨나거나, 집세가 감당할 수 없는 수준으로 인상되거나, 수리 보수의 지체와 지연으로 인해 주택 임대는 매우 바람직하지 않으며 세입자들은 정부의 조치를 요구하고 있습니다."
#,ImprovedTenancyRights_0,기존 권리 유지,"임대 시장은 집주인이 최고의 세입자를 놓고 경쟁하고 세입자가 가격, 위치, 평판에 따라 집을 선택하고 선택할 수 있는 자유시장의 좋은 예입니다. 여기에 더 이상의 부담스러운 입법이 필요하지 않습니다. 집주인이 질 낮은 서비스를 제공하는 경우 세입자는 다른 건물로 자유롭게 이사할 수 있습니다."
#,ImprovedTenancyRights_1,입주자 권리 강화,많은 사람이 보증금을 지불할 여유가 없어 집 사는 것을 포기하고 평생 임대 주택에서 삽니다. 이유를 불문한 퇴거나 임대료 인상에 대한 적절한 보호가 부족해 입주자들은 집주인이 누리는 마음의 평화나 안정을 누리지 못합니다. 자신의 의무를 진지하게 이행하는 집주인은 법이 상식적인 선에서 개선되는 것을 두려워할 필요가 없습니다.
#,IncreasedSchoolInspections,학원 점검 강화,학원의 교육 수준이 무너지고 있고 현재의 교육 방법과 학원 점검 제도가 충분하지 않다는 우려가 있습니다. 운동가들은 훨씬 더 빈번한 점검을 통해 학원 시스템을 강화할 것을 제안합니다.
#,IncreasedSchoolInspections_0,점검 강화,교육은 다른 서비스와 마찬가지로 소비자인 학부모가 자기가 낸 돈이나 세금으로 어떤 가치를 얻고 있는지 아는 것이 필수입니다. 훌륭한 교사는 추가 조사를 두려워할 이유가 없습니다. 어떤 부모가 자녀의 교육 방식에 대한 더 큰 견제에 반대하겠습니까?
#,IncreasedSchoolInspections_1,기존 시스템 유지,아이들을 가르치는 것 자체가 힘든 일인데 열성적인 교사들이 열악한 급여를 받으며 그 일을 하고 있습니다. 이 제안은 교사에게 관료주의적인 부담을 지우고 실제 학업에 할애할 시간을 빼앗을 것입니다. 교사와 같은 헌신적인 공공 서비스 직원에 대한 추가 조사가 필요하다고 제안하는 것은 모욕적입니다.
#,InternetTracking,인터넷 추적,"대기업이 고객 데이터베이스와 '빅 데이터'를 사용하여 소비자 행동을 분석하는 능력이 증가하면서 개인 정보 보호에 대한 우려가 제기되었습니다. 기업들은 그러한 데이터가 많은 경우 익명이며 순전히 더 나은 서비스를 제공하기 위해 사용된다고 주장하는 반면, 운동가들은 얼굴 없는 대기업이 소비자의 동의 없이 '빅 브라더' 스타일의 소비자 데이터베이스를 구축하고 있다고 말합니다."
#,InternetTracking_0,추적 금지,이런 류의 행동은 소름 끼치며 소비자의 신원이 도용될 위험이 있습니다. 기업들은 고객이 내리는 모든 결정에 대한 정보를 추적하고 저장하지 않고도 여태껏 충분히 잘 운영해왔고 앞으로도 그런 정보 없이 사업해나갈 수 있습니다. 소비자는 가는 곳마다 따라붙는 디지털 스파이 없이 물건을 사서 쓸 권리가 있습니다.
#,InternetTracking_1,추적 허용,인터넷 추적을 반대하는 사람들은 현실을 너무 불길하게 비약합니다. 이런 관행은 단지 기업이 소비자 선호도에 대한 정확한 정보를 기록하여 더 나은 제품을 만들고 광고를 효과적으로 타겟팅할 수 있도록 하려는 것입니다. 이는 무해하며 현대 경제에 필수적입니다. 정부가 개입해야 하는 다급한 문제가 아닙니다.
#,InternetTracking_2,사용자에게 경고,"추적 금지는 너무 지나치지만, 추적당할 때 국민이 이를 인지하는 것이 중요합니다. 웹사이트를 방문할 때 사람에게 추적되고 있다고 알려주는 편리한 알림창 시스템이 모두를 위한 최상의 솔루션이 아닐까요?"
#,KeepRuralBanks,시골 은행 유지,"점점 더 많은 이들이 전화나 인터넷 뱅킹을 이용함에 따라 주요 은행들은 작은 시골 지점을 폐쇄하고 있습니다. 이런 지점들은 여전히 시골 지역의 많은 노인이 사용하고 있으며, 운동가들은 정부가 시골 은행이 계속 문을 열도록 규제하기를 원합니다."
#,KeepRuralBanks_0,은행 지점 유지 강요,"젊은 사람에게는 은행 지점이 불필요한 것처럼 보일 수 있지만, 많은 노인들은 실제로 농촌 지역 사회의 중요한 부분이기도 한 지역 은행을 사용하는 것을 선호합니다. 지역 은행을 폐쇄하는 것은 소규모 지역사회에 쓰디쓴 타격이 될 것이니 피하는 것이 가장 좋습니다."
#,KeepRuralBanks_1,은행 폐점 허용,지금은 1900년대가 아닙니다. 인터넷 시대에도 여전히 물리적 은행이 필요하다는 생각은 터무니없습니다. 조만간 모든 국민이 인터넷을 편안하게 사용할 수 있게 될 것입니다. 게다가 은행 주주들에게 적자를 내고 있는 지점을 어떻게든 계속 열어 두도록 강요하는 것이 과연 공정한 일일까요?
#,Laborday,노동절 기념식,"다가오는 노동절을 위한 기념행사가 계획되고 있습니다. 전통적으로 당신은 노동조합 앞에서 연설하곤 했지만, 한편 지역 경제를 강화하고 많은 저소득 일자리를 창출할 새 산업 단지의 개막식에 참석해 달라는 외국인 투자자들의 초대도 받았습니다."
#,Laborday_0,노조 앞에서 연설,노동절은 노동자들과 이들이 속한 노동조합을 기념하는 날로 이들 앞에서 연설하는 것은 전통이자 큰 영광입니다. 경제적으로 불안한 시기에 노동자들은 많은 어려움에 직면하고 있습니다. 정부가 그들의 편이며 그들의 작업장을 유지하는 것을 최우선으로 생각한다는 메시지로 이들을 안심시켜야 합니다.
#,Laborday_1,외국인 투자자 행사 참석,"노동조합의 요구에 부응하는 것이 확실히 중요하지만, 더 많은 일자리를 창출하는 것도 중요하며 그 열쇠는 외국인 투자자입니다. 축하의 자리에 함께함으로써 우리의 고마움을 표시하고 다른 국가들이 우리나라에 더 많은 투자를 하도록 메시지를 보낼 수 있습니다. 노동조합과는 내년에 다시 자리를 함께하면 됩니다."
#,LayWreathForGeneral,장성 영정에 헌화,"가장 오래 복무한 군 장성 중 한 명이 사망했습니다. 그의 장례식에 화환을 바칠지를 결정해야 합니다. 장군은 확실히 군사적 영웅이었지만, 그의 경력이 끝날 무렵 인종차별, 여성혐오, 따돌림에 대한 비난에 시달렸습니다."
#,LayWreathForGeneral_0,헌화함,그의 장례식에 참석해 그를 기리는 것은 말년 무렵 그의 언행을 묵과하는 것이 아니고 조국을 지키는 데 목숨을 걸었던 사람에게 경의를 표하는 것뿐입니다. 헌화하지 않는 것은 우리 군을 모욕하고 그들이 입는 제복을 욕보이는 값싼 도덕성 과시 행위가 될 것입니다.
#,LayWreathForGeneral_1,헌화 안 함,"말년에 그가 보인 언동은 그가 군 경력을 통해 무슨 업적을 달성했든 변명할 여지가 없습니다. 그렇게 처신한 사람에게 눈에 띄게 존경을 표시한다는 것은 소수민족, 여성, 그리고 그가 괴롭히고 따돌린 사람들을 경멸하는 것이나 다름없습니다. 우리는 그러한 행동을 지지하는 것처럼 보여서는 안 됩니다."
#,LGBTLessonsInSchool,학원 내 성 소수자 수업,"학교에서의 성교육은 항상 정치적인 줄다리기이며, 이제 동성 커플과 동성애에 관해 아이들을 교육하는 문제가 뉴스에 오르면서 또 한 번 줄다리기가 시작되고 있습니다. 학교 수업에서 성 소수자 주제를 다루는 걸 정부가 지지해야 하는지에 대해 입장을 취해야 합니다."
#,LGBTLessonsInSchool_0,성 소수자 수업 찬성,"학교의 목적은 아이들을 현실 세계에 맞게 교육하고 준비시키는 것이며, 분명히 동성 관계도 사회의 일부입니다. 본인의 성적 취향에 대해 질문하는 아이의 관점을 상상해보십시오. 극단적인 견해를 가진 부모의 종교 지도자로부터 압력을 받지 않고 학교 교사에게 진실을 배우는 것이 최선이 아닐까요?"
#,LGBTLessonsInSchool_1,성 소수자 수업 반대,섹스와 이성 관계에 대해 이미 부담과 혼란을 느끼고 있을 아이들에게 젠더 유동성에 대한 극단 자유주의적 선동까지 도입하자는 건가요? 학교는 이러한 문제를 놓고 씨름하는 곳이 아니며 학생들은 자신의 성 정체성을 고민하기에는 너무 어립니다.
#,Merger,합병,"대형 인터넷 회사가 주요 경쟁업체 하나를 인수할 계획을 발표했습니다. 이 합병은 정부 승인이 필요하지만, 진행된다면 국내 최대 기업 중 하나가 될 것입니다."
#,Merger_0,합병 허용,이 합병을 막을 정당한 이유가 없습니다. 점점 더 글로벌화되는 시장에서 자국 회사가 성공적으로 경쟁하려면 성장해야 합니다. 더 큰 회사는 글로벌 시장에서 더 효율적이고 효과적일 것입니다.
#,Merger_1,합병 저지,자유시장의 근본 개념은 바로 경쟁에 있습니다. 이 두 회사의 합병을 허용하면 경쟁과 소비자 선택이 둘 다 줄어들고 뻔히 해고가 발생할 것입니다. 정부가 대기업을 돌보고 소시민을 등한시하는 또 다른 예입니다. 소규모 기업과 노동조합이 이 합병을 차단할 것을 촉구하고 있습니다.
#,OilDrilling,석유 시추 기회,"석유 회사들은 야생 동물 보호 구역으로 보호되는 국토 일부에서 석유 시추를 허가받기 원합니다. 보호 구역에 매장된 석유 공급량은 상당하지만, 시추 작업은 환경에 부정적인 영향을 미칠 것입니다."
#,OilDrilling_0,시추 허용,"우리나라 땅속에는 말 그대로 수십억 배럴의 석유가 있는데 현행법이 석유 시추를 금지하고 있습니다. 그 대신 우리는 외국에서 석유를 수입하고 있습니다. 시추 작업이 에너지 안보 측면에서 얻을 수 있는 이점을 고려할 때 환경에 미치는 영향은 매우 적습니다. 환경을 훼손하고 싶은 사람은 아무도 없지만, 그 대안은 외국 석유에 의존하는 것입니다."
#,OilDrilling_1,시추 방지,귀중한 야생 동물 보호 구역이 석유 탐사로 황폐해질 것입니다. 이 보호 구역은 우리나라의 위대한 국보 중 하나이며 국내 석유 생산을 늘리고자 이곳을 훼손하는 것은 범죄입니다. 이 지역에서 시추한다고 해서 외국 석유에 대한 의존도가 완전히 사라지지는 않을 것인데 우리 후손이 누릴 자연환경을 망쳐놓게 할 것입니다.
#,PeopleSmuggling,인신 밀수,"조직적인 인신 밀수 시도로 많은 사람이 화물 컨테이너 안에 숨어 우리나라에 들어왔다가 적발되었습니다. 이 계획을 주도한 범죄자들은 체포되었지만, 지금 우리 해안에 있는 사람들을 본국으로 돌려보내야 하는지에 대한 논쟁이 있습니다."
#,PeopleSmuggling_0,체류 허용,"이 사람들이 자국에서 박해, 빈곤, 심지어 죽음을 피하기 위해 필사적으로 도망쳐 왔다는 강력한 증거가 있습니다. 여기까지 오는 극한의 고생을 무릅쓸 만큼 절망적인 상황에서 탈출한 사람들입니다. 이들이 여기에 온 이상 이들을 추방하는 것은 비인도적인 조치입니다."
#,PeopleSmuggling_1,추방,"이 사람들을 그대로 두는 것은 불법적으로 이곳에 오고 싶어하는 사람에게 완전히 잘못된 신호를 보내는 것입니다. 안 그래도 우리나라의 불법 경제이주민 문제가 심각합니다. 불행한 일이지만, 현명한 선택은 그들을 다시 보내는 것뿐입니다."
#,POSITIVE DISCRIMINATION,긍정적인 차별,"대기업과 정부 기관의 소수민족 및 기타 소수자 의무 고용 할당량을 명시적으로 설정하는 법이 필요합니다. 이는 기업이 인종, 성별, 연령 등을 기준으로 특정 구직자층에게 더 높은 고용 우선순위를 부여하도록 압력을 가할 것입니다."
#,POSITIVE DISCRIMINATION_0,법 통과,"이 법은 꼭 필요합니다. 경제적인 측면에서 특정 연령 이상, 이하의 사람들을 실업자로 만드는 것은 이치에 맞지 않습니다. 또한, 인권적인 측면에서도 소수민족, 여성, 노인, 장애인이 당하는 직장 내 차별에 대한 보상이 절실히 필요합니다."
#,POSITIVE DISCRIMINATION_1,법 거부,"심각한 결함이 있는 법입니다. 차별을 사용하여 차별에 맞서 싸우는 것은 이치에 맞지 않습니다. 두 가지 문제를 낳습니다. 소수자 구성원이 자기 실력으로 자위에 오른 게 아니라고 느끼는 것과, 일자리를 거부당한 잠재적인 직원의 원망입니다."
#,Powerlines,전력선,"마을을 관통하는 전력선을 건설하는 프로젝트를 성난 주민들이 반대하고 있습니다. 이러한 전력선은 재생 가능 에너지원의 사용을 더욱 늘리기 위해 필요합니다. 시설을 짓지 않으면 경제적으로 어려움을 겪을 수 있지만, 주민들을 무시하면 이 주민들의 화를 훨씬 더 부추기고 지지 세력을 키우게 될 것입니다."
#,Powerlines_0,전력선 건설 강행,"자기 집 위로 전력선이 지나가는 걸 원하는 사람은 없지만, 어딘가에는 지어야 합니다. 그리고 최근까지 이 사람들은 더 많은 청정에너지를 요구해 왔습니다. 전력선을 건설해야 합니다."
#,Powerlines_1,건설 중지,지하 전력선과 같이 다른 방법을 모색해 볼 수 있습니다. 그리고 전선 근처에 사는 사람들의 건강이 위험할 수 있다는 주장이 있습니다. 저지르고 나서 후회하기보다는 안전을 기하는 것이 낫습니다.
#,PublicLandLaw,토지공개념,"우리나라의 대부분 토지는 여전히 사유지이며, 토지 소유자의 제제하에서만 그 땅 위를 걸을 수 있습니다. 등산객과 보행자가 시골의 정취를 즐기기 위해 사유지를 통행할 수 있게 하는 법을 도입하려는 강력한 캠페인이 있습니다."
#,PublicLandLaw_0,이 법을 저지,사유지는 사유지입니다. 이것은 사적 소유와 자본주의의 기초 개념입니다. 소유자가 자기 토지에 대한 남들의 접근을 제한하는 건 전적으로 그 소유자의 마음입니다. 이것은 불만 많은 사회주의자가 얄팍하게 위장한 계급 전쟁 시도에 불과합니다.
#,PublicLandLaw_1,이 법을 지지,"우리 도시들은 인구 과밀로 시달리고 있는데, 탁 트여 있고 종종 전혀 사용되지도 않고 있는 그 많은 토지를 개인이 소유해 접근을 제한한다는 건 말이 안 됩니다. 이 법은  토지 소유자의 최종 재산권과 소유 특권을 유지하면서도 일반 국민이 시골의 아름다움을 즐길 수 있도록 합니다. 좋은 타협안입니다."
#,PublicRightsOfWay,공공 통행권 확대,우리나라에 더 많은 주택을 지으면서 보행자와 등산객이 이용하던 개방된 땅이 점점 더 폐쇄되고 사유 재산으로 간주되고 있습니다. 사회주의 운동가들은 이러한 변화에 항의하고 법으로 보호된 '공중 통행권'의 확대를 요구하고 있습니다.
#,PublicRightsOfWay_0,아무 조치도 취하지 않음,"농지든 공업용지든 누군가의 정원, 마당이든 사유지는 사유지입니다! 사람들이 오랜 세월 동안 특정한 길을 걸어왔기 때문에 계속해서 사유재산에 대한 침해권을 가져야 한다는 생각은 터무니없습니다. 사람들이 이용할 수 있는 많은 공공 도로와 공원이 있습니다."
#,PublicRightsOfWay_1,통행권 확대,우리나라의 많은 부분이 이제 사유 재산이 되어 사람들이 탁 트인 시골에 접근하는 것이 우려스러울 정도로 제한됩니다. 소수 보행자와 등산객이 가끔 지정된 보도를 따라 토지를 가로질러 지나가는 게 농부에게 그렇게 해가 됩니까? 모든 사람이 개방된 시골과 보도에 쉽게 접근할 수 있도록 해야 합니다.
#,PUBLIC SMOKING BAN,공공장소 금연,흡연과 열악한 건강 사이에는 여러 의심되는 연관성이 있습니다. 압력 단체는 흡연자들에게 금연을 독려하기 위해 공공장소에서 모든 흡연을 금지할 것을 촉구했습니다.
#,PUBLIC SMOKING BAN_0,공공장소 흡연 금지,이것은 이 나라에서 흡연 관련 질병으로 사망하는 사람의 수를 줄이기 위한 중요한 진보입니다. 국민의 건강을 위해 이와 같은 법률을 통과시키는 것은 국가의 의무입니다.
#,PUBLIC SMOKING BAN_1,법을 바꾸지 않음,"사람들이 이렇게 살아라, 저렇게 살라 하는 것은 국가의 역할이 아닙니다. 이것은 완전한 과잉 대응이며 시민의 자유에 대한 공격입니다. 흡연은 합법이므로 공공장소에서 자유롭게 흡연해야 합니다. 사람들은 건강에 대해 스스로 결정할 자유가 있습니다."
#,ReasonableForceLaw,합리적 폭력 사용,"한 시골 남자가 자신의 집에 침입한 십 대 강도를 총으로 쏴 살해한 최근의 법원 사건에서, 집주인이 과실치사 혐의로 기소됨으로써 재산을 방어할 때 합당한 무력행사에 관한 법률적인 토론이 조명을 받고 있습니다."
#,ReasonableForceLaw_0,합리적 폭력의 정의를 협소화,"자신의 재산을 보호한다고 해도 다른 사람의 생명을 앗아갈 권리는 없습니다. 모든 경우에 인간의 생명이 재산보다 우선되어야 합니다. 도둑질을 동정하는 사람은 많지 않지만, 사람들이 폭력을 통해 자기 손으로 법을 집행하도록 놔두는 것은 확실히 해결책이 아닙니다."
#,ReasonableForceLaw_1,합리적 폭력의 정의를 확대,"경찰력이 닿기 힘든 곳에 사는 겁에 질린 한 남성이 자기 집에서 폭력적인 범죄자에게 공격을 받아 싸우는 와중에 범인이 죽었는데, 기소 여부를 떠나 애초에 체포당했다는 게 말이 안 됩니다. 무슨 일이 일어나든 모든 국민은 재산을 방어하기 무력을 사용할 권리가 있음을 명확히 해두어야 합니다."
#,ReasonableForceLaw_2,수단 불문의 자산 방어권,주택 소유자가 자신을 방어하기 위해 사용하는 모든 수단을 경찰이 눈 감아줄 것이라는 점을 분명히 해두어야 합니다. 어떤 강도가 다른 사람의 부엌에서 기관총 세례를 받는다 해도 그건 자업자득입니다.
#,ReligiousSymbols,학원 내 종교 상징물,학생들이 공립학교에서 종교적 상징물을 착용하는 것을 금지하는 법을 도입해야 한다는 압력이 있습니다. 여기에는 여성 무슬림 학생들의 히잡 착용과 기독교 학생들의 십자가 착용이 포함됩니다.
#,ReligiousSymbols_0,금지 조치 도입,"학교는 종교적 소속감을 표현하기 위한 곳이 아니라 아이들이 배우는 곳입니다. 모든 학생이 같은 옷을 입도록 함으로써 차별 없이 모든 종교의 평등과 통합을 보장할 수 있습니다. 이것은 정교 분리의 원칙에 부합합니다. 교회와 모스크에서는 자유롭게 옷을 입을 수 있지만, 공립 학교에서는 안 됩니다."
#,ReligiousSymbols_1,금지 조치 거부,이것은 무슬림에 대한 차별일 뿐입니다. 아무도 이 법이 기독교 십자가의 착용을 방지하기 위해 사용될 것이라고 기대하지 않습니다. 순전히 무슬림 학생들이 원하는 대로 옷을 입는 것을 금지하기 위한 변명일 뿐입니다. 이것은 분열과 분리를 야기할 것이며 학교 내 종교적 긴장을 조장할 것입니다.
#,RoyalScandal,왕실 스캔들,"왕실의 일원이 성범죄 전과자로서 오랫동안 세간의 추문에 휩싸여 온 인물과  의심스워리 만큼 자주 어울렸다는 비난을 받고 있습니다. 잘 봐줘서 '잘못된 판단'을 한 정도로 묘사되고 있지만, 과연 어디 정도까지 가담했는지 매우 의심스럽습니다. 정부가 어떻게 대응해야 할까요?"
#,RoyalScandal_0,왕실을 지지,"현 정부가 왕실을 공개적으로 비판할 것을 기대하는 사람은 없습니다. 그런 비판은 중대한 헌법상 '난제'로 이어질 가능성이 높으며, 매우 비애국적인 행위로 간주될 것입니다. 주장은 단순히 주장일 뿐이며, 특정인과 연루되었다는 이유만으로 죄인 취급을 할 수 없다는 성명을 발표해야 합니다."
#,RoyalScandal_1,왕실을 비판,"어떻게 아무런 논평 없이 이런 일을 묵과할 수 있습니까? 당신의 정부가 왕실 폐지를 요구할 것이라고는 아무도 기대하지 않지만, 왕실과 애국자들이 어떻게 생각하든 간에 적어도 그러한 행동은 '용납할 수 없다'는 취지의 강력한 표현이 적절할 것입니다."
#,RuleOutFirstStrike,선제공격 가능성 배제,"대량 살상 무기는 이론적으로 최후의 수단으로 사용할 수 있는 무기이며 순전히 억지력으로 작동합니다. 이를 염두에 두고, 그러한 무기를 먼저 사용하지 않을 것을 공개적으로 약속해야 한다는 압력이 있습니다."
#,RuleOutFirstStrike_0,선제공격 가능성 배제,"이것은 그러한 무기를 소유하려는 우리의 목적을 공개적으로 다시금 밝히는 것일 뿐입니다. 대량 살상 무기 프로그램을 확장하려는 계획은 없으니 그러한 무기가 순전히 외국의 침략을 억제하는 방어 수단으로 존재한다는 것은 자명합니다. 이것은 또한 다른 국가들이 같은 주장을 하도록 독려하는 방법이기도 하며, 국제적 긴장을 완화하고 더 안전한 세상으로 이어질 수 있습니다."
#,RuleOutFirstStrike_1,노코멘트,"우리 전략을 모두가 들여다볼 수 있도록 전 세계에 공개하는 건 우리 군의 손을 묶는 것과 마찬가지입니다. 우리의 잠재적인 적국이 그 같은 자화자찬식 발표를 하려 서두르지 않는 데는 다 그럴만한 이유가 있는 겁니다. 섣부른 선제공격이 촉발될 가능성을 배제하고 싶다면, 그쪽 먼저 발표하라고 하세요. 우리 쪽이 조급하다는 인상을 주지 맙시다."
#,SafeguardOilSupplies,석유 공급 보호,국내 석유회사 대표들은 중동에 있는 우리 정유 공장을 테러 공격에서 보호하기 위해 우리 군 병력을 배치해 줄 것을 정부에 요청했습니다. 상대국 정부는 우리 군대가 이러한 목적으로 그들의 영토에 주둔하는 것을 쾌히 승낙합니다.
#,SafeguardOilSupplies_0,병력 파견,"이것이 우리가 군대를 보유하는 이유이며, 군사력을 사용하는 것을 두려워해서는 안 됩니다. 우리가 석유 공급을 보호하기 위해 단호한 조치를 취할 준비가 되어 있다는 것을 외국 테러리스트들이 알아야 합니다. 이것은 '외국 침략'이 아니라 해외에서 발생하는 우리 산업의 중요한 부분에 대한 추가적인 보안 제공일 뿐입니다. 우리가 군대를 배치하지 않으면 석유 공급이 분명히 곤란해질 것입니다."
#,SafeguardOilSupplies_1,병력 배치 안 함,동기가 무엇이든 중무장하고 치명적인 무력을 사용할 채비를 갖춘 우리 군대가 외국 땅에 상륙하는 것이 상징하는 바는 일부 국가에서 큰 반발을 일으킬 것입니다. 이것은 국제 관계의 문제와 테러 증가의 가능성으로 이어질 수 있습니다. 우리 군인들은 석유 회사의 보안 요원이 아니며 이것은 그들이 할 일이 아닙니다.
#,SchoolSponsorship,기업의 학교 후원,많은 대기업이 우리 공교육 시스템에 대한 투자에 관심을 표명했습니다. 무료 교과서에서 시설이 완비된 스포츠 센터에 이르기까지 모든 것을 일부 브랜드 홍보와 판촉 기회에 대한 대가로 제공하겠다고 합니다.
#,SchoolSponsorship_0,후원 허용,무료 교육 자료 제공을 거절하는 것은 미친 짓입니다. 정부는 이 회사들이 우리 학교들에 주려고 하는 최첨단 시설을 제공할 여력이 없습니다. 교육에 대한 막대한 투자의 대가로 학교 교재에 회사 로고를 좀 붙이는 것을 문제 삼을 이유가 없습니다.
#,SchoolSponsorship_1,후원 방지,"우리 학교는 아이들이 교육을 받는 곳이지, 특정 브랜드의 콜라를 사 마시도록 세뇌시키는 곳이 아닙니다. 광고는 사회 곳곳에 존재하며 학교는 우리가 광고를 피할 수 있는 마지막 장소 중 하나입니다. 교육에서 대기업을 배재하십시오!"
#,SharedParentalLeave,육아휴직 공유,"전통적으로 유급 육아휴직은 어머니만을 위한 것이었으나, 부모의 형편에 따라 시간을 부부가 나눠 쓸 수 있도록 하자는 제안이 있습니다. 이것은 성 평등을 향한 한 걸음으로 여겨집니다."
#,SharedParentalLeave_0,엄마 전용으로 유지,"전혀 필요하지 않은 조치입니다. 이는 육아휴직 제공을 복잡하게 할 뿐이며, 대다수 부모는 출산을 위해 엄마가 휴가를 내는 것이 가정에 가장 유리하다는 데 동의합니다. 이것은 남녀 성별 사이에 아무 차이가 없는 척하는 정치 아젠다에 집착하는 것일 뿐입니다."
#,SharedParentalLeave_1,육아휴직 공유 허용,"요즘 세태에서 출산 후 부모가 유급휴가를 요청하는 건 국가에서 정할 일이 아니라 부모의 몫으로 남겨두는 게 당연합니다. 우리는 더 이상 모든 육아를 어머니가 하는 세상에 살고 있지 않으며, 현재 시스템은 단순히 구식 관점의 성차별적 유산일 뿐입니다."
#,SingleUsePlasticBan,일회용 플라스틱 금지,"우리의 수자원, 바다, 심지어 우리가 숨 쉬는 공기를 오염시키는 플라스틱의 충격적인 양이 연구된 후 과학자들은 플라스틱 오염 문제를 통제하기 위해 일회용 플라스틱을 완전히 금지해야 한다고 말합니다."
#,SingleUsePlasticBan_0,일회용 플라스틱 금지,"단 한 번 사용되어 분해되는 데 수백 년이 걸리고 심지어 수자원에 유입될 수도 있는 플라스틱 포장재를 기업들이 사용하도록 놔둔다는 것은 정말 말도 안 되는 일입니다. 사용할 수 있는 다른 재료들이 있으며, 기업이 올바른 일을 하고 보다 지속 가능한 제품으로 교체하도록 설득하는 길은 정부의 입법뿐입니다."
#,SingleUsePlasticBan_1,일회용 플라스틱 허용,"이것은 군중이 환호할만할 쉬운 변화처럼 들리지만, 업계에 미치는 영향은 엄청날 것입니다. 좋든 싫든 우리는 삶의 많은 부분에서 값싼 일회용 플라스틱이라는 생각에 익숙해졌습니다. 금지는 우리 중소기업에 막대한 비용과 규제 지옥을 초래할 것이며 경제적 악몽이 될 것입니다. 한편 우리 업체와 경쟁하는 외국 회사는 일회용 플라스틱을 거리낌 없이 사용할 것입니다."
#,SpeedLimits,속도 제한,주요 자동차 운전자의 압력 단체가 정부에 우리 주요 도로의 제한 속도를 올리도록 로비했습니다. 이 속도 제한은 수년 전에 설정되었으며 그 이후로 자동차 속도와 제동 성능이 모두 향상되었습니다.
#,SpeedLimits_0,속도 제한 증속,사람들이 자동차 앞에서 붉은 깃발을 들고 걷던 때부터 세상은 많이 발전했습니다. 전국의 속도 제한은 어리석게 낮고 제한 무시가 팽배합니다. 우리는 속도 제한을 효과적으로 집행할 수 없으며 속도 제한을 합리적인 선으로 조정하지 않으면 사람들이 법을 어기도록 부추길 뿐입니다. 즉시 한도를 높여야 합니다.
#,SpeedLimits_1,변경 없음,"속도 제한에는 그만한 이유가 있습니다. 안 그래도 우리 도로에서 많은 사람이 죽고, 속도는 종종 자동차 사고의 생존 가능성에 영향을 미치는 요소입니다. 사람들이 수시로 제한을 무시하는 건 사실이지만, 지금 제한 속도를 높이는 것은 더 빠르고 위험한 운전을 부추길 뿐입니다. 그대로 두십시오."
#,SQUATTERS RIGHTS,무단거주자 권리,"수도에서 가장 좋은 동네 중 하나에 있는 빈 저택이 노숙자들에게 점령당했습니다. 그 집은 수년 동안 사용되지 않고 비어 있었고, 변호사들은 이제 '무단 거주자'들이 해당 주거지를 계속 점유할 권리가 있는지를 놓고 논쟁을 벌이고 있습니다. 집주인은 이들의 퇴거를 원합니다."
#,SQUATTERS RIGHTS_0,무단거주자에게 주택 양도,"사람들이 너무 부유해서 여러 채의 집을 소유하고 그 중 몇 채를 비워 둘 수 있는 반면에, 살 곳이 없는 일부 시민이 있다면 이들이 그 집을 잘 사용하는 것이 옳고 공정합니다. 집주인은 분명히 수년 동안 그 집이 필요하지 않았으니 이제 법적으로 점유자에게 양도되어야 합니다."
#,SQUATTERS RIGHTS_1,무단거주자 퇴거,누군가의 재산을 도둑에게 건네주는 것과 마찬가지인 위험한 선례입니다. 소유자가 돈이 많아 부동산을 비워 놓고 있다고 해도 그건 그 사람의 마음입니다. 이 무단 거주자들이 집주인처럼 저축하고 합법적으로 집을 사지 못하게 막은 사람은 아무도 없습니다. 경찰을 보내 이 사람들을 쫓아내십시오.
#,STOP AND SEARCH POLICE POWERS,불심검문,경찰이 범죄를 저질렀다고 의심되는 사람을 거리에서 불심검문할 수 있는 권한을 요구하고 있습니다. 현재 우리 경찰은 공식적으로 체포하지 않고는 누군가를 수색할 수 없습니다.
#,STOP AND SEARCH POLICE POWERS_0,권한 도입,범죄와의 전쟁에서 귀중한 무기가 될 것이며 특히 폭력과 거리 범죄에 눈에 띄는 영향을 미칠 것입니다. 우리 시민들은 죄지은 것이 없다면 이 법을 두려워할 이유가 없습니다.
#,STOP AND SEARCH POLICE POWERS_1,현행 유지,"매우 위험한 조치입니다. 인종적 근거로 남용될 소지가 매우 높으며, 경찰과 지역사회의 관계를 악화시킬 것입니다. 우리 시민들은 당국의 간섭 없이 합법적인 일상을 자유롭게 영위해야 합니다!"
#,Streamer,스트리머의 생일 축하 노래 제안,인기 있는 인터넷 스트리머가 공개적으로 당신의 생일에 축하곡을 불러주겠다고 제안합니다. 그녀는 아슬아슬한 의상과 성인 테마의 노래로 유명하여 젊은 사람들에게 매우 인기가 있습니다.
#,Streamer_0,제안을 수용,이것은 큰 영광이며 전국의 젊은이들에게 인기를 얻는 데 도움이 될 것입니다. 날씨가 추워서 평소보다 덜 노출되는 옷을 입기를 바랍시다.
#,Streamer_1,제안을 거절,"그녀가 유명하고 성공한 사람일지 모르지만, 분명히 우리 청소년들의 롤 모델은 아닙니다. 생일 축하 행사를 작고 품위 있게 유지하고 중요한 정치적 사인에 집중합시다."
#,StricterDrivingTests,더 엄격한 주행 시험,초보 운전자가 도로 조건에 훨씬 더 잘 대처할 수 있도록 하고 운전자 안전을 개선하고자 운전면허 시험 제도를 강화해야 한다는 요구가 있습니다.
#,StricterDrivingTests_0,시험을 강화,"현재의 주행 시험은 자동차 최고 시속 30km로 달리고 6차선 고속도로가 존재하기 전에는 괜찮았을지 모르지만, 시대가 바뀌었습니다. 운전자는 휴대전화로 인해 주의가 산만해졌고 운전 경험이 많지 않아도 모든 기상 조건에서 엄청나게 빠른 차량을 운전할 수 있습니다. 매년 많은 아이들이 차이 치여 사망하기 때문에 면허 시험을 더 어렵게 만들어야 할 필요가 있습니다."
#,StricterDrivingTests_1,변경 없음,"변경할 필요가 없습니다. 충돌 감지, 충돌 안전 시스템과 같은 현대 기술 덕분에 자동차는 매년 더 안전해지고 있습니다. 운전면허 시험은 이미 상당한 비용이 들며 운전 시험을 통과하는 데  많은 시간이 소요됩니다. 운전면허를 처음 따는 젊은 운전자들에게 부담이 될 것입니다."
#,SupportDemocracyProtesters,민주주의 시위대 지지,"우리와 역사적 인연이 있는 외국에서 거리 시위가 벌어지고 있습니다. 우리는 이 나라와 큰 수익을 내는 무역을 하지만, 그 정부는 권위주의적이며 우리는 거리 시위대의 대의를 공개적으로 지지해야 한다는 압력에 직면해 있습니다."
#,SupportDemocracyProtesters_0,시위대 지지,"우리는 민주주의를 믿습니까, 믿지 않습니까? 복잡하게 생각할 일이 아닙니다. 정부가 권위주의적인 경향을 보이고 있고 시위대의 주장이 일리 있다고 믿는다면 우리는 원칙대로 이를 지지해야지, 무역 거래에서 돈을 벌겠다고 모른 척하고 침묵을 지켜선 안 됩니다."
#,SupportDemocracyProtesters_1,노코멘트,입장을 바꿔 우리 정부가 거리에서 시위대를 마주하고(모든 민주주의 국가가 그렇듯이) 외국 지도자들이 그런 반정부 시위대를 공개적으로 지지한다면 기분이 어떻겠습니까? 상대적으로 소수에 지나지 않는 거리 시위대의 편을 든다면 무역 상대국과의 외교 관계에 악영향을 미칠 겁니다.
#,SurgicalStrikes!,정밀 타격!,중동의 테러리스트들이 국내 기업이 소유하고 우리가 간접적으로 연료를 공급받는 중요한 파이프라인을 공격하기 시작했습니다. 석유 공급을 보호하기 위해 우리 군은 신중하게 선택한 적 목표물에 대한 정밀 타격을 시작하려고 합니다.
#,SurgicalStrikes!_0,정밀 타격 명령,테러는 실질적인 위협이며 유가 상승은 성장에 장애가 됩니다. 우리는 우리 군인들의 생명을 위험에 놓이게 하지 않으면서 테러 작전을 방해할 수단을 가지고 있습니다. 지금 공격해 테러리스트들이 우위를 점하는 것을 막아야 합니다.
#,SurgicalStrikes!_1,응전하지 말 것,"그 지역의 문제는 경제적, 사회적 이유로 말미암은 것이며 테러리스트 지도자를 폭격하는 것만으로 해결할 수 없습니다. 지상전과 이에 따른 국가 재건은 비용이 더 많이 들지만 훨씬 더 효과적으로 이 지역의 문제를 해결할 방법입니다."
#,TestBanTreaty,핵실험 금지 조약,"유엔은 연구 목적의 핵무기 실험을 금지하는 조약에 서명할 것을 당신의 나라에 촉구하고 있습니다. 다른 많은 국가가 이미 조약에 서명했으며, 우리도 이에 서명하도록 외교 채널을 통해  압력을 가하고 있습니다."
#,TestBanTreaty_0,조약에 서명,"유엔은 연구 목적의 핵무기 실험을 금지하는 조약에 서명할 것을 당신의 나라에 촉구하고 있습니다. 다른 많은 국가가 이미 조약에 서명했으며, 우리도 이에 서명하도록 외교 채널을 통해  압력을 가하고 있습니다."
#,TestBanTreaty_1,조약에 서명 안 함,제한된 실험을 수행할 권리를 유지하는 것이 중요합니다. 우리는 위험한 세상에 살고 있으며 핵 억지력은 우리의 방어에 필수적입니다. 우리나라를 방어하는 일에 다른 나라들이 이래라저래라 할 수 없습니다. 게다가 기존 무기를 계속 사용할 수 있는지 확인하려면 실험해야 합니다.
#,TortureDeportation,추방자 고문,"우리나라에 불법체류 중인 사기꾼을 경찰이 검거했습니다. 정상적인 상황에서는 그를 본국으로 추방할 수 있지만, 이 자는 고국으로 돌아가게 된다면 자국 정부에 의해 고문을 당할 것이라고 주장합니다."
#,TortureDeportation_0,추방함,이 상황에 이른 것은 자신의 잘못입니다. 그는 이 나라에 불법으로 입국했고 이곳에 온 이후로 범죄 활동을 했습니다. 도착했을 때 정치적 망명을 신청하고 범죄 활동을 시작하지 않았다면 문제가 다를 것입니다. 이러한 상황에서 고문 위협에 대한 그의 주장을 곧이곧대로 받아들일 수 없습니다.
#,TortureDeportation_1,국내 수감,"이 사람이 모범 시민이 아닌 것은 분명하지만, 어떤 사기꾼이라 해도 고문을 받아서는 안 됩니다. 고문 사용 반대가 진정 우리의 원칙이라면 이 남자의 과거 행동에도 불구하고 고국으로 돌려보냄으로써 고문당하게 둬서는 안 됩니다. 우리가 그를 추방하면 사실상 사형 선고가 될 수 있습니다."
#,ToxicWasteDump,유독성 폐기물 처리장,"우리나라에 대규모 유독성 폐기물 처리장을 건설하자는 제안이 제출되었습니다. 이 시설은 매우 큰 규모라 건설에 잠재적으로 많은 일자리를 창출할 것이지만, 환경에 미칠 영향에 대한 우려가 있습니다."
#,ToxicWasteDump_0,폐기물 처리장 허용,"자신의 뒷마당에 유독성 폐기물을 원하는 사람은 없지만, 잠재적인 일자리는 말할 것도 없고 이 시설을 설치함으로써 얻을 수 있는 경제적 이익에 등을 돌리는 건 어리석은 짓입니다. 폐기장을 일자리를 원하고 리스크가 낮은 시골에 건설할 수 있습니다."
#,ToxicWasteDump_1,폐기물 처리장 방지,일자리가 얼마나 많이 생기고 돈이 얼마나 벌리던 우리는 우리나라를 다른 나라의 쓰레기 구덩이로 임대해서는 안 됩니다. 이 유독성 폐기물의 영향은 여러 세대에 걸쳐 지속될 수 있습니다. 이것이 정말로 우리가 우리 아이들에게 남기고 싶은 유산입니까?
#,TradeAgreement,무역 협정,"여러 서방 국가가 관세, 쿼터, 기타 무역 제한을 규제하는 새로운 무역 협정을 맺기 위한 이니셔티브를 수립했습니다. 이 계약은 글로벌 공정성을 해치지만, 신흥 국가가 서방 국가의 경제를 따라잡고 지배적인 위치에 오르는 것을 방지하는 데 도움이 될 것입니다."
#,TradeAgreement_0,협정에 서명,우리 경제는 세계 시장의 새로운 참가 국가들로부터 스트레스를 받고 있습니다. 우리는 이 새로운 적대적인 경제 환경에서 승리하기 위해 오랜 친구들과 더 긴밀한 유대를 맺어야 합니다.
#,TradeAgreement_1,협정 서명 거부,"이 협정은 우리 경제에는  보탬이 되지만, 글로벌 공정성을 해칠 것입니다. 우리 자신만 생각할 때가 아니라 세계 시장의 새로운 플레이어들을 두 팔 벌려 환영해야 할 때입니다."
#,TransgenderMilitaryBan,트랜스젠더 입대 금지,사상 최초로 트랜스젠더가 군인으로 복무하게 되었습니다. 안타깝게도 이 병사들은 트랜스젠더가 군대에 복무하는 것을 승인하거나 금지할 것을 요구하는 캠페인 단체 간 치열한 문화 전쟁의 중심이 되었습니다.
#,TransgenderMilitaryBan_0,트랜스젠더 병사 입대 금지,"이것이 군의 능력이나 안전에 영향을 끼칠지 모른다는 우려가 조금이라도 있다면, 그 점을 최우선으로 고려해야 합니다. 군은 값싼 정치 점수를 따기 위한 경기장이 아닙니다. 애국심 있는 트랜스젠더 병사가 군에서 복무할 수는 있지만, 최전선 전투 역할은 수행할 수 없습니다."
#,TransgenderMilitaryBan_1,트렌스젠더 병사 지지,"군인에게 정말 중요한 것은 전문성, 충성심, 애국심입니다. 트랜스젠더라서 군인이 되지 못한다는 생각은 터무니없습니다. 우리는 성별에 관계없이 모든 군인을 공개적으로 인정하고 지지해야 합니다."
#,TRAVELLERS RIGHTS,여행자 권리,"한 지역 의회가 최근에 오래된 버려진 주택 일부를 철거했고, 빈 부지에 여행자들이 몰려와 캠핑카를 주차하고 있습니다. 화가 난 지역 주민들은 캠핑카들을  내쫓기  원하지만, 의회는 이 사람들이 어떤 권리를 가지고 있는지 확신하지 못해 정부가 명확히 선을 그어주기를 바랍니다."
#,TRAVELLERS RIGHTS_0,여행자 체류 허용,이 여행자를 포함한 모든 사람은 어딘가에서 살 권리가 있습니다. 그들이 문제를 일으킨다는 증거는 없으며 해당 여행자들의 라이프 스타일을 이해하지 못하는 사람들의 투정일 뿐입니다.
#,TRAVELLERS RIGHTS_1,여행자 퇴거,지역 주민들을 지지해야 합니다. 이 여행자들은 사유지에 침입하여 현지 가정들의 원성을 샀습니다. 이걸 용인할 순 없습니다. 소수의 사람들이 평소 평화로운 지역사회에 그러한 혼란을 일으키도록 둬선 안 됩니다.
#,ViolentVideoGames,폭력적 비디오게임,"폭력적인 비디오게임이 청소년들에게 미치는 영향에 대한 언론의 우려가 제기되었습니다. 이러한 게임 중 일부는 '살인 시뮬레이터'로 묘사되는 게임이며, 게임과 폭력 범죄 사이에 연관성이 있음이 제안되었습니다. 특정 게임은 금지하고 기타 게임의 판매를 18세 이상으로 제한하는 제안이 있습니다."
#,ViolentVideoGames_0,변경 없음,비디오게임과 폭력 사이에 직접적인 연관성이 있다는 확실한 증거는 전무하다시피 합니다. 오히려 청소년이 폭력적으로 행동하는 것을 막는 카타르시스로 작용할 가능성도 있습니다. 이것은 최초의 비디오게임이 등장하기 훨씬 이전부터 존재했던 사회 속 폭력에 대한 간단한 해결책을 찾고 싶은 사람들의 조건반사적인 반응입니다.
#,ViolentVideoGames_1,게임 검열,"직접적으로 입증된 연관성은 없을지 몰라도 이런 게임을 많이 플레이해보지 않고도 감수성 풍부한 청소년에게 이들이 미치는 영향, 사회에 미치는 부정적인 영향을 확인할 수 있습니다. 비디오게임은 대화형 매체라 책, 텔레비전, 영화와 같은 수동적 오락보다 청소년의 뇌리에 큰 인상을 남기므로 청소년 행동에 훨씬 더 직접적인 영향을 미칠 가능성이 있습니다. 뭔가 조처해야만 합니다."
#,ViolentVideoGames_2,경고표지,"금지는 너무 과한 조치이지만, 부모가 특정 게임이 자녀에게 적절한지 판단할 수 있도록 필요한 정보를 얻는 것이 중요합니다. 게임 포장이나 게임 판매 웹사이트에서 내용에 대해 경고를 표시하는 시스템만으로도 충분할 것입니다."
#,Whaling,포경,정부가 우리 해역에서 소규모 상업 포경의 재도입을 허용하는 결의안을 처리하려 합니다. 고래 고기는 귀중한 지역 별미이며 상업적인 고래잡이는 많은 일자리를 창출할 것입니다.
#,Whaling_0,포경 재개,고래는 엄청난 양의 물고기를 소비하며 우리 경제에 영향을 미치는 어획량 감소의 원인이 될 수 있습니다. 고래잡이는 또한 우리 경제에 반가운 부양책을 제공할 것입니다. 모든 종류의 고래가 멸종 위기에 처한 것은 아니며 상업적인 고래잡이는 멸종의 위험 없이 진행될 수 있습니다.
#,Whaling_1,금지 조치 유지,"인간 외에 지구 상에서 가장 지능이 높은 동물 중 하나로 여겨지며, 수중 먹이 사슬에서 중요한 위치를 차지하는 고래는 멸종 위기임에도 불구하고 사냥당하고 있습니다. 상업 포경의 재개는 고래의 생태계에 엄청나게 파괴적일 그뿐만 아니라 잠재적으로 관광 산업이 감소할 수 있습니다. 포경보다는 고래 관찰 사업에 재집중해야 합니다."
#,Whistleblower,내부고발자,"비밀경호국의 하청업자 한 명이 테러와의 전쟁의 어두운 면을 폭로하는 여러 문서를 유출했습니다. 그녀를 기소하고 그녀를 재판에 회부하기 위해 전력을 다해야 할까요, 아니면 비밀경호국을 개혁하고 그녀가 고발한 부당 행위의 사용을 중단해야 할까요?"
#,Whistleblower_0,기소하라!,우리가 직면한 비난이 사실이더라도 국익을 보호해야 합니다. 대중은 테러와의 전쟁에서 왜 이러한 방법에 의존해야 하는지 이해하지 못할 수도 있지만 목적은 수단을 정당화합니다.
#,Whistleblower_1,비밀경호국 개혁,스테이시 워커가 공개한 관행은 선진국의 국격에 맞지 않습니다. 우리는 앞으로 그러한 수단 사용을 삼가야 하며 시민의 용기가 여전히 존재함을 보여 준 스테이시 워커에게 감사해야 합니다.
#,WhitewashSchoolHistoryBooks,역사 교과서 개편,학교 역사 수업에 사용되는 많은 교과서는 시대에 뒤떨어져 있고 우리나라의 과거와 그 성취에 대해 다소 관대한 견해를 반영하고 있습니다. 운동가들은 아이들이 우리의 역사를 배우는 방식에 큰 변화를 주어 현대적인 태도로 우리의 과거를 평가할 것을 제안하고 있습니다.
#,WhitewashSchoolHistoryBooks_0,교과서 개편,"우리 학교의 오래된 교과서가 얼마나 편향되어 있는지는 매우 충격적입니다. 이 교과서들에 따르면 우리 역사는 이상하게도 남성적이고, 인종적으로 순수하고 흠이 없지만, 현실은 매우 다르다는 것을 우리 모두가 알고 있습니다. 계속해서 우리 역사를 미화하고 사실이 아닌 것들을 아이들에게 가르칠 수 없습니다."
#,WhitewashSchoolHistoryBooks_1,교과서 개편 없음,이것은 역사를 다시 쓰려는 중산층 자유주의자들의 죄책감일 뿐입니다. 과거의 위대한 정치가와 군사 지도자를 현대적 사고의 렌즈를 통해 판단할 수는 없습니다. 당시 사회는 달랐고 그들의 행동은 당시엔 완벽히 수용 가능했습니다. 자국의 자랑스러운 역사를 다시 쓰는 정부가 어디 있습니까?
#,USAOilPipeline,새 송유관 승인,"캐나다의 광범위한 오일샌드를 일리노이와 텍사스의 정유소로 연결하는 송유관 건설안은 연방 정부의 승인이 필요합니다. 송유관은 석유 추출을 증가시키지만, 기후 변화를 촉진할 그뿐만 아니라 많은 아메리카 인디언들의 영토를 가로지르기 때문에 논란의 여지가 있습니다."
#,USAOilPipeline_0,송유관 승인,"정부가 모든 항의에 굴복한다면 승인되는 대규모 기반 시설 프로젝트는 아무것도 없을 겁니다. 좋든 싫든 우리 경제에는 화석 연료가 필요하며 이러한 발전이 경제 성장을 가져올 그뿐만 아니라 유가를 낮출 것이라는 증거가 있습니다. 무엇이 더 중요합니까? 경제입니까, 아니면 상대적으로 소수인 급진 환경 운동단체의 의견입니까?"
#,USAOilPipeline_1,송유관 취소,지금 당장 더 많은 화석 연료 소비를 활성화해야 할 정당성이 있습니까? 더 많은 석유를 추출할 것이 아니라 재생 가능한 에너지에 투자할 때입니다. 게다가 단순히 캐나다 석유를 더 효율적으로 운송하기 위해 원주민들의 신성한 땅을 파괴해야 할 권리가 우리에게 있습니까?
#,GermanyDieselgate,디젤 오염물질 배출량 스캔들,우리나라에서 가장 크고 유서 깊은 많은 자동차 회사들이 사익을 위해 고의적으로 디젤 차량의 오염물질 배출량을 거짓으로 발표함으로써 공식 검사를 속여왔다는 스캔들이 폭로되었습니다. 경찰은 이 엄청나게 유명한 사건을 어떻게 처리해야 할까요?
#,GermanyDieselgate_0,사건의 중요성을 축소,"이 사건은 지나치게 부풀려졌습니다. 벌금을 부과하면 되고 자동차를 재검사하고 오염물질 배출량을 수정하면 됩니다. 일부 열성적인 엔지니어들이 규칙을 좀 많이 구부리긴 했지만, 그건 어제오늘 일이 아닙니다."
#,GermanyDieselgate_1,가능하면 최고 경영자 수감,"회사 최고위 경영진은 자기 회사에서 무슨 일이 벌어지고 있는지 정확히 알고 있었음에 의심의 여지가 없으며, 우리 독일에서는 법이 모든 사람에게 평등하게 적용된다는 것을 100% 분명히 해두어야 합니다. 사업  소유자들이 달가워하지는 않겠지만, 국제적 명성을 유지하려면 이러한 속임수를 일벌백계해야 합니다."
#,AustraliaAboriginalMining,원주민 소유지 채굴,"노던 준주에 대규모 광산을 개발하자는 제안이 있습니다. 광산은 많은 일자리를 창출하고 경제에 상당한 도움이 될 것이지만, 토지 소유권은 분쟁 중이며 원주민 권리 운동가들은 개발 중단을 요구하고 있습니다."
#,AustraliaAboriginalMining_0,광산 승인,토착민 영유권론 따위에 휘둘려 모든 경제 활동을 중단할 수는 없습니다. 우리는 일자리가 필요하고 이 나라는 비즈니스를 지지한다는 신호를 보내야 합니다.
#,AustraliaAboriginalMining_1,광산 금지,이 땅의 개발을 허용하는 것을 절대 지지할 수 없습니다. 경제 활동에 불편하더라도 토지 소유권에 대한 원주민들의 주장은 존중되어야 합니다.
#,AustraliaAboriginalMining_2,광산 소유권 분할,"극단적인 입장을 취할 필요는 없습니다. 우리는 경제 발전을 방해해서는 안 되지만, 토지 소유권 주장은 현실이며 원주민들은 공정한 보상을 받아야 합니다. 광산 수익의 10%를 원주민 등기인에게 영구적으로 제공하면 광산을 계속 운영할 수 있습니다."