#,CryptocurrencyCrash!,암호화폐 폭락!,승승장구하던 암호화폐의 거품이 붕괴되었습니다. 수백만 명의 자영업자들이 돈을 잃었습니다. 이제 그들은 인터넷 통화에 대한 규제 강화를 요구하고 있습니다.
#,FlashCrash,플래시 크래시,자동화된 거래는 단일 대규모 거래가 주식들을 곤두박질치게 할 만큼 주식 시장을 매우 취약하게 만들었습니다. 경제학자들은 이러한 재난이 다시는 발생하지 않도록 자동화 거래에 관한 규칙을 즉각 도입하도록 요구하고 있습니다. 우리나라의 GDP가 큰 타격을 입었습니다.
#,accidentalshooting,오인 사격,범죄율이 높은 우리나라에서 주거침입은 모든 국민의 현실적인 걱정거리입니다. 한 유명인이 자신의 가족 구성원을 침입자로 오인해 총으로 쏘는 사건이 발생했습니다.
#,accountantsbusted,조세회피 스캔들,"특수 세금 사기를 조사하던 기자들이 관련법 위반으로 업계 퇴출당한 해외 회계 법인의 방대한 데이터베이스를 입수해 일반에 공개했습니다. 이 데이터베이스에는 정치인과 유명인을 포함하여 국내 수천 명의 부유한 개인에 관한 세부 정보가 포함되어 있으며, 이들이 어떤 식으로 세금을 피했는지 정확히 보여줍니다. 이 소식이 뉴스 사이클을 압도하고 있으며 불평등과 고삐 풀린 자본주의가 빚은 결과에 대한 일반의 분노를 부채질하고 있습니다."
#,affair,외도,"한 포르노 배우가 당신과 혼외 성관계를 가졌으며 그런 비행을 비밀에 부치는 대가로 당신에게 돈을 받았다고 폭로했습니다. 더 나쁜 것은 그 입막음 돈이 선거 자금에서 나왔다는 것이며 이는 범법 행위입니다. 돈 지급에 관한 책임을 덮어쓸 하급 부하를 찾고, 불륜을 부인하고, 고발자를 매수해 여론을 희석해야 합니다."
#,aidtoeradicatedisease,질병 퇴치 지원금,한 국제기구는 우리나라의 쇠약병 퇴치를 목표로 많은 지원을 아끼지 않고 있습니다. 우리 국민은 고통을 겪고 있습니다. 따라서 질병 퇴치를 위한 자원 투입은 무엇보다 환영할 일입니다. 그러나 우리 정부에 이러한 외부의 도움이 필요하다는 것이 애국적인 평론가들의 비판을 받고 있습니다.
#,aidtoeradicatepoverty,빈곤 퇴치 지원금,한 국제기구는 우리나라의 빈곤 퇴치를 목표로 많은 지원을 아끼지 않고 있습니다. 우리 국민은 고통을 겪고 있습니다. 따라서 빈곤 퇴치를 위한 자원 투입은 무엇보다 환영할 만 일입니다. 그러나 우리 정부에 이러한 외부의 도움이 필요하다는 것이 애국적인 평론가들의 비판을 받고 있다.
#,airstrike,공습,우리가 대량살상무기를 비축한다는 주장이 우리나라의 군사적 목표물에 대한 폭격을 정당화하는 핑계로 이용되어 왔습니다. 이 외국 연합군의 항공 작전은 우리의 군사 능력을 감소시키고 외교 관계를 더욱 손상할 것입니다.
#,carpoolrapescandal,카풀 강간 스캔들,국내 최대 규모의 승차 공유 서비스 회사가 자사 운전자들의 승객 강간 혐의를 체계적으로 은폐하고 있습니다. 탐사보도 기자들은 지원 상담 직원들이 접수한 수백 건의 승객 신고를 법 집행 기관에 전달하지 말라고 회사가 지시한 증거를 발견했습니다. 스타트업 기술 회사에는 직원이 너무 적기에 이들이 파괴적 혁신을 가하고 있는 사업 부문에서 기본적인 안전 프로토콜이 무시되고 있습니다.
#,celebrityopioiddeath,유명인 아편유사제 중독사,한 젊은 영화배우가 자기 집에서 정식 처방된 마약성 진통제 병에 둘러싸여 숨진 채 발견되었습니다. 일반적으로 단기 통증 완화에 사용되는 이런 중독성 약물이 우리나라 국민의 의약품 보관장에 넘쳐나고 있습니다. 건강 보험이 값싼 알약만을 커버할 때 의사는 아편유사제를 쉽게 처방하게 됩니다. 사회 위기 동안 수천 명이 아편유사제 과다복용으로 사망하고 있습니다.
#,centralbankfraud,중앙은행 사기,중앙은행의 공무원들이 새 지폐를 위조지폐와 바꿔치기하는 사기를 저질렀다는 것이 밝혀졌습니다. 우리 금융 시스템의 근간을 이루는 기관들이 부패하면 국민이 어떻게 이 정부의 지도력을 신뢰할 수 있겠습니까?
#,civilservantsstrike,공무원 파업,공무원들이 임금 인상을 놓고 파업을 하기로 했습니다. 고용주가 정부인 경우엔 단순히 사직하고 경쟁업체에서 다른 일자리를 찾을 수 없습니다. 공무원 업무는 좀처럼 감사의 말을 듣지 못하는 직업입니다. 적어도 생활 수준을 지원하는 보수를 줘야 합니다.
#,coastaloilspill,해안 기름 유출,"엄청난 기름 유출로 지역 어족자원이 사라졌고 지역 주민들의 삶의 방식이 파괴되었습니다. 이로써 이곳 주민은 가까운 마을과 도시로 이주해갈 것이며, 환경을 보호하고자 하는 사람들과 그것을 이용하고자 하는 사람들 간의 갈등을 악화시킬 것입니다."
#,corruptionarrests,부패 체포,부패한 공무원들이 횡령 혐의로 체포되었습니다. 지속적인 반부패법 집행 캠페인이 이렇게 세간의 이목을 끄는 체포로 이어졌습니다. 부패에 대한 우리의 무관용을 분명히 했으며 누구도 법 위에 있지 않다는 것을 보여주었습니다.
#,CryptocurrencyCrash,암호화폐 폭락,승승장구하던 암호화폐의 거품이 붕괴되었습니다. 수백만 명의 자영업자들이 돈을 잃었습니다. 이제 그들은 인터넷 통화에 대한 규제 강화를 요구하고 있습니다.
#,deadlyvirusoutbreak,치명적인 바이러스 발생,치명적인 바이러스가 발생하여 전국적으로 수천 명이 사망했습니다. 이 질병의 예외적인 전염력과 환자의 높은 사망률은 치명적입니다. 이 발병이 억제될 때까지 국제 여행과 무역이 축소되었습니다.
#,deadlywatercontamination,치명적인 식수 오염,"수돗물이 납으로 오염된 후 수십만 명의 시민들이 안전한 식수를 공급받지 못하고 있습니다. 지방 자치 단체가 비용을 절약하기 위해 지역 수원을 바꾼 후,새로운 물이 도관을 부식시킨 것입니다. 12명이 사망하고 나서야 납 중독이 발견되었습니다."
#,debtdeal,부채 합의,우리나라의 부채를 재구성하기 위해 국제 채권자들과의 협의가 진행되었습니다. 대출을 통합하고 공기업으로부터의 현금 흐름을 담보로 한 대출금을 확보함으로써 이자 지급액이 상당히 감소했습니다.
#,diplomaticimmunity,외교관 면책특권,한 외국 외교관이 교통사고로 시민을 사망케 한 후 도주했습니다. 이 사람은 외교관 면책특권을 사용하여 법 집행 기관의 기소를 받지 않고 고국으로 돌아갔습니다. 국내에서 근무하는 수천 명의 외국 외교관 대부분이 국내법을 준수함에도 대중은 이번 사건을 심각한 정의 훼손으로 보고 그 분노를 정치계로 돌리고 있습니다.
#,diseaseeradicated,질병 퇴치,"예방 접종, 교육, 모니터링의 지속적인 캠페인을 통해 우리나라의 쇠약 질병이 근절되어가고 있습니다. 우리 국민이 이 파괴적인 질병에서 벗어나 삶을 계속 영위할 수 있도록 지금의 입지를 지켜내야 합니다."
#,disputedterritoryrepatriated,분쟁 영토 귀속,"국제 법원 판결로 우리가 역사적으로 영유권을 주장해 온 중요한 영토가 본국으로 귀속되었습니다. 점유자들은 우리의 영유권 주장에 줄곧 이의를 제기해왔지만, 이제는 그 지역을 비우고 영유권을 우리에게 이전할 수밖에 없습니다."
#,drought,가뭄,계절적인 비가 내리지 않아 우리나라가 극심한 가뭄에 시달리고 있습니다. 흉작이 발생하고 물 공급이 줄어 가축과 야생 동물 개체 수를 유지할 수 없습니다. 더 나은 인프라가 있었다면 이러한 심각한 피해를 완화할 수 있었을 것입니다.
#,dubiousrolemodel,의심스러운 롤모델,"당신이 직접 임명한 고위 관리가 연설 중 악명 높은 독재자를 칭찬했습니다. 통치 기간 동안 수백만 명의 무고한 사람들을 죽였을지는 모르지만, 국가 기반 시설에 관해서는 몇 가지 흥미로운 아이디어를 가지고 있었다는 발언이었습니다."
#,electiondeclaredfreeandfair,자유롭고 공정한 선거,지난 선거는 국제 옵서버들로부터 자유롭고 공정하다는 평가를 받았습니다. 총선은 개인이 민주적 절차에 직접적인 영향을 미칠 수 있는 몇 안 되는 경우 중 하나입니다. 투표 시스템의 무결성을 유지함으로써 민주주의 자체가 보존됩니다.
#,electionflawed,부정선거,독립 옵저버 그룹에 따르면 지난 선거는 국제 기준에 미치지 못했습니다. 총선은 개인이 민주적 절차에 직접적인 영향을 미칠 수 있는 몇 안 되는 경우 중 하나입니다. 투표 시스템을 훼손함으로써 민주주의 자체가 전복됩니다.
#,electionresultchallenged,선거 결과 도전,지난 총선에서 패한 야당은 투표용지 조작이 일어났다고 강력히 주장하고 있습니다. 그들은 최고 법원인 대법원에서 선거 결과에 도전하고 있습니다. 소송이 실패하더라도 아니 땐 굴뚝에 연기 날 일이 없으니 유권자들이 분노할 것입니다
#,embezzledfundsrecovered,횡령된 자금 회수,전직 지도자가 빼돌린 돈이 외국 은행 계좌에서 회수됐습니다. 우리 사회의 부패 수준이 감소함에 따라 우리 법 집행 기관은 과거의 잘못을 시정하는 데 방해받지 않습니다.
#,environmentalconservationaid,환경 보전 지원금,국제기구는 우리나라의 환경 보전을 돕기 위해 많은 지원을 약속했습니다. 우리의 소중한 자연환경은 훼손되고 있습니다. 따라서 쇠퇴에 맞서 싸우기 위해 자원을 투입하는 것은 반가운 일입니다. 그러나 우리 정부에 이러한 외부적 지원이 필요하다는 것이 애국 평론가들의 비판을 받고 있습니다
#,extraditedhackerconvicted,송환된 해커 유죄 판결,우리는 주요 정부 컴퓨터 시스템을 손상시킨 외국 해커를 성공적으로 인도해 유죄 판결을 내렸습니다. 우리의 세계적인 영향력과 범죄인 인도 조약은 오늘날 국제 사이버 범죄에 타격을 입혔습니다.
#,extremiststate,극단주의자 독립,우리나라의 극단주의 세력이 영토 독립을 선언했습니다. 우리나라의 북쪽 국경에 가까운 외딴 지역을 그들의 민병대가 점령했습니다. 우리가 자주권을 방어할 수 없다는 것은 우리 국가의 안보에 대한 도전입니다. 더욱 우려되는 것은 국민들이 이런 극단적인 행동을 할 정도의 상황에 이르렀다는 점입니다.
#,factorycloses,공장 폐쇄,우리나라의 주요 고용주가 자동차 공장 하나를 막 폐쇄함으로써 수천 명의 시민을 해고했습니다. 우리나라 인구의 자동차 사용률 감소와 노동 생산성 저하가 이 셧다운의 주요 원인으로 거론되고 있습니다.
#,femaleleader,여성 지도자,야당의 새 대표로 여성 대표가 선출되었습니다. 정부 고위층에서 여성이 대표 지위를 차지했다는 것은 우리 사회의 성 불평등에 반대하는 지속적인 캠페인의 결과입니다.
#,fgmreportshame,여성 할례의 수치,저명한 국제기구에서 우리나라에서 여성 할례 발생의 심각성을 비판하는 보고서가 발표되었습니다. 이 위험한 할례 의식은 성 불평등에 뿌리를 두고 있으며 피해자의 건강을 심각하게 위협합니다.
#,foodscandal,식품 스캔들,"잠복 TV 기자들이 우리나라 여러 도축장 상황을 담은 충격적인 영상을 공개했습니다. 값싼 고기를 생산하는 데는 대가가 있다는 사실을 아는 사람은 거의 없었고, 이 영상은 식량이 어떻게 생산되고 있는지에 대한 현실을 조명해 줍니다..유기농 식품과 비건 운동가들은 이 사건을 여론의 전환점이라고 부르고 있습니다."
#,foodshortages,식량 부족,심각한 식량 부족으로 굶주린 우리 국민을 위한 국제 원조가 넘쳐 들어고 있습니다. 열악한 환경 조건과 손상된 기반 시설 탓에 우리 국내 식량 생산은 수요를 따라잡지 못합니다. 우리 국민은 고통받고 있습니다. 따라서 기아 퇴치를 위한 자원 투입은 반가운 일입니다. 그러나 우리 정부에 이러한 외부적 지원이 필요하다는 것이 애국 평론가들의 비판을 받고 있습니다
#,foreignneighbournuclearmissiletest,이웃 국가의 핵미사일 시험,핵무기 개발은 전 세계의 군사력 벤치마크로 남아 있습니다. 인접한 고립주의 국가가 우리 국경 근처에서 자국의 핵미사일 시스템을 시험했습니다.
#,formermilitaryleaderssentenced,전 군 지도자들에게 실형 선고,민주주의의 진보를 적극 억압한 군 지도자들이 법정에서 선고를 받았습니다. 강력한 권력을 지닌 이 사람들을 벌함으로써 우리 사법부는 우리나라의 법을 용감하게 수호했습니다. 우리는 누구도 법 위에 있지 않으며 정의가 실현될 것이라는 강력한 성명을 발표했습니다. 
#,formerspypoisoned,전직 스파이 독살,"우리나라에 망명을 허가받은 전직 외국 스파이가 자국 조직에 암살당했습니다. 스파이는 식당을 방문한 후 갑자기 앓아누웠습니다. 적 요원이 음료수에 방사성화학 물질을 넣은 것입니다. 국민은 공공장소에서 독극물에 노출될 수 있다는 사실을 두려워하고 있으며, 애국자들은 이런 작전이 국내에서 이뤄질 수 있다는 사실에 경악하고 있습니다."
#,fuelshortage,연료 부족,"우리나라 주유소의 주유 펌프가 메말랐습니다. 국내 생산으로 수요를 충족시킬 수 없으며, 연료 수입은 물류 문제와 전 세계적인 소비량 탓에 축소되었습니다."
#,garbagescam,쓰레기 사기,재활용을 위해 해외로 운송된 쓰레기 수천 톤이 반환되었습니다. 우리 사회의 불필요한 쓰레기로 가득 찬 컨테이너가 재활용 가능한 플라스틱으로 거짓 표시된 것입니다. 환경 운동가들은 우리나라 재활용 프로그램의 근본적인 실패에 분노하고 있습니다. 이 국가적 망신이전 세계 뉴스에 대서특필되었습니다.
#,gigeconomypressure,긱 경제의 압박,"승차 공유 운전자가 요금을 올리기 위해 승객을 납치하고, 승객이 자는 동안 다른 도시로 운전한 혐의에 대해 유죄를 인정했습니다. 법원에서 운전자는 매달 공과금을 내느라 어려움을 겪고 있었다며 재정적 압박을 범행 동기로 언급했습니다. 긱 경제 노동자들은 파괴적 혁신 기업에 의해 고용권과 수익률이 잠식됨에 따라 좌절하고 있습니다."
#,globalhitdrama,글로벌 히트 드라마,국내 TV 사극이 세계적인 센세이션을 일으키고 있습니다. 100개 이상의 국가에서 방영권을 구입했습니다. 이 쇼는 대중적인 매력으로 전 세계의 텔레비전 상을 수상했습니다. 엔터테인먼트는 이제 우리나라의 가장 큰 수출품 중 하나입니다.
#,governmentshutdown,정부 셧다운,"정부의 운영 예산이 보류되어 공공 서비스가 한 달 동안 중단되었습니다. 논란의 여지가 있는 귀하의 정책이 입법부에서 다수의 지지를 받지 못하고 있으며, 국회는 정부 직원에게 급여를 지급하는 데 필요한 자금을 차단하며 집단적 권한을 사용했습니다. 정치적인 해결책을 모색하는 몇 주 동안 보안 요원, 국경 순찰대, 교도소 직원, 항공 교통 관제사가 자택에서 대기하고 있습니다."
#,gravemoveprotests,무덤 이전 시위,파시스트 독재자로 알려진 역사적 인물의 유해가 수도의 매장지에서 발굴되어 외딴 무덤으로 옮겨졌습니다. 사회주의자들은 우리 과거의 이 장이 더 이상 미화되지 않을 것이라며 이장 조치를 칭찬했습니다. 보수적인 민족주의자들은 과거를 지울 수는 없다며 정부의 개입에 항의했습니다.
#,highcorruptioncriticized,높은 부패 수치 비판,"국제 보고서가 우리 사회의 높은 부패 수준을 비판했으며, 우리가 세계에서 가장 부패한 국가 중 하나임을 명시했습니다. 부패는 국민의 삶 곳곳에 장애물이 되며, 부패가 우리나라에 미치는 영향이 조명된다면 국내외에서 부정적으로 받아들여질 것입니다."
#,highriseblaze,고층 건물 화재,"우리나라 수도의 저소득층을 위해 지어진 고층 아파트에서 가전제품 고장으로 치명적인 화재가 발생했습니다. 열악한 건물 건설, 규제 집행의 부족, 준비되지 않은 소방 서비스가 결합되어 국가에 충격을 준 인재로 이어졌습니다. 당신의 정부는 빈부 격차가 커진 것에 대해 널리 비판을 받아왔으며 이번 사고에서 드러난 저소득층에 대한 무관심이 지탄받고 있습니다."
#,holybuildingburned,성스러운 건물이 불타다,"라이벌 종교 단체 간의 긴장이 고조된 후, 수도의 유명한 예배당이 화염병으로 파괴되었습니다. 언론은 이 사건이 우리나라의 인종 관계에 미칠 재앙적인 영향을 최소화하기 위해 보도를 자제하는 노력을 거의 하지 않고 있습니다."
#,hostagesrescued,인질 구출,"테러단체에 잡힌 인질들이 우리 군에 의해 발견되어 구출되었습니다. 비록 급진주의 세력이 우리 사회에서 여전히 활동하고 있지만, 우리는 정부가 그들과 효과적으로 싸우고 있으며 결국에는 승리할 것임을 보여주었습니다."
#,housingmarketboom,주택 시장 붐,"집값이 사상 최고치를 경신했습니다. 우리 경제가 강세를 보이고 있다는 좋은 표시입니다. 모든 사람이 돈을 벌고 있으며 자산 포트폴리오를 확장하려는 열망을 충족할 수 있게 되었습니다. 일부 매파 경제학자들은 이것이 일시적인 거품이며 곧 터질 것이라고 말하지만, 대부분은 물 들어올 때 노 젓자는 분위기입니다."
#,housingmarketcrash,주택 시장 붕괴,집값이 떨어지고 있습니다. 피할 수 없는 듯한 시장의 호황과 불황 주기가 다시금 우리 경제에 찾아왔습니다. 다가구 주택 소유와 외국인 투자자들은 실제로 살 집이 필요한 사람들이 감당할 수 있는 수준 이상으로 집값을 인상했습니다. 이제 사람들은 주택 가치를 초과하는 대출을 받고 부동산 판매의 유동성이 경직되었으며 모든 시장이 자신감 부족에 시달리고 있습니다.
#,hugehurricane,거대 태풍,엄청나게 큰 태풍으로 지역사회가 황폐화되었습니다. 자연재해 방어가 실패하고 비상 대응은 비참한 수준으로 불충분하여 수천 명이 사망했습니다. 이후 이런 참사를 예방할 책임이 있었던 공직자들의 사퇴가 잇따랐습니다. 당신도 미흡한 대처에 대해 비판을 받았습니다.
#,illegalimmigrationoutcry,불법 이민 성토,"불법 이민의 상당한 증가가 우리나라 보수층 국민들의 분노를 불러일으키고 있습니다. 이미 인종 간 긴장이 고조되어 있었고, 구멍이 뚫린 국경이 계속해서 무너지면서 사태는 극에 달할 수밖에 없었습니다."
#,internationalcharges,국제 형사 고발,"국제 형사 법원이 당신이 살인, 강간, 추방 혐의로 기소했습니다. 물론, 당신은 이러한 범죄를 부인하고 고소인과의 대면조차 단호히 거부합니다. 당신은 이러한 중상모략을 대중은 뻔히 들여다볼 것이라고 확신합니다."
#,internationalliteraryaward,국제문학상,우리나라 작가가 쓴 소설이 세계에서 가장 권위 있는 국제 문학상을 수상했습니다. 이 이야기는 우리나라를 배경으로 하며 전 세계적으로 우리나라의 인지도를 높였습니다.
#,joiningtheunion,연합 가입,"범 대륙적 국제기구가 우리나라의 가입을 받아들였으며, 이 기관의 목표는 가입국들의 영토 전체에 평화와 번영을 보장하는 것입니다. 우리가 지금 합류하는 거대 기구에 속한 이웃 나라와 전쟁을 했던 것을 기억하는 국민들이 아직 살아 있습니다. 유리한 무역 협정을 얻기 위해 일부 주권을 포기하는 것은 기꺼이 치를만한 대가이며, 재앙적인 미래의 갈등을 피하기 위해서도 상호 불가침 조약을 맺어야 합니다."
#,journalistjailed,기자 투옥,"수도에서 취재 중이던 외신기자들이 간첩 혐의로 구속되었습니다. 그들은 결백하다며 항의했지만, 우리 정권을 불안정하게 만들려는 반군과 어울리다가 붙잡혔습니다. 국제 언론은 우리나라의 인권 인식 부족을 비판하며 이 스파이들을 지지하는 목소리를 내고 있습니다."
#,journalistreleased,기자 석방,반체제 혐의로 투옥되었던 언론인이 항소심에서 승리했습니다. 이들이 투옥된 이후 많이 개선된 인권상황이 국내외에서 좋은 평가를 받고 있습니다.
#,judgemartyr,판사의 순교,한 판사가 법정에 총을 가지고 들어와서 가슴에 총을 쏴 자결했습니다. 이 순교 행위는 정부의 부패와 사법부에 대한 노골적인 간섭에 대한 항의였습니다.
#,landacquisitionscandal,토지 취득 스캔들,외국 정부와 함께 진행하던 공동 인프라 프로젝트가 중단되었습니다. 토지 매입의 적법성을 놓고 소송 해당 건설사를 대상으로 소송이 제기되었기 때문입니다. 주민들이 적절한 보상 없이 강제로 집에서 쫓겨났고 공무원들은 프로젝트에서 공적 자금을 빼돌렸습니다.
#,leaderdiessuddenly,지도자의 돌연사,정부의 지도자가 갑자기 예기치 않게 사망했습니다. 심한 심장마비를 겪은 후 회복하지 못한 것입니다. 임시 지도자인 당신은 선거가 열릴 때까지 그 권한을 대행하게 되었습니다.
#,leavingtheunion,연합 탈퇴,"당신은 이전 정부로부터 국민투표 결과를 물려받았고, 국민의 뜻을 따라야 합니다. 국가는 우리 무역 상대국들과의 연합을 유지할지 여부를 놓고 두 편으로 갈라졌습니다. 간발의 차이로 유권자들은 연합을 떠나기로 투표했습니다. 우리나라의 법률, 헌법, 시장이 연합과 복잡하게 얽혀 있어 탈퇴는 매우 어려운 관료주의적 난제입니다. 그러나 연합 탈퇴가 무엇을 의미하는지 정의되지는 않았기 때문에 정쟁이 과열될 소지가 있습니다."
#,lowcorruptionpraised,낮은 부패 수치 칭찬,"국제 보고서가 우리 사회의 낮은 부패 수준을 칭찬했으며, 이는 우리나라 이 대륙에서 가장 덜 부패한 국가 중 하나임을 공표한 것입니다. 이러한 환경에서 비즈니스가 번창할 수 있으며 우리 국민은 장애 없이 자기 계발에 매진할 수 있습니다. 국제 사회는 우리나라에 대한 투자가 의도된 목적을 위해 효율적으로 사용될 것이라고 확신할 수 있습니다."
#,martyrdies,열사의 순교,"정부에 항의하는 극단적인 시위의 일환으로 한 시민이 수도에서 분신자살을 시도했습니다. 그들은 부상을 극복하지 못했고, 그의 순교는 국가를 불안정하게 만든 시민 불복종의 물결을 불러일으켰습니다."
#,masssentencing,집단 선고,수백 명의 수감자가 공정한 재판을 위한 국제 기준을 위반한 단일 심리로 형을 선고를 받았습니다. 정의가 참담하게 무시된 이 재판에서 개별 사건의 팩트가 적절하게 고려되지 않았을 것이 분명합니다.
#,migrantsdieintruck,이민자 트럭 사망,"우리 국경을 지나던 상업용 트럭 뒤칸에서 수십 구의 시신이 발견되었습니다. 질식한 희생자들은 우리나라에 밀입국하려다 숨진 외국인 이민자들로 확인됐습니다. 이 비극에 관한 책임은 우리 국경을 효과적으로 순찰하지 않고, 다급한 이민자들이 합법적으로 우리나라에 입국하도록 허용하지 않는 정부에 있습니다."
#,militarycontractscandal,군납 스캔들,전국에 발간되는 신문을 통해 우리 군의 제도화된 비리가 폭로되어 조사에 착수했습니다. 위조된 군납 계약이 막대한 공공 자금을 개인 은행 계좌로 빼돌리는 데 사용되었습니다.
#,minerskilled,광부 사망,"한 광산의 갱도가 붕괴하여 수십 명의 광부가 사망했습니다. 광산 시설의 보건 및 안전 기준에 대한 조사가 진행 중이지만, 소 잃고 외양간 고친다는 평이 많습니다."
#,multinationalcompanyheadquarters,다국적 기업 본부,"다국적 대기업이 우리나라에 지역 본부를 짓기로 결정했습니다. 우리나라의 유리한 노동 시장, 우수한 교육 수준, 안정적인 체제가 그러한 결정에 기여했습니다. 이것은 고용 창출과 우리 경제의 부양을 의미합니다."
#,nationalcyberattack,국가 사이버 공격,"우리나라의 핵심 컴퓨터 시스템이 대규모 사이버 공격을 받았습니다. 은행, 언론 매체 및 정부 웹사이트는 모두 엄청난 수의 온라인 요청으로 서버에 부하를 거는 거대한 외국 봇넷의 표적이 되었습니다. 오랜 적성 국가가 공격의 배후에 있음이 분명해져 애국자들은 분노에 차있습니다."
#,nationalsportsstarsgaggedbyforeignpower,외세에 입막음 당한 스포츠 스타,"스포츠는 결국 비즈니스이며, 스포츠 스타는 자기 생각을 말하기 전에 계약서를 확인해야 합니다. 한 강대국 내의 반정부 운동을 지지해 해당국 정부에게 밉보인 한 스포츠 스타는 매우 비굴한 사과 성명을 내야 했습니다."
#,nationalteambanned,국가 대표팀 출전 금지,"우리 축구 국가대표팀이 상대편에 대해 인종차별적 발언을 하고 나서 모든 대회에서 출전 금지당했습니다. 우리 사회에는 인종 갈등이 고조되었고, 세계의 이목을 사로잡은 이번 징계는 우리 사회 문제에 부끄러운 스포트라이트를 비추었습니다."
#,nationalteamdefects,국가대표팀 망명,축구 국가대표팀이 국제 대회에서 복귀를 거부하고 있습니다. 그들은 고국으로 돌아가면 목숨이 위험할 수 있다고 주장하며 대회 개최국에 망명을 신청하고 있습니다. 이 사건은 우리나라의 광범위한 사회적 문제를 조명하는 국제적인 망신입니다.
#,nationalteamexitsworldcup,국가대표팀 월드컵 탈락,"축구 대표팀이 예상보다 일찍 월드컵에서 탈락했습니다. 국민들의 실망은 이루 말할 수 없습니다. 선수들은 언론에서 심한 비판을 받았고, 전국적으로 암울한 분위기가 감돌고 있습니다. 경쟁력 있는 스포츠팀을 조직하지도 못하는 상황에서 어떻게 글로벌 리더의 열망을 가질 수 있습니까?"
#,nationalteamwinsworldcup,국가대표팀 월드컵 승리,"축구 국가대표팀이 월드컵에서 우승하며 전국의 팬들을 기쁘게 했습니다. 장기적이고 가시적인 이익으로 이어지지는 않겠지만, 우리 국민의 높아진 자긍심은 너무도 반가운 일입니다."
#,nativespeciesextinct,토종 동물 멸종,세계에 널리 알려졌던 토종 동물이 멸종되었음이 선언되었습니다. 이들의 자연 서식지 침식과 밀렵이 멸종의 원인으로 지탄받고 있습니다. 국가의 천연자원을 보호하지 못한 정부의 무능함을 환경 운동가들이 질타하고 있습니다.
#,naturallyentertaining,자연적인 엔터테인먼트,우리나라의 저명한 박물학자들이 또 한 번 해냈습니다. 그들의 최신 다큐멘터리 시리즈는 가장 시급한 지구 생태 문제에 대해 인식을 고취하는 세계적인 대 히트작이었습니다. 이 영화의 개봉으로 우리나라의 인지도 또한 훨씬 높아졌습니다. 환경 단체의 회원이 크게 증가하기도 했습니다.
#,newlyindustrializedcountrystatus,신흥공업국의 위상,"국제 경제학자들이 우리나라를 신흥공업국으로 분류했습니다. 우리의 강력한 정치적 리더십, 제조업 성장, 도시화 및 자유 무역을 인정한 것입니다."
#,nobelpeaceprize,노벨평화상,국내외 민주주의 증진에 기여한 공로자가 노벨 평화상을 수상했습니다. 이것은 국제 사회가 우리의 민주주의 체제를 강력하게 지지한다는 표시입니다.
#,olympichosts,올림픽 주최,"올림픽을 성공적으로 개최하는 것만큼 국제적 리더십을 말해주는 것은 없습니다. 우리는 올림픽을 성공적으로 치러냈습니다. 전 세계 청중 앞에서 공정한 경쟁과 명예를 기치로 하는 올림픽 선서를 받아들인 것은 모든 비용과 정치적 거래, 그리고 타협을 무릅쓸 만큼 가치가 있었습니다. 선수들도 즐거운 시간을 보냈을 것입니다."
#,openlygayleader,동성애자 선출,동성애자임을 공식 선언한 정치인이 야당 대표로 선출되었습니다. 그가 정부의 고위 대표직을 맡게 된 것은 성차별에 반대하는 우리 사회의 꾸준한 캠페인의 결과였습니다.
#,oppositionmembersstagewalkout,야당의 퇴장 시위,의회의 야당 의원들이 정부의 민주주의 절차 억압에 항의하며 퇴장했습니다. 야당의 참여 없이는 민주주의의 외양을 갖출 수 없습니다.
#,oppositionplanswithdrawal,야당 선거 후보 철회,"일부 야당이 역사적인 선거 조작 의혹에 대한 항의의 표시로 향후 선거 후보들을 철회하겠다고 선언했습니다. 그들은 선거 부정이 패배의 원인이라고 주장할 것이며, 그들의 행동으로 말미암아 정치 활동가들이 격앙되어 있습니다."
#,parkrangerkilled,국립공원 레인저 사망,무장 밀렵꾼 무리를 단속하던 국립공원 레인저가 오늘 근무 중 순직했습니다. 멸종 위기종 동물의 가치는 밀렵꾼들이 이제 기꺼이 살인을 저지를 정도로 큽니다.
#,pipelineprotests,송유관 시위,송유관 건설이 원주민 공동체가 소유한 땅을 통과하면서 격렬한 시위를 촉발했습니다. 원주민들은 송유관이 미치는 환경적 영향에 강력하게 반대하며 전 세계적인 관심과 지지를 얻었습니다.
#,planecrash,비행기 추락,국영 항공사 소유의 비행기가 추락하여 탑승자 전원이 사망했습니다. 부실한 유지 보수가 기내 시스템 고장의 원인으로 지목되었으며 안전 기준을 설정한 정부가 비난받고 있습니다.
#,poachersconvicted,밀렵꾼 유죄 선고,"국립공원 레인저들에게 붙잡힌 밀렵꾼이 재판을 받고 유죄 판결을 받았습니다. 자연환경을 보호하기 위한 우리 레인저들의 헌신은 칭찬할 만하며, 정부가 제공하는 중요한 자원이 없었다면 이러한 체포가 이뤄질 수 없었을 것입니다. 그러나 이러한 밀렵 활동은 우리 사회 빈곤의 징후이므로 근본 원인을 제거하는 것이 좋지 않을까요?"
#,policeshooting,경찰 사격,경찰의 총격으로 비무장 시민이 사망했습니다. 피해자가 사회적 소수자이기에 지역사회의 분노를 불러일으켰습니다. 자유주의자들은 차별적인 경찰 폭력을 종식시키고자 사회 정의 캠페인을 지지해 왔습니다.
#,politicalrelationshipdowngraded,정치적 관계 하향 조정,주요 무역 파트너인 국가가  우리나라와의 정치적 관계를 하향 조정했습니다. 이것은 악화된 양국 간 외교 관계의 결과입니다. 양국 간 경제 활동의 상당 부분이 철회되면서 대외 무역과 투자가 어려움을 겪을 것입니다.
#,politicalrelationshipupgraded,정치적 관계 상향 조정,주요 무역 파트너인 국가가  우리나라와의 정치적 관계를 상향 조정했습니다. 이것은 개선된 양국 간 외교 관계의 결과입니다. 양국 간 경제 활동의 상당 부분이 확대되면서 대외 무역과 투자가 호황을 누릴 것입니다.
#,protesterskilled,시위자 사망,수십 명의 시위대가 정치 시위 도중 무장 경찰에 의해 사망했습니다. 집회의 합법성과 상관없이 이 잔혹한 진압은 극도로 비민주적이며 대중과 국제 사회 모두로부터 비난받고 있습니다. 더 많은 시민 소요가 뒤따를 것입니다.
#,quantumcomputing,양자컴퓨터,국내 기술기업이 컴퓨터 기술의 새 시대를 열었습니다. 양자 프로세서는 추상적인 과학적 원리를 사용하여 동시에 여러 연산을 수행합니다. 기존 컴퓨터에서 수천 년이 걸리던 작업을 이제 몇 분 안에 완료할 수 있습니다. 기술 부문의 시장 주도권을 우리나라가 확보한 것 같습니다.
#,regionalwar,지역 분쟁,이웃 국가에서 전쟁이 발발하여 이들과 맞닿은 국경에서 긴장이 고조되었습니다. 난민이 유입되고 무역이 중단되는 현상을 목격하고 있습니다. 인접 지역에서의 이와 같은 분쟁이 우리나라의 안정을 저해할 것이라는 우려가 대두되고 있습니다.
#,resourcesobsolete,쓸모없어진 자원,우리나라 광산에서 채굴되는 광물에 대한 전 세계 수요가 감소했습니다. 제조 공정에서 우리가 수출하는 자원을 대체할 더 나은 대안이 발견되었습니다. 우리 자원의 지속적인 사용을 장려하는 유일한 길은 원가와 수익률을 줄이는 것입니다.
#,richestcompanypaysnotax,세금 안 내는 거대 기업,세계에서 가장 부유한 다국적 기업이 우리나라에서 수십억 달러의 수익을 올렸음에도 불구하고 올해 세금을 내지 않았습니다. 교묘한 회계 관행과 가장 이로운 역외 조세 피난처를 사용하여 이 회사는 경쟁을 원천봉쇄하는 동시에 우리 정부를 속임으로써 필요한 공적 자금의 조성에 기여하지 않고 있습니다. 사회주의자들은 분노했고 애국자들은 우리 정부가 이 외국 법인에 세금을 부과할 수 없다는 사실에 놀라고 있습니다.
#,royalbaby,왕세손,"왕세손이 우리나라 왕실에 태어날 때 국민의 반응은 각기 다를 겁니다. 왕실 충성파들에게는 왕실 계승의 희망이요, 다른 이들에게는 그저 귀여운 아기 사진일 뿐이겠죠. 하지만 적어도 그 덕분에 우리가 통과시키려 하는 논란 속 법안이 언론의 관심을 따돌릴 수 있을 것 같습니다. 폐하, 카메라를 향해 미소를 지어주십시오."
#,royalwedding,왕실 결혼식,우리나라의 왕실을 유지하는 것이 과연 그만한 값어치가 있는 일인지에 관해서는 논쟁이 있을 수 있습니다. 하지만 유권자의 시선이 두려운 시기에 맞춰 왕실 결혼식이 거행되고 언론의 관심이 온통 거기에 쏠리는 건  정말 다행한 일이 아닐 수 없습니다. 행사 비용에 대해 왈가왈부하지 맙시다. 우리 국민들에게 특별한 날이기 때문입니다.
#,schoolgirlskidnapped,여학생 납치,수백 명의 여학생들이 공립학교에서 테러리스트들에게 납치되었습니다. 극단주의자들은 정부의 통치에 반대하며 장기간의 군사 행동을 통해 납치가 발생한 지역을 불안정하게 만들었습니다. 우리의 치안 자원은 해당 지역의 통제권을 되찾고 여학생들을 구출하기에는 충분하지 않습니다.
#,schoolshooting,학원 총기 난사,국가적 비극이 닥쳤습니다. 총기를 소지한 단독 범행자가 학교 운동장에 침입해 수십 명의 학생과 교직원을 살해했습니다. 범인은 알려진 급진적 단체에 소속되지 않았기에 보안 당국이 이와 같은 총격 사건을 사전에 예방하고 감시하는 것이 거의 불가능했습니다. 총기에의 쉬운 접근성과 정신 보건 서비스의 부족이 치명적인 결합이었던 것으로 또 한 번 입증되었습니다.
#,scientificbreakthrough,과학적 혁신,전 세계 기계에 전력을 공급하는 방식을 바꿀 새로운 건전지 과학이 우리나라에서 개발되었습니다. 기존 제품을 두 배의 용량으로 더 작은 전지 셀로 재설계할 수 있으며 이전에는 불가능했던 새로운 배터리 구동 제품을 만들 수 있습니다. 국내 과학자들을 고도로 교육하고 해외 인재를 유치하는 우리 정부의 능력이 결실을 보았습니다.
#,sexualassault,성폭행,"대중교통 수단에서 여성이 성폭행을 당했다는 사실이 알려지면서 전국적인 분노가 일고 있습니다. 여성에 대한 폭력 범죄도 범죄지만, 아무도 말라는 사람 없이 공개적으로 강간을 저지를 수 있다는 것은 경악스러운 사회 고발입니다. 유권자들은 정부가 여성 대상 성범죄와 성 불평등 문제를 해결해 줄 것을 요구하고 있습니다."
#,shareipocancelled,주식 상장 취소,한 유명 회사가 주식 시장 상장을 취소하고 IPO를 연기하기로 했습니다. 공개 주식 상장을 앞둔 기업이 문제에 봉착하는 것은 우려스러운 트랜드가 아닐 수 없습니다. 이전에는 성장주를 놓칠세라 공격적으로 자본을 투자하던 투자자들은 이제 아직 이익을 내지 못한 기업이 과대 평가되는 것에 의문을 제기하고 있습니다. 글로벌 경제 성장에 대한 우려가 이들 기업의 수익성 전망에 타격을 줍니다.
#,shareiposuccess,주식 상장 성공,우리나라의 최신 기술 성공 사례로 이름을 알린 스타트업 기업이 국내 증권 거래소에 상장되었습니다. 거래 첫날 치솟는 주가를 본 투자자들은 전통 시장을 파괴한 이 새 기업의 주식을 앞다투어 사려 합니다. 이는 우리 인력의 기술적 전문성 수준과 건전한 상거래 환경을 잘 보여줍니다.
#,socialmedia,소셜 미디어의 배반,소셜 미디어 플랫폼을 통해 수백만 명 국민의 개인 데이터를 기만적으로 수집한 데이터 분석 회사에 대한 조사가 진행 중입니다. 재미있는 퀴즈를 풀고 있다고 생각했던 사용자들은 지난 선거에서 개인 프로필을 수집 당하고 타겟 광고의 영향을 받았습니다.
#,socialstupidity,소셜 바보짓,"세탁 세제 한 봉지 먹기... 어린아이들이 사탕같이 생긴 비누 팩을 모르고 삼키는 일이 종종 있긴 하지만, 십 대들 사이에서 독성 세제를 씹어보라고 서로 도전하는 위험한 행동이 바이럴 매체를 통해 퍼지고 있어 우려됩니다. 우리 청소년들이 그토록 무책임하게 행동한다는 것은 국가적으로 망신스러운 일입니다. 교육에 자원을 다시 집중해야 합니다."
#,spousescandal,배우자 스캔들,당신의 배우자가 해외 쇼핑을 하기 위해 전용기를 타고 이동한 것으로 보고되었습니다. 정부의 지도자로서 이렇듯 세간의 이목을 끄는 권력 남용은 유권자들의 질타를 받을 것입니다.
#,statevisitcancelled,국빈 방문 취소,외국 정상이 우리나라 공식 방문을 취소했습니다. 그들은 취소의 이유로 지역 불안정과 보안 문제를 들었습니다. 이런 외교적 결례는 당신을 나약하게 보이게 하고 우리 정부의 질서 유지 능력에 의문을 제기합니다.
#,stickingupfortheenvironment,환경 보호 접착제 시위,한 환경 시위자가 공항 보안을 위반하고 접착제로 비행기에 자신의 몸을 접착하는 시위를 벌였습니다. 비행기가 이륙하지 못하게 되어 수도 공항에서 대규모 혼란이 발생했습니다.
#,stormdestroysrailway,폭풍이 파괴한 철도,"거센 폭풍우로 철도의 주요 구간이 파괴되었습니다. 우리나라의 환경 방어 능력은 핵심 기반 시설을 보호하기에 충분하지 않았으며, 망신스러운 정부의 투자 부족과 감독 부족을 조명합니다."
#,terrorattack,테러 공격,일련의 조직적인 테러 공격이 발생한 우리나라의 수도는 전쟁터를 방불케 합니다. 테러범들은 자살 폭탄 테러로 시민들을 놀라게 해 저격수의 십자포화 속으로 도망하도록 유인했습니다. 수백 명의 무고한 시민이 사망했으며 테러와의 전쟁을 위해 전국에 비상사태를 선포하는 것 외에는 선택의 여지가 없었습니다. 시민 자유는 유권자의 안전이 보장될 때까지 중단되었습니다.
#,terroristleaderkilled,테러리스트 사망,"대중교통 수단에서 여성이 성폭행을 당했다는 사실이 알려지면서 전국적인 분노가 일고 있습니다. 여성에 대한 폭력 범죄도 범죄지만, 아무도 말라는 사람 없이 공개적으로 강간을 저지를 수 있다는 것은 경악을 금치 못할 사회 고발입니다. 유권자들은 정부가 여성 대상 성 범죄와 성 불평등 문제를 해결해 줄 것을 요구하고 있습니다."
#,tinderbox,불쏘시개,"작년에 강풍 탓에 전력선이 끊어졌으며, 이는 역대 최악으로 기록된 산불의 원인이 되었습니다. 폭풍이 예보되면서 발전소는 또 다른 지옥불 재해을 막기 위해 정전을 계획했습니다."
#,touristkilledinanimalattack,야생동물 공격 관광객 사망,관광객 한 명이 야생동물의 공격을 받아 숨졌습니다. 우리나라에서는 수많은 관광객이 야생동물에 가까이 접근할 수 있기에 모든 사고를 예방하는 것은 불가능한데 이런 뉴스가 관광산업에 피해를 줄 수 있습니다.
#,touristmurdered,관광객 강도 살인,관광객이 강도에게 살해당했습니다. 이 이야기는 국제 언론에 널리 보도되어 우리나라의 사회 문제를 조명했습니다. 우리나라의 높은 범죄율 탓에 수익성 높은 우리 관광산업이 타격을 입었습니다.
#,tradedispute,무역 분쟁,"세계 최대의 경제를 가진 두 나라 간에 주요 무역 전쟁이 발발했으며 슬프게도 우리나라는 고래 싸움에 낀 격입니다. 이 관세 전쟁은 대부분 정치적 목적을 위한 것이지만, 우리 수출에 영향을 미치고 수입 식품 가격을 인상시킬 것입니다."
#,undermined,덤핑 피해,우리나라 주요 추출 산업의 상품 가격이 경쟁국의 덤핑으로 인해 폭락하고 있습니다. 이 거대 경쟁자는 자국 기업에 쏟아붓는 생산보조금 지출을 견딜 만큼 많은 자본준비금을 보유하고 있습니다.
#,unitednationssecretary_general,유엔 사무총장,우리나라의 저명한 외교관 한 명이 유엔 사무총장으로 임명되었습니다. 그는 이 강력한 세계 조직의 대변인이자 리더가 되어 세계의 중재자 역할을 할 것입니다.
#,women_smarch,여성 행진,"성 불평등에 항의하는 여성들이 인파를 이루며 수도를 행진했습니다. 우리나라에서 여성은 과소 대표되고, 과소 평가되며, 낮은 임금을 받고 있습니다. 유권자의 절반을 차지하는 여성이 정치적 행동에 선동된다면 위험한 인구통계학적 지지 세력이 될 것입니다."
#,worldheritagesite,세계유산,"한 국제기구가 우리나라의 명소에 세계유산 지위를 수여했습니다. 이 상은 인류의 이익에 중요한 문화적, 역사적, 과학적 가치가 있는 장소에 부여됩니다. 이 특별한 명소는 이제 국제 조약에 의해 법적으로 보호되며, 전 세계가 경이로운 우리 명소를 방문함에 따라 관광 산업이 크게 증가할 것으로 기대합니다."
#,xenophobicattacks,외국인 혐오 공격,이민자들이 일자리를 빼앗는 것에 항의하면서 폭도들이 외국인 상점 주인을 공격했습니다. 외국인들은 시위대를 피해 예배당과 경찰서로 몰렸습니다. 치솟는 실업률로 사회 전반에 분노가 팽배해 이민자에 대한 외국인 혐오는 계속될 것입니다.
#,youngbutnotsodumb,"어리지만, 어리석지는 않다","학생들이 정부의 공약 파기에 항의하며 시위를 벌입니다. 당신은 모든 연령층을 아우르는 평등과 사회 정의를 공약으로 내세워 선거 캠페인을 벌였지만, 청소년들을 달래는 데 실패했습니다."
#,CreditRatingDowngraded,신용등급 강등!,"주요 국제 신용 기관이 우리 정부의 부채 건전성을 하향 조정했습니다. 이로써 외국 기업이 우리 경제에 대한 투자를 꺼리게 되고, GDP에 영향을 미치며, 지급해야 하는 부채의 이자율도 상승하게 됩니다. 국내 자본주의 유권자들의 지탄을 받을 것입니다. 가능한 한 빨리 부채 수준을 줄여 신용 평가 기관의 신뢰를 회복하는 조치를 취해야 합니다. 현재 신용 등급은 '<CREDITRATING>'입니다."
#,CreditRatingUpgraded,신용등급 상향!,주요 국제 신용 기관이 우리 정부의 신용등급을 올렸습니다. 반가운 소식이 아닐 수 없습니다! 우리 부채에 대한 이자율이 낮아질 것이고 외국 투자자의 높은 신뢰를 받아 GDP를 부양할 수 있습니다.국내 자본주의 유권자들이 기뻐할 것입니다. 현재 신용 등급은 '<CREDITRATING>'입니다.
#,FailedCapitalistAssassination,암살 시도 실패! ,오늘 비밀경호국 요원들이 고도로 조직된 암살 시도로부터 당신을 구했습니다. 당신이 학교 개교식에 참석해 선생들과 환담하기로 한 곳에서 불과 200피트 떨어진 곳에서 고성능 저격용 총으로 무장한 단독범이 체포되었습니다. 암살자는 '바텐부르크 그룹'으로 알려진 거대 산업주의자들의 조직에 고용되었다는 것을 자백했습니다. 당신이 죽고 당신의 정부가 퇴출되기를 바라는 많은 극단주의 자본주의자들이 있는 듯합니다. 조심하세요.
#,FailedConservativeAssassination,암살 시도 실패!,"보수 세력의 분파인 '전통가치연대'의 극단주의 세력이 정부 수반인 당신을 제거하려는 행동에 나선 듯합니다. 이 급진파 조직은 '도덕적 성전'으로 밝혀졌으며, 오늘 실패한 암살 기도는 이들의 마지막이 시도가 아닐 것입니다. 보수주의자들이 이런 행동에 나섰다는 것은 당신이 이들의 엄청난 원성을 샀다는 증거입니다."
#,FailedEthnicAssassination,암살 시도 실패!,"무장한 극단주의자들이 당신의 목숨을 노리고 있다는 소식을 들은 당신은 오늘 아침 공포에 휩싸였습니다. '블랙 파워 그룹' 소속임을 자칭하는 무장 반정부 시위대가 오늘 아침 정부 청사에 발포해 창문이 깨지고 일부 직원이 부상을 입었지만, 다행히 인명 피해는 없었습니다. 이 단체는 정부가 인종차별을 하고 있다고 비난하며, 오늘 자신들의 의거가 이 나라 소수민족의 분노를 대변한다고 말했습니다. 미래에 이러한 공격이 또 일어날 가능성을 경계해야 합니다."
#,FailedFarmersAssassination,암살 시도 실패!,"오늘 오전 10시 21분에 장전된 산탄총을 들고 언론 브리핑에 잠입하려던 한 남성을 보안 요원들이 체포했습니다. 농업에 관한 정부 정책에 맞서고자 결성된 극단주의 단체인 '농민 동맹' 출신으로 보입니다. 보안 당국은 이 조직을 오랫동안 지켜봐 왔으며, 정부 정책이 바뀌지 않는 한 이와 같은 공격이 더 잦아질 것임은 분명합니다. 이번에는 운이 좋았습니다."
#,FailedGreenAssassination,암살 시도!,녹색 여단'으로 알려진 환경주의 테러리스트 그룹이 당신의 목숨을 노린 시도가 실패했습니다. 우리 정보당국의 요원들이 제시간에 이들을 잡아낼 수 있었던 것은 천운이었습니다. 그런 천운이 반복된다는 보장이 없으니 보안 조치를 검토하는 것이 좋습니다. 이들은 소수의 과격 환경 테러리스트 단체입니다. 그러나 우리가 계속 환경 운동 세력의 공분을 살수록 이 같은 공격이 잦아질 수 있다는 걸 알고 있어야 합니다.
#,FailedLiberalAssassination,암살 시도 실패!,급하게 건물 밖으로 피신시킨 점 양해해 주십시오. 그 폭발은 '자유 동맹'으로 알려진 극단 자유주의자 그룹이 자행한 암살 시도였습니다. 이들은 당신을 산산조각내 날려버리려 할 정도로 자유주의 사안에 관한 당신 정부의 조치에 분노하고 있는 듯합니다. 다행히도 우리 보안 당국이 폭탄을 제때에 발견했습니다. 다음에도 이런 운이 따른다는 보장은 없습니다.
#,FailedPatrioticAssassination,암살 시도 실패!,오늘 아침 회의 중 들으신 총성은 훈련이 아니라 '참된 길'이라고 자칭하는 중무장 테러리스트 그룹이 당신을 암살하려 한 실제 시도였습니다. 초 애국주의 준군사 조직으로 보이는 이들은 최근 정부에 대해 점점 더 공격적인 비판을 가해오고 있습니다. 오늘 우리 보안 당국은 이들이 더 가까이 접근하는 것을 막을 수 있었습니다. 다음에도 이런 운이 따른다는 보장은 없습니다.
#,FailedReligiousAssassination,암살 시도 실패!,"오늘 비밀경호국이 밥값을 했습니다. 당신과 내각에 대한 공격을 계획한 종교 광신자로 보이는 이들을 체포한 것입니다. 보안 당국이 입수한 정보에 따라, 폭발물과 소형 무기를 가득 실은 승합차가 경찰의 철두철미한 검문으로 제지 되었습니다. 현 정부를 제거하기로 마음먹은 다수의 종교적 극단주의자들이 있는 것 같습니다. 자기들의 조직을 '신의 군대'라고 자칭하고 있습니다."
#,FailedSocialistAssassination,암살 시도 실패!,"오늘 낮 우리 비밀경호국 요원들이 당신을 암살할 계획을 세우고 정부 청사에 모인 것으로 보이는 다섯 명의 무장한 남성을 체포했습니다. 아직 이들을 심문 중이긴 하지만, 이들이 '사회주의 군대'라는 극좌파 운동 세력의 일원이라는 것만은 확실합니다. 우리 경호국의 용감한 요원들이 아니었다면 각하께서는 지금쯤 영안실에 계실 겁니다."
#,GainNewDonor,새로운 주요 기부자 유치!,모금 활동을 열심히 한 덕에 당신의 향후 선거 운동에 큰돈을 기부할 부자를 새로 유치했습니다. 이 기부자의 환심을 사고 그가 지지하고 있는 단체들에 신경을 써주십시오. 기부자의 기분을 거스르면 중요한 재정 지원을 잃게 될 수 있습니다.
#,LoseDonor,주요 기부자가 당 지지 철회,우리 주요 재정 후원자들의 의견을 제대로 살피지 않으신 것 같군요. 부유한 기부자 한 명이 방금 우리 당에 대한 지지를 끊었습니다. 대체할 기부자를 찾을 수 없게 되면... 그리고 그런 기부자를 계속 유지하지 못하면... 우리가 효과적으로 선거 운동을 벌이는 데 영향이 있을 수 있습니다.
#,_MinisterialResignation,장관 사임,자신이 맡은 역할을 할 만큼 했다고 느낀 장관 한 명이 '가족과 더 많은 시간을 보내기 위해' 사임했습니다. 가능한 한 빨리 그를 대체할 적임자를 찾아야 합니다.
#,socialmediascandal,소셜 미디어 스캔들,"수사 결과, 인기 있는 소셜 미디어를 운영하는 주요 기술 기업이 사용자의 개인 정보를 남용한 충격적인 사실이 밝혀졌습니다. 적절한 개인 정보 보호와 법 집행이 부족함을 틈타 그 기술 기업은 막대한 양의 개인 정보를 자유롭게 수집해 최고 입찰자에게 팔아넘겨 왔습니다. 24시간 인터넷에 연결된 요즘 생활 방식의 위험을 보여주는 본보기가 아닐 수 없습니다. 당연히 프라이버시 보호 운동가들은 이런 일이 일어나도록 방치한 당신을 지탄하고 있습니다."
#,tsunami,쓰나미,"엄청나게 파괴적인 쓰나미가 우리 해안선을 강타했습니다. 이러한 상황에 대비하고는 있지만, 모든 인명과 재산 피해를 예방하는 것은 불가능합니다. 해안 도시들과 어업이 입은 피해가 심각하며 우리 경제에 큰 타격을 줄 것입니다."
#,earthquake,지진,"지진이 우리나라를 강타했습니다. 다행히 인명 피해는 적지만, 사업체들이 피해를 복구하고 재건하는 데는 시간이 걸리므로 우리 경제에 눈에 띄는 영향을 미칠 것입니다."
#,falklands,아르헨티나가 깃발을 꽂다,포클랜드 제도의 소유권을 둘러싼 오랜 분쟁이 다시 불붙었습니다. 아르헨티나는 이 섬을 ‘이슬라스 말비나스'라고 부르며 자국 영토라고 주장합니다. 아르헨티나 군인들이 상륙하여 깃발을 꽂고 TV에서 간단한 연설을 한 후 철수했습니다. 그러나 이는 아르헨티나가 두 번째 침공을 시도할 때 우리가 이 섬을 방어할 수 없을 것으로 짐작한다는 우려스러운 신호입니다.,,,,
#,russianships,러시아 함선 접근,점점 더 노골적으로 우리를 위협하고 우리 방어선을 시험하려는 듯 러시아 해군 함정과 비행기가 우리 국경에 매우 가까이 접근합니다. 황급히 우리 방어를 정비해야 하는 상황이 되었습니다. 이는 현재 우리의 군사적 억제력이 크지 않다는 것을 보여줍니다.,,,,
#,heatwave,폭염,"지구 기온이 오르면서 점점 더 날씨가 극단적이 되었으며, 현재 우리는 산불과 다수의 사망을 초래한 위험한 무더위를 겪고 있습니다. 우리나라는 이처럼 극단적인 날씨에 대처하는 데 미숙하며 경제적 타격이 느껴지기 시작했습니다."
#,blacklivesmatter,블랙 라이브스 매터,경찰이 흑인을 죽게 한 세간의 큰 이목을 끈 사건 후 인종 간 불평등에 대한 분노의 물결이 전국을 휩쓸었습니다.
