#,AdultEducationSubsidies,성인 평생교육 보조금,성인 평생교육 보조금은 나라의 노동인력을 재교육하고 배움을 이어가도록 장려하는 한 방법입니다. 이런 보조금에는 저녁반 수업과 거리 학습 자원이 포함됩니다. 이러한 프로그램들은 노동인력의 전반적인 교육 수준을 높이는 데 도움이 됩니다.
#,AgricultureSubsidies,농업 보조금,"전략적 이유에서 몇몇 정부는 국가의 식량 안보를 보장하고자 농가에 기꺼이 보조금을 지급합니다. 자유시장 경제에 어긋나는 조치이며 큰 비용이 들 수도 있지만, 농촌의 일자리와 농촌 유권자의 표를 보전하는 방법입니다."
#,AirlineTax,항공유세,항공사가 쓰는 연료는 일반적으로 과세 대상이 아닙니다. 항공유세를 지지하는 사람들은 이러한 과세 면제가 환경을 오염시키는 운송 수단에 부당한 보조금을 지급하는 것이나 마찬가지라고 주장합니다. 한편 항공사는 항공유에 세금을 부과하면 외국 공항에서 급유하라는 소리가 되어 국내 경제에 보탬이 될 자금을 국외에서 소비하게 장려할 뿐이라고 지적합니다.
#,AlcoholLaw,알코올 법,과도한 알코올 섭취는 건강 문제를 일으키며 심지어 때 이른 사망으로 이어질 수 있다는 충분한 증거가 있습니다. 그러나 일부 국민은 개인이 음료를 선택할 권리를 저해하는 국가의 법 제정에 반대합니다. 정부가 알코올에 세금을 매겨 많은 돈을 벌 수 있다는 이해 상충도 있습니다.
#,AlcoholTax,알코올 세,"의학적으로 알코올 소비가 국민의 건강에 악영향을 미치며 사회적 와해와도 연관 있기에 소비 억제를 위해 알코올에 세금을 부과할 근거가 정부 측에 있기는 합니다. 다른 한편으로는, 사회적으로 음주를 즐기는 사람들은 위선적인 세금을 신설해 조세 수익을 거두려는 정부의 핑계로 봅니다."
#,ArmedPolice,무장 경찰,무장한 경찰관은 범죄를 억제하고 질서를 유지하는 효과적인 전략이 될 수 있습니다. 반대자들은 이것이 '범죄와의 군비 경쟁'을 일으켜 범죄자들의 총기 사용하도록 조장할 것이라고 주장합니다. 비평가들은 또한 경찰 무장은 법을 준수하는 시민과 경찰 간의 거리를 멀어지게 할 뿐이라고 우려힙니다.
#,BanSundayShopping,주일 쇼핑 금지,기독교에서는 일반적으로 '안식일'을 ‘휴식의 날'로 인식하며 많은 종교인이 주일에는 쇼핑하지 말아야 한다고 믿습니다. 몇몇 노동조합도 휴일을 강제하게 되면 조합원이 고용주에게 착취당하는 것을 막을 수 있다고 생각합니다.
#,BiofuelSubsidies,바이오 연료 보조금,바이오 연료는 옥수수에서 추출한 에탄올을 석유 화학 연료와 혼합함으로써 석유 수요를 줄일 수 있습니다. 이 아이디어는 일반적으로 환경운동가들에게 인기가 있습니다. 바이오 연료를 만들 옥수수를 생산해 돈을 버는 농부도 이득을 얻습니다. 에탄올이 더 많이 혼합된 바이오 연료는 세금 감면을 통한 정부의 보조를 받을 수 있습니다.
#,BorderControls,국경 통제,국경에서의 세관 검사 따위가 없는 당신의 나라는 대규모 불법 이민 문제로 골치를 앓고 있습니다. 이 이민자들이 범죄를 일으키고 자국민에게서 일자리를 빼앗는다고 주장하는 사람들이 있습니다. 국경 통제는 불법 이민을 줄이는 데 효과적일 수 있습니다.
#,BusLanes,버스 전용차선,"버스(또는 택시, 오토바이)만 사용할 수 있도록 도로에 전용차선을 두는 것은 교통의 흐름을 원활하게 하고 혼잡을 피할 수 있는 한 가지 방법입니다. 또한, 대중교통편 운행 시간을 단축함으로써 사용을 장려합니다. 이러한 시스템을 도입하는 데 드는 비용은 꽤 크며, 교통 혼잡이 심할 때 버스 차선만 비어 있는 것을 보면 운전자들이 짜증을 내게 될 수 있습니다."
#,BusSubsidies,버스 보조금,교통 혼잡과 오염은 대중이 자가용차 대신 버스를 이용하도록 장려함으로써 감소될 수 있습니다. 물론 비용이 많이 들 수 있습니다. 그리고 일부 운전자는 자신이 이용하지 않는 교통 시스템이 정부의 보조를 받는다는 사실에 불만을 품을 수 있습니다.
#,CarbonTax,탄소세,"탄소세는 기후 변화의 주요 원인으로 여겨지는 이산화탄소의 모든 배출에 부과되는 세금입니다. 이 세금은 사실상 공해세이며, 개인과 기업이 자신들이 기여하는 기후 변화 피해에 대해 보상금 조로 내는 세금이며 탄소 배출 감소를 장려하기 위한 방법입니다. 이 세금은 환경운동가들에게 인기 있으며, 또한 더 에너지 효율적인 경제로 이어질 수 있습니다."
#,CarEmmissionsLimits,자동차 배출가스 제한,"배출가스에 대해 법적 제한을 정해 놓으면 도시 등에서 대기 오염을 줄이는 데 도움이 되긴 하지만, 관료주의와 세금의 부담을 강요하는 것으로 여겨져 운전자에게는 인기가 없습니다."
#,CarTax,자동차세,"모든 자동차의 소유권을 과세하는 것은 사람들이 대체 교통수단을 사용하게 설득하는 한 방법입니다. 그러나 이러한 시스템은 자동차 소유에 들어가는 고정 비용을 증가시키고, 이왕 비싼 세금을 냈으니 자동차를 더 많이 사용하도록 장려하는 일이 될 수 있습니다. 또한 이것이 자동차가 필수인 시골 지역사회의 가난한 사람들에게 부당하게 부과되는 세금이라는 주장도 있습니다."
#,CCTVCameras,CCTV 카메라,CCTV 카메라는 범죄자를 잡는 데 큰 도움이 되며 범죄를 억제합니다. 설치에 비용이 매우 많이 들며 정부에게 끊임없이 감시당하는 기분을 느끼고 싶지 않은 사람들은 시민권 침해를 우려합니다.
#,ChildBenefit,자녀 혜택,"자녀 양육하는 비용을 지원하기 위해 정부가 직접 부모에게 지급하는 고정 보조금입니다. 당연히 부모들에게 인기가 있고, 이를 세금을 통한 부의 재분배로 보는 가난한 사람들에게 인기 있습니다. 반면 자본주의자들은 불필요한 수준의 정부 간섭이라며 반대합니다."
#,ChildcareProvision,국가 보육 보조금,"국가 보육 보조금을 제공함으로써 더 많은 부모가 자녀를 낳은 후 일터로 돌아갈 수 있도록 보장하고, 결국 이것이 경제에도 도움이 됩니다. 비용이 많이 들며 시장을 왜곡하는 조치지만, 부모들에게 인기가 있습니다."
#,CitizenshipTests,시민권 시험,"시민권 시험은 우리나라로 이주하는 사람들이 우리의 문화와 역사를 확실히 이해하고 있다는 것을 보장하는 방법입니다. 이는 이민자들의 문화 충돌 기회를 줄이고, 동화를 장려하며, 애국 성향 국민에게 이민을 두려워할 필요가 없음을 안심시키는 방침입니다."
#,CleanEnergySubsidies,클린 에너지 보조금,"재생 가능 에너지가 아직은 다소 비효율적일 수 있으나 화석 연료 없는 미래 우리나라를 위해 지금 전략적으로 많은 투자를 해야 한다는 주장이 있습니다. 당연히 환경운동가들을 기쁘게 할 정책이지만, 자본주의자들은 이를 에너지 시장의 왜곡으로 보고 달갑지 않게 여깁니다."
#,CleanFuelSubsidy,클린 연료 보조금,자동차의 환경적 영향을 줄이려는 노력의 하나로 초 저유황 연료 등 청정 연료에 대한 보조금입니다. 보조금은 촉매 변환기를 구식 차량에 장착하는 비용을 절감하고 주유소에서 오염이 적은 연료를 선택하도록 하는 인센티브를 제공할 수 있습니다.
#,CommunityPolicing,커뮤니티 폴리싱,"지역사회를 통제하려고 시도하기보다는 협력하는 것이 좋습니다. 커뮤니티 폴리싱은 경찰이 현지 지역사회, 특히 소수민족 거주 지역의 요구를 더 잘 이해하도록 장려합니다. 비평가들은 범죄를 줄이는 더 직접적인 방법에 쓸 수 있는 큰돈을 허비하는 것으로 봅니다."
#,ConsumerRights,소비자 권리,"적어도 소비자가 완전히 바가지 쓰는 일은 없다는 것을 국가가 보장합니다. 그러나 반대편 입장에서 볼 때, 이 가혹한 법안은 소비자에게 혜택을 주는 대신 사업자에게 부담을 지웁니다. 기업은 종종 소비자와의 거래를 규제하는 법이 너무 많다고 불평합니다."
#,CorporationTax,법인세,"사업 수익에 대한 직접적이고 비례적인 세금입니다. 어떤 이들은 이것이 유일한 형태의 과세여야 한다고 주장하고, 다른 이들은 그러한 세금이 기업가 정신을 억누르고 창업을 주저하게 한다고 주장합니다. 이는 종종 정부가 돈을 끌어들이는 주요 방법의 하나입니다."
#,Creationism,교육의 세속화,"아이들에게 과학을 가르치느냐 종교를 가르치느냐로 격렬한 논쟁이 벌어졌고, 과학자들과 자유주의자들은 과학적 증거에 기초의 진화론을 과학 수업에서 당연히 가르쳐야 한다고 생각합니다. 일부 종교 단체들은 진화나 '다윈주의'를 사실로 가르치는 것은 잘못이라고 생각하며, 진화론을 검증되지 않은 이론으로 취급하거나 창조론을 대안 이론으로 가르쳐야 한다고 생각합니다. 정부는 우리나라 학원에서 무엇을 가르칠지 결정해야 합니다."
#,Curfews,통행금지령,"국가 비상사태 상황에서 짧은 기간 동안 도입됩니다. 개인의 자유를 침해하긴 하지만, 범죄에 대처하는 효과적인 방법이 될 수 있습니다. 그러나 준법 시민들이 밤에 집 밖에 나갈 자유를 제한하는 것은 국가가 심각한 권위주의로 나아가고 있다는 징조일 수 있습니다."
#,DeathPenalty,사형 제도,사형은 심각한 범죄에 대한 궁극적인 처벌입니다. 반대자들은 엉뚱한 사람을 사형에 처할 가능성을 우려하고 있으며 야만적인 국가들만이 유지하고 있는 형벌이라고 말합니다. 지지자들은 죄인이 범행을 다시 저지르지 않게 확실히 보장하는 제도이며 심각한 범죄 발생을 방지하는 역할을 한다고 지적합니다.
#,DetentionWithoutTrial,재판 없는 구금,"재판 없는 구금을 통해 경찰과 치안 당국은 유죄 판결하기에 충분한 증거가 없거나 민감한 증거를 밝힐 수 없을 때도 용의자를 구금 할 수 있습니다. 테러 방지라는 명분으로 정당화될 수 있지만, 자유주의자들은 인권의 침해를 우려하고 있습니다."
#,DisabilityBenefit,장애 혜택,"일을 할 수 없거나 근로 활동에 도움이 필요하다는 사실을 인정해 주에서 장애인에게 직접 지급하는 돈입니다. 또한, 많은 장애인은 이동이나 주거에 있어 특수한 필요 사항이 있습니다."
#,FaithSchoolSubsidies,종교학교 보조금,종교학교들은 높은 학업 기준을 달성할 수 있습니다. 지지자들은 효과적임이 입증된 교육 방법에 정부가 보조금을 지급하는 것이 당연하다고 주장합니다. 비평가들은 종교가 교육에 결부되어선 안 되며 정부가 아이들에게 특정 종교를 강요하는 것으로 비칠 수 있다고 말합니다.
#,ForeignAid,해외 원조,"몇몇 외국은 빈약한 경제, 낮은 교육의 질, 식량 부족 문제에 시달리고 있으며 우리나라같이 상대적으로 부유한 국가는 그들을 도울 도의적 책임이 있다고 할지 모릅니다. 다른 사람들은 우리나라의 첫 번째 우선순위는 자국민이라며, 외국을 돕고 싶은 사람은 자선단체를 통해 개인적으로 도우면 된다고 말합니다."
#,FreeBusPasses,버스 무료 이용권,"전통적으로 은퇴할만한 나이의 시민에게 무료 버스 이용이 제공됩니다. 비용이 많이 들 수 있지만, 자동차 사용을 줄이고 오염과 혼잡을 줄일 좋은 방법입니다. 그러나 일각에서는 이러한 시장의 왜곡에 반대하는 사람들도 있습니다."
#,FreeEyeTests,무료 눈 검사,눈 검사는 시력이 나쁜 사람들이 일찍 문제를 발견하고 안경을 맞춰 쓰도록 합니다. 개별적으로 눈 검사를 하는 것은 비용이 많이 들 수 있으며 많은 사람에게 사치입니다. 사회주의자들은 무료 눈 검사를 제공하는 것이 모두를 위한 건강 '안전망'을 제공함에 있어 필수라고 생각합니다.
#,FreeSchoolMeals,무료 학교 급식,"무료 학교 급식은 자녀를 제대로 먹이기 어려운 사람들을 배려함으로써 부를 재분배하는 방법일 뿐만 아니라, 아이들이 정크푸드에 중독되지 않고 건강한 식습관을 길러주는 방법이기도 합니다."
#,Gambling,도박,"어떤 이들은 도박을 가난과 재앙으로 이끄는 죄악이라 여기지만, 다른 이들은 일부 '사교성' 도박은 무해한 놀이일 뿐이라고 믿으며 정부가 과세를 통해 추가 세수를 얻을 수 있는 방법이라고 믿습니다. 또한, 관광을 장려하고 일자리를 창출합니다."
#,GatedCommunities,게이티드 커뮤니티,"심각한 강력 범죄와 기물 파손에 대한 과감한 해결책으로 부상하고 있는 게이티드 커뮤니티는 기본적으로 자치경찰 주거 지역입니다. 부유한 사람들에게 인기 있는 주거 형태지만, 상대적으로 부유한 사람들만이 그 안에 살 수 있으므로 계급 분열과 불평등의 문제가 제기됩니다. 그 탓에 종종 정부는 이런 커뮤니티의 건설을 허가하기를 꺼립니다."
#,GraduateTax,졸업세,"대학세는 대학을 졸업하는 사람들에게만 부과되는 세금으로, 대학 교육에 들어가는 국가 비용의 부담을 일정 부분 개인에게 지우는 방법입니다. 지지자들은 모든 이가 대학 교육의 혜택을 누릴 수 있는 것은 아니므로 이것이 공평하다고 말합니다. 반대자들은 이것이 학문과 예술을 배우고자 하는 인센티브를 깎아내리며 사람들의 야망을 처벌하는 꼴이 된다고 말합니다."
#,HandgunLaws,총기법,일부 국가는 총기 소유권을 거의 무제한 허용하고 다른 나라는 반대로 그것을 엄격하게 제어합니다. 어떤 사람들은 자신을 방어할 기본권을 주장하며 다른 사람들은 총기 소유권이 총기 범죄로 이어진다고 우려합니다.
#,HybridCarsInitiative,하이브리드 자동차 이니셔티브,"상대적으로 느린 하이브리드 자동차는 이산화탄소를 배출하지 않는 전기 엔진을 사용하기에 환경을 덜 해집니다. 또한, 연료 효율이 높아 석유 수요를 줄입니다. 단점은 매우 비싸다는 것이지만, 세금 인센티브로 더 많은 사람이 새로 자동차를 살 때 하이브리드 모델을 구입하도록 장려할 수 있습니다."
#,IDCards,신분증,"신분증이 테러와 기타 심각한 범죄를 억지한다고 말하는 사람이 있지만, 진보주의자들은 시민에게 그 자리에서 신분을 밝히라고 요구하는 건 개인의 시민권을 침해하는 행위라고 말할 것입니다."
#,ImportTarrifs,수입관세 ,국내 기업은 외국의 경쟁업체가 지불하는 낮은 임금과 경쟁할 수 없는 탓에 값싼 수입품에 중독되는 것은 경제에 피해를 줄 수 있습니다. 수입 관세는 그러한 '불공정한' 경쟁에서 국내 제조업체를 보호하는 데 도움이 됩니다. 이것은 사실 자유시장 경제에 반하는 것이고 외국에 불공정한 꼼수로 비칠 수 있으며 무역 보복을 촉발할 수도 있습니다.
#,IncomeTax,소득세,정부가 가장 선호하는 과세 방법의 하나는 노동자가 내야하는 소득세를 고용주에게서 원천 징수하는 것입니다. 소득세는 일반적으로 누진세(돈을 많이 번 사람이 가난한 사람보다 더 높은 세율로 소득세를 납부)이므로 사회주의자들과 저임금 노동자에게 인기가 있습니다.
#,FlatTax,정액 소득세,"정액 소득세는 모든 국민이 총소득에 관계없이 동일한 소득세를 지불하는 세제입니다. 그 결과, 사무실 청소부는 그 회사 CEO와 동일한 세율로 세금을 내게 됩니다. 물론 액수로만 따지면 CEO가 내는 금액이 훨씬 더 크지만, 말입니다. 이렇게 세제가 단순하면 부자들의 조세 회피 욕구를 줄일 수 있습니다. 물론 진보적이지 않은 세제이며 소득 불평등을 악화시킬 수 있습니다."
#,CapitalGainsTax,양도소득세,"양도소득세(CGT)는 주식 시장 이익, 주식 배당금, 부동산이나 기타 자산 매수로 얻은 이익 등 비급여 소득에 부과되는 세금입니다. 주로 부유층과 사업주에게 영향을 미치며, 경제가 호황을 누리고 있다면 더 많은 세금이 걷힐 것입니다. 투자에서 얻은 이익에 세금을 부과하기에 투자를 다소 억제하는 효과가 있고 따라서 경제에 해롭습니다."
#,InheritanceTax,상속세,"개인의 재산을 후손에게 물려줄 때 내는 세금입니다. 상속세는 가족이 세대에 걸쳐 부와 이점을 쌓는 것을 방지함으로써 평등을 보호하므로 사회주의자들과 빈곤층에 인기가 있습니다. 그러나 어떤 사람들은 힘들게 쌓아 올린 부, 특히 집을 자녀에게 물려주는 것을 막는 세금에 강하게 반대하고 있습니다."
#,IntelligenceServices,정보기관,"보안 기관은 조직범죄와 테러와의 싸움에서 필수적인 도구입니다. 질 좋고 신뢰할 수 있는 정보를 얻기는 어렵고 비용이 많이 들며, 그런 정보를 얻는 수단은 대게 진보주의자와 인권 옹호자들에게 인기가 없습니다."
#,InternetCensorship,인터넷 검열,"자유주의자들은 인터넷의 가장 큰 특징이 검열과 통제로부터의 자유이며, 열려있고 관용적인 사회로 나가게 한다고 말할 것입니다. 하지만, 자유에는 대가가 따르며, 범죄 의도를 가진 사람에게 도움이 될 정보 또한 인터넷에 무궁무진합니다. 웹에서 검열해야 할 것과 검열해서는 안 되는 것에 관한 의견이 팽팽하게 대립하고 있습니다."
#,InternetTax,인터넷 세,기존의 전통적인 거리 상권이 인터넷 상거래로 이동할수록 정부는 '경기장을 고르게'하기 위해 인터넷 상거래에 세금을 부과하려는 유혹을 받고 있습니다. 그러나 인터넷 세금을 반대하는 사람들은 그러한 시도가 하이테크 경제를 무력화하고 국가의 경쟁력에 엄청난 해를 끼칠 것이라고 주장합니다.
#,JuryTrial,배심 재판,"판사가 아닌 일반 대중으로 이뤄진 배심원에게 재판받을 권리를 기본적인 인권으로 여기는 자유주의자들이 많습니다. 보수주의자들은 이러한 과정이 비싸고, 시간을 낭비하며, 판사나 치안 판사 조직보다 공정하지 않다고 주장합니다. 심각한 범죄에만 배심원 재판을 적용하고 사소한 재판은 치안 판사가 주재하는 시스템을 두는 것이 가능합니다."
#,LabourLaws,노동법,"노동법은 기본적으로 노동자의 파업 권리를 제한하는 법입니다. 자본가들은 이러한 제한이 발전소 노동자, 경찰관, 기차 운전자 등 필수노동자들이 사회를 인질로 잡는 것을 방지하는 데 필수적이라고 주장합니다. 노조원들은 파업할 권리는 노동자의 기본권이며 협상의 대상이 아니라고 생각합니다."
#,LegalAid,국선변호인,"모든 사람이 법정에서 자신을 방어하기 위해 변호사 고용할 돈을 가진 것은 아닙니다. 이론적으로 시민은 자기 자신을 변호할 수 있지만, 국선변호인을 제공하는 것은 더 공정한 사법 체계로 가는 길입니다. 다른 한편으로는, 범죄 혐의로 기소되었어도 유죄가 입증될 때까지는 무죄임을 생각할 때 사람들에게 큰 정부가 제공하는 큰 보조금 지원입니다."
#,LegaliseProstitution,성매매 합법화,"보수주의자들은 매춘의 합법화는 가족 가치의 심각한 저하로 이어질 것이라고 주장합니다. 다른 이들은 매춘이 사라질 일은 없을 것이니, 불법으로 지정하기보다는 정부가 규제하고 감시하는 것이 사회와 성 노동자 모두에게 낫다는 의견입니다."
#,LuxuryGoodsTax,사치품 소비세,"우리 사회의 특정 고 소비지출자에게 부과하는 세금입니다. 스포츠카, 전용 요트 등 고부가가치 사치품에 추가 세액이 부과됩니다. 결코 막대한 세금 수입원은 아니지만, 사치품에 매기는 세금은 빈부의 격차를 우려하는 사람들에게 인기 있을 수 있습니다. 사치품에 세금을 매기는 것은 고소득자들이 다른 곳에서 살며 일하도록 장려할 수 있습니다."
#,MarriedTaxAllowance,기혼자 세금 우대,결혼해 가정을 이루고 유지하는 부부를 격려하기 위한 세금 감면입니다. 교회 단체들은 국가가 전통적인 가족의 가치를 장려하는 것이 필수적이라고 봅니다. 어떤 사람들은 이것을 종교가 국가의 세금 제도에 쓸데없이 참견하는 것으로 봅니다.
#,MaternityLeave,출산휴가,"어떤 이들은 산모가 출산 휴가를 받고 나중에 직장에 복귀하게끔 보장하는 것이 문명사회에서 바람직한 현상이며, 여성의 노동을 장려하는 제도라고 주장합니다. 일부 중소기업, 특히 직원 수가 적은 고용주는 예측할 수 없고 잠재적으로 심각한 재정 부담을 지게 될 수 있다며 우려하고 있습니다. 오히려 고용주가 여성 고용을 꺼리게끔 하는 제도라는 주장도 있습니다."
#,MicrogenerationGrants,마이크로 발전 지원금,"태양광 패널, 풍력 터빈 등 마이크로 발전 시스템의 설치 비용을 보조하고자 시민에게 제공됩니다. 더 깨끗하고 친환경적인 에너지 활용을 개인적으로 실천하고 싶은 사람들의 욕구를 활용하는 좋은 방법이자 국가의 전반적인 에너지 효율을 증가시킵니다."
#,MilitarySpending,군사 지출,"장비를 제대로 갖춘 현대적인 군대를 보유하는 데는 엄청난 비용이 들며, 많은 이들은 그 돈이 다른 곳에서 더 유용하게 쓰일 수 있다고 생각합니다. 다른 이들(특히 애국주의자들)은 자유와 안보에 가격을 매길 수는 없으며, 우리나라의 사업, 기술, 고용 수치에도 거대한 혜택을 가져다준다고 지적합니다."
#,Monorail,고속철도 보조금,"평범한 속도로 운행하는 표준 철도망이 아니라 21세기에 어울리는 현대적인 첨단 철도 시스템으로서 국가를 연결하고 주요 도시 간의 초고속 여행을 가능하게 합니다. 드는 비용은 크지만, 통근자 편의, 경제, 환경에서의 혜택은 분명합니다."
#,MortgageTaxRelief,주택담보대출 이자소득공제,"이를 통해 사람들이 집을 사기 위해 돈을 빌릴 때 이자 지급액에 대한 세금을 감면받을 수 있습니다. 주택 구매자가 자신의 대출 상환금을 감당할 수 있도록 해주긴 하지만, 집을 살 형편이 아닌 사람들은 주택 구매자만을 위한 세금 감면을 탐탁지 않게 생각할 수 있습니다."
#,Narcotics,마약류,"대마초와 헤로인과 같은 약물을 합법화해야 할까요? 지지자들은 마약 관련 범죄는 암시장에서 약물을 구할 수밖에 없기에 발생하는 것이며, 마약을 합법화하면 범죄를 줄일 수 있다고 제안합니다. 반대자들은 건강 위험을 지적하며 범죄자들에게 굴복하는 것일 뿐이라고 말합니다."
#,NationalService,징병제,"적의 공격으로부터 이 나라를 방어하는 방법의 기초를 익힐 수 있도록 일부 시민에게 군복무 의무를 지우는 것에는 몇 가지 이점이 있습니다. 예를 들어, 정규군을 좀 더 적은 규모로 유지할 수 있다는 이점이 있습니다. 반면에 개인의 의지에 반해 무기를 들고 강제로 싸우게 하는 것에 대한 우려가 있습니다."
#,OrganDonation,장기 기증,"장기 이식이 놀라운 의료 기술이라는 데 동의하지 않는 사람은 없겠지만, 기증자로부터의 풍부한 장기 공급이 필요합니다. 아쉽게도 많은 사람이 그 점을 충분히 고려하지 않습니다. '옵트아웃' 정책이 가장 바람직하다고 보는 사람들이 있습니다. 즉 기증을 안 하겠다고 달리 명시하지 않는 한 기증 의사를 표현했다고 가정하는 것입니다. 다른 이들은 국가가 간섭할 부분이 아니며, 기증자의 명시적인 동의가 있어야 한다고 주장합니다."
#,OrganicSubsidy,유기농업 보조금,"유기농업 지지자들은 인공 향료와 첨가제 없는 식품이 주는 국민 보건상의 이점 때문에 우리 농업에 이 보조금을 지급해야 한다고 말합니다. 당연히 농부와 환경운동가에게는 인기 있는 정책이지만, 어떤 이들은 이를 자유시장에 의미 없는 왜곡을 가하는 것으로 봅니다."
#,PetrolTax,유류세,"유류세는 정부의 엄청난 수입원이 될 수 있으며, 사람들이 운전을 덜 하거나 연료 효율이 높은 자동차를 사용하도록 장려하는 '그린' 정책으로 볼 수 있습니다. 비평가들은 국가가 냉소적으로 운전자에게 지우는 또 하나의 세금 부담이라고 말하며, 일부 사람들은 대안으로 여겨지는 대중교통은 모두가 이용할 수 있는 선택지가 아니라고 불평합니다."
#,PhoneTapping,도청,"법과 질서의 관점에서 볼 때, 도청은 조직범죄와 테러와의 싸움에서 필수적인 무기입니다. 문제는 이러한 시스템이 오용되는 것을 막기 어렵다는 것이고, 도청은 경찰국가로 가는 사악한 조짐이라는 진보주의자들의 날 선 지적을 받고 있습니다."
#,PlasticBagTax,비닐봉지 세,"비닐봉지는 종이와 달리 거의 영영 생분해되지 않으므로 결국 보기 흉한 거대한 매립지에 파묻힙니다. 비닐봉지에 대한 세금을 매기면 덜 사용하게 하는 효과가 있으며, 사람들이 더 튼튼하고 환경친화적인 대체재를 재사용하도록 장려합니다. 자본주의자들은 이것을 국가의 시장 간섭으로 봅니다."
#,PoliceForce,경찰,"모든 정부는 질서를 지키고 법률이 준수되도록 경찰을 운용해야 하지만, 경찰에 얼마나 많은 돈을 지출해야 하는지는 논쟁의 대상입니다. 일부는 골목마다 쫙 깔린 경찰력을 선호하며, 다른 사람들은 좀 더 소극적이고 관용적인 접근 방식을 선호합니다."
#,PollutionControls,공해 통제,"어떤 화학 물질과 배출가스가 대기로 방출될 수 있는지에 대한 제한입니다. 통제는 오염을 줄이고 국민 건강을 향상하지만, 경제적 경쟁력을 저하할 가능성이 있습니다."
#,PrisonerTagging,전자발찌,구금 조치의 대안인 이 첨단 감시 기술은 사람들이 감옥에서 나와 지역사회에 재적응하게 하면서 경찰이 이들을 주시할 수 있게 합니다. 자유주의자들은 이런 시스템은 모든 국민의 움직임을 감시하는 경찰국가를 향한 일보라는 우려를 하고 있습니다.
#,Prisons,감옥,일부 사람들은 범죄를 저지르고 수감된 사람에게는 가장 기본적이고 차가운 감방 환경을 제공하는 것이 마땅하다고 주장합니다. 다른 이들은 더 많은 돈을 지출하면 재소자를 처벌하는 동시에 재활시킬 수 있으며 재범의 가능성을 줄일 수 있다고 제안합니다.
#,PropertyTax,재산세,"재산세는 주택의 가치에 부과되는 세금입니다. 가치 평가는 종종 정부 기관이 하며, 세금 수입은 가로등, 응급 서비스 제공 등 지자체 서비스의 운영 자금을 조달하는 데 사용됩니다. 어떤 사람들은 주로 큰 주택을 소유한 부유층에게 영향을 미치는 공정한 세금으로 보고, 다른 사람들은 큰 집을 가졌지만, 실제 소득이 거의 없는 은퇴자들에게 부과하는 불공평한 세금이라고 봅니다."
#,PublicLibraries,공공 도서관,"공공 도서관은 지역사회의 중심점으로 저소득층 시민에게 정보와 문학을 접할 수 있게 하며, 사람들이 정규 교육 시설 외부에서 새로운 기술을 배울 수 있게 하는 등 다양한 서비스를 제공합니다."
#,RacialProfiling,인종 프로파일링,"인종 프로파일링은 인종적 또는 민족적 구분을 범죄자나 잠재적 범죄자를 식별하는 기준으로 사용하는 관행입니다. 사법 당국은 인종 프로파일링을 사용하면 잠재적인 용의자 목록을 신속하게 축소하고 수사력을 집중시킬 수 있다고 주장하지만, 반대자들은 경찰에 의한 인종 차별로 이어질 것을 우려합니다."
#,RaceDiscriminationAct,인종차별금지법,인종 차별적인 고용 관행과 같이 순전히 인종 구분을 근거로 시민들이 차별을 받는 것을 막습니다.
#,Recycling,재활용,"재활용 지지자들은 매립지에 폐기물을 투기하는 것은 장기적인 해결책이 아니며 정부가 가능한 한 많은 폐기물을 재활용할 시설을 제공함으로써 나아갈 길을 제시해야 한다고 주장합니다. 여기에는 재활용 신문, 골판지, 병, 일부 플라스틱이 포함될 수 있습니다."
#,RoadBuilding,도로 건설,"환경운동가들은 더 많은 도로 건설이 더 심한 혼잡으로 이어진다고 주장하지만, 차량 정체 구간에서 거북이걸음을 하고 있는 운전자들은 그렇게 생각하지 않습니다. 새 도로 건설은 매우 비싸고 매우 느린 과정이지만, 우리 경제가 계속 돌아가게 하는 것이 무엇보다 중요하다는 것이 일부의 의견입니다."
#,RuralDevelopmentGrants,농촌 개발 지원금,"기술이 발전하고 점점 더 많은 국민이 도시의 일자리로 몰림에 따라 시골의 빈곤과 실업률이 용납할 수 없는 수준으로 상승할 위험이 있습니다. 농촌 개발 보조금은 자유시장을 왜곡하지만, 농촌 기업을 지원하고 농민과 기타 농촌 근로자의 빈곤을 방지하기도 합니다."
#,SalesTax,판매세,"판매세는 고전적인 '역진세'이며, 이는 지불할 능력이 있는지 없는지를 고려하지 않는다는 것을 의미합니다. 비평가들은 가난한 자들에게 부담이 상대적으로 크며 불평등을 키운다고 주장합니다. 지지자들은 징수하기가 비교적 쉽고 모든 사람에게 영향을 미치기 때문에 공정하다고 주장합니다. 기업은 이 세금이 안기는 행정적 부담에 반대할 수 있습니다."
#,SateliteRoadPricing,위성안테나 통행료 책정,트랜스폰더를 모든 자동차에 의무적으로 장착해 사람들이 어떤 도로를 어느 시기에 사용하는지 추적하도록 하는 고가의 시스템입니다. 대체 교통수단이 없는 외딴 시골 지역의 운전자들에게 부담을 주지 않으면서 지자체가 자동차 사용에 대한 도로별 가격 책정을 미세 조정함으로써 교통 혼잡을 줄일 수 있습니다.
#,SchoolBuses,통학버스 보조금,통학버스에 대한 국가 보조금은 모든 취학 아동들이 효율적이고 안전한 등하교를 할 수 있도록 하는 동시에 부모 운전 통학 횟수를 줄여 도로 교통량을 줄입니다. 학부모 또한 적절하게 승인된 스쿨버스가 있다는 사실을 반가워합니다.
#,SchoolPrayers,학교 내 기도,자유주의자들은 우리 젊은 국민의 교육이 종교적 가르침과는 완전히 분리되어야 한다고 주장합니다. 그러나 일각에서는 학교 내 기도 시간은 우리 아이들에게 도덕적 가치관을 길러주는 방법이라고 주장합니다.
#,ScienceFunding,과학 보조금,일부 국가에서는 대부분의 연구를 민간 기업이 지원합니다. 국가가 후원하는 과학은 매우 장기적인 연구 프로젝트나 상업적인 보상이 없는 과학 분야에 투자하는 데 유용할 수 있습니다. 국가 부문 연구의 이점은 기업이 특허를 내는 것이 아니라 전체 인구가 자유롭게 사용할 수 있다는 점입니다.
#,SmallBusinessGrants,소규모 기업 보조금,"소규모 기업의 사업 실패율은 매우 높습니다. 초반에 정부의 특혜 보조금을 투입하는 것은 새 기업을 시작하는 데 큰 도움이 될 수 있습니다. 이로 인해 경제에 큰 도움이 될 수 있지만, 좋은 결과를 보장할 수 없는 값비싼 정책일 수도 있습니다."
#,SpaceProgram,항공우주 프로그램,"우주 탐험을 위한 국가적 노력에 투자하세요! 충분한 자금을 지원하는 우주 프로그램은 순전히 과학적 이점뿐만 아니라 경제 전반에 걸쳐 기술 전문성의 수준을 높일 것입니다. 또한, 국민을 단결하게 하고 애국심을 장려할 것입니다."
#,SpeedCameras,과속단속 카메라,"과속단속 카메라는 교통 경찰력 증강에 많은 돈을 투자하지 않고도 도로 속도 제한을 집행할 수 있는 자동화 수단입니다. 지지자들은 이를 통해 도로 교통사고 사망을 줄이고 경찰력을 더 심각한 범죄를 다루는 데 집중할 수 있다고 주장하고, 반대자들은 국가가 냉소적으로 운전자에게 세금 부담을 지우는 꼴이며 안전과는 아무 상관도 없는 조치라고 주장합니다."
#,StateHealthService,국가 보건 의료,"많은 국민이 자신의 건강과 치료를 위한 비용을 기꺼이 지불하지만, 소득과 관계없이 국가가 모든 국민에게 최소한의 의료 서비스를 무료로 제공할 의무가 있다는 주장이 있습니다. 의료 서비스는 비싼 경우가 많으므로 국가가 얼마나 많은 돈을 지출해야 할지가 쟁점입니다."
#,StateHousing,공공 주택,"일부 국민은 자기 집을 소유하는 것을 선호하지만, 주택 구매에는 큰 비용이 들어가기에 인구의 상당 부분이 임대 주택에 살고 있습니다. 시장 가격을 지불할 여력이 없는 사람들에게 할인된 가격으로 공공 주택이 제공됩니다. 큰 자금이 들어가지만, 사회적 이익도 상당합니다."
#,StatePensions,국가 연금,"퇴직 후 고연령층 국민을 자력으로 살아가게 하는 대신, 국가 연금으로 최소한의 생활 수준을 보장할 수 있습니다. 평균 수명이 증가함에 따라 연금 지급 비용이 크게 증가한다는 점에 유의하십시오. 국가가 지급하는 연금 수준에 따라 시민들이 사설 연금 상품에 저축하거나 국가 연금에 의존할 수 있습니다."
#,StateSchools,공립학교,"모두를 위한 무료 교육은 노동 인구가 높은 수준의 문해력을 갖추도록 하며, 특히 숙련된 인력을 필요로 하는 경제에 도움이 될 수 있습니다. 단점은 교육에 막대한 정부 예산이 들 수 있다는 것입니다. 자본주의자들은 이를 정부의 불필요한 시장 개입으로 보고 있습니다."
#,StemCells,줄기세포 연구,줄기세포는 인체에서 발견되는 대부분 세포로 성장할 수 있는 원시적인 유형의 세포입니다. 일부 과학자들은 줄기세포 연구가 당뇨병과 다발성 경화증과 같은 질병 치료에 큰 희망을 시사한다고 주장합니다. 그러나 버려지는 인간 배아에서 줄기세포를 채취하기 때문에 많은 '친생명' 단체와 종교단체에서 반대하고 있습니다.
#,TaxShelters,조세피난처,"슈퍼리치, 혹은 초고액자산가의 부에 세금을 온전히 부과하지 않는 조세 피난처는 성공적인 기업가들이 우리나라에 정착하도록 장려하는 좋은 방법이 될 수 있습니다. 점점 좁아지는 세상에서 부자들은 어디든 원하는 곳에 자유롭게 정착할 수 있습니다. 이들이 우리나라에 살도록 장려하면 우리나라에서 자신의 부를 소비하게 됩니다. 이러한 조치는 훨씬 낮은 소득을 올림에도 세금을 내야 하는 것에 분개하는 가난한 사람들에게 인기가 없을 수 있습니다."
#,TechnologyColleges,기술 대학,"기술 대학은 컴퓨터 문해력, 생명 공학 및 유사한 과목에 초점을 맞춘 '전문학교'입니다. 이 국영 대학들은 미래 노동 인구의 기술 문해력을 장려하고자 중앙 정부로부터 특별 보조금을 받습니다."
#,TechnologyGrants,기술 지원금,"정부는 기업이 새롭고 흥미로운 기술에 투자하도록 장려하고자 국가 보조금을 제공할 수 있습니다. 이것으로 우리나라 산업이 경쟁 우위를 차지하고 일자리를 창출할 수 있지만, 불필요한 시장 왜곡이라고 주장하는 사람도 있습니다."
#,TelecommutingInitiative,재택근무 이니셔티브,"재택근무, 또는 '집에서 일하는 것'은 교통 인프라에 대한 부담을 줄이고 사람들의 삶의 질을 향상시킬 수 있기에 바람직하다고 여겨질 수 있습니다. 부모들에게 환영받기도 합니다. 이 옵션을 지원하는 기업에 정부는 세금 인센티브를 제공합니다."
#,TobaccoTax,담배세,"담배 회사들은 인정하고 있지 않지만, 흡연이 건강에 부정적인 영향을 미친다고 믿을 만한 이유가 있습니다. 담배에 대한 과세를 이것으로 정당화할 수 있습니다. 냉소적인 사람들은 금연을 줄이겠다는 정부가 정작 담배에서 큰 세금 수입을 얻고 있다고 지적합니다. 보건 운동가들은 국민 건강을 장려하는 방법으로 세금을 장려합니다."
#,TollRoads,유료 도로,"유료 도로는 운전자가 특정 도로(일반적으로 주요 고속도로)를 사용할 때 요금을 청구합니다. 이것은 시장 논리를 직접 적용한 좋은 예입니다, 도로의 건설과 유지 보수를 위해 그 경로를 사용하는 사람에게만 비용을 청구하는 것입니다. 운전자는 이것을 또 다른 형태의 과세로 보는 경향이 있지만, 통근자들은 자신들이 거의 사용하지 않는 도로에 대해 세금을 내지 않아도 된다는 것을 좋게 생각합니다."
#,UnemployedBenefit,실업 수당,"실업 수당은 일할 수 있지만, 일자리를 찾을 수 없는 모든 이에게 주어지는 국가 혜택입니다. 사회주의자들은 경제의 변덕스러움 탓에 이것이 노동자들에게 있어야 할 최소한의 안전망이라고 생각합니다. 일부 사람들은 높은 실업 수당이 시장을 왜곡하고 사람들이 일자리를 구하는 것을 방해한다고 믿습니다."
#,UniversityGrants,대학 보조금,"모든 시민이 대학 교육을 갈망하는 것은 아니지만, 정부는 학생들에게 보조금을 제공함으로써 노동 인구의 교육 수준 향상을 장려할 수 있습니다. 대학 교부금은 기회의 평등도 보장하며, 이것이 없다면 대학 교육 비용은 노동 계급 가정이 부담할 수 있는 범위를 넘어설 수 있습니다."
#,WelfareFraudDept,복지 사기 조사국,"정부가 복지 지급에 이토록 많은 돈을 쓴다면 그 돈은 올바른 곳에 쓰여야 하며, 거짓말로 돈을 타내려는 사람들이 악용하지 못하게 해야 합니다. 거짓 청구를 감지하고, 잃어버린 돈을 회수하는 데는 사기를 감시하는 전담 부서가 필요합니다. 합법적인 청구인에게 적대적으로 보일 수 있지만, 중산층 납세자들은 세금이 현명하게 쓰이고 있음에 안심할 것입니다."
#,WinterFuelSubsidy,겨울 연료 보조금,노년층에 주어지는 특별한 복지입니다. 은퇴 연령을 넘긴 모든 사람에게 겨울철 난방 연료 비용으로 지급되는 정기적인 보조금입니다. 사회의 일부 노인층이 겨울철에 집을 난방할 금전적 여유가 없는 이른바 '연료 빈곤'을 줄이고자 설계되었습니다.
#,WorkSafetyLaw,노동 안전법,"안전보건법'으로도 알려진 노동 안전법은 근로자들이 일상 작업 활동에서 부상당할 위험이 없도록 하기 위한 일련의 조치입니다. 노동조합원들은 근로자의 생명을 위협하는 무심한 고용주의 관행에 대해 중요한 방어 조치라며 이 법을 지지합니다. 많은 재계의 리더들은 이러한 법 탓에 발생하는 관료주의적 행정 부담과 제약적인 작업 관행을 우하고 있으며, 이를 국가가 사업체에 지우는 부담으로 생각합니다."
#,YouthClubSubsidies,청소년 클럽 보조금,"무료 청소년 클럽은 청소년의 탈선을 줄이고 그들에게 건전한 '갈 곳'을 줌으로써, 장기적으로는 거리 범죄의 발생을 줄입니다. 일부 부유한 납세자들은 자신들이 낸 세금을 불필요한 비용에 낭비하는 것으로 보고 불만을 품을 수 있습니다."
#,AbortionLaw,낙태법,"낙태에 관한 논쟁처럼 격한 감정을 불러일으키는 정책 분야는 거의 없습니다. '친 생명' 진영은 태어나지 않은 아이의 권리를 주장하며, 이 논점은 종종 종교적 관점에서 제시됩니다. '친 선택' 진영은 여성이 자기 몸에 하는 일에 대해 국가가 가타부타할 수 없다고 주장합니다. 낙태에 관한 국가의 입장을 바꾸려면 엄청난 정치적 자본이 필요합니다."
#,RentControls,임대료 규제,"국영 주택의 대안이며, 국가가 민간 부문 내에서도 모두에게 저렴한 주택 공급을 보장하고자 민간 임대 시장을 규제하는 시스템입니다. 자본주의자들은 이를 충분한 주택이 지어지는 것을 오히려 가로막는 자유시장의 왜곡으로 볼 것이며, 반면에 지지자들은 탐욕스러운 집주인이 가난한 사람을 착취하는 것을 방지할 것이라며 찬성합니다."
#,SchoolVouchers,스쿨 바우처,"모든 사람이 교육을 받을 수 있도록 하면서도 사립 학교의 성장을 장려하기 위해 고안된 조치입니다. 학교 바우처는 각 자녀에 대해 국가가 부모에게 발급하며, 부모는 이 바우처를 자녀를 사립 학교에 보내 교육하는 데 사용할 수 있습니다. 학교 바우처를 통해 학교가 민간 운영되고 교사가 더는 공무원이 아니므로, 완전히 국가가 운영하는 학원 시스템에 대안을 제시하는 접근 방식입니다."
#,OilDrillingSubsidy,석유 시추 보조금,"새로운 석유, 가스 시추 투자를 장려하고 국가의 화석 연료 에너지 공급을 높이고자 고안된 세금 감면으로 결국 화석 연료에 지급되는 국가 보조금입니다. 간접적으로 연료 가격을 내리고 경제 성장을 자극하지만, 환경주의자들의 원성을 살 것입니다."
#,MansionTax,저택세,"초고가 주택의 소유권에 매년 부과되는 특별히 높은 세율의 세금입니다. 집은 쉽게 숨길 수 없기에 세금을 피하는 것이 거의 불가능해 일부 사람들에게 인기가 있습니다. 비싼 집을 가지고 있지만, 상대적으로 소득이 낮아 연간 세금을 지불하는 데 어려움을 겪는 일부 노년층 국민은 이를 부당한 세금으로 인식합니다. 소득세와 반대되는 일종의 자산세입니다."
#,FuelEfficiency,연료 효율성 표준,"연료 효율성의 최소 수준을 국가가 지시하는, 신차에 적용되는 필수 표준입니다. 이것은 국내 자동차의 연료 효율을 높이고, 따라서 석유 의존도를 감소시켜 장기적으로 운전 비용을 줄이려는 정부 조치입니다. 자동차 제조 업체는 이를 달가워하지 않지만, 환경주의자들에게 인기 있습니다."
#,ForeignInvestorTaxBreaks,외국인 투자 세금 우대,"외국인 소유의 대규모 다국적 기업에 주어지는 특별 세금 감면은 이들이 우리나라에 투자하도록 장려합니다. 여기에는 면세 기간, 초기 법인세율 인하, 투자를 장려하는 직접 보조금이 포함될 수 있습니다. 외국인 투자를 장려하는 데 도움이 되지만, 매우 비애국적이며 거대한 외국 자본가 조직의 변덕에 방종하는 것으로 보일 것입니다."
#,RoboticsResearch,로봇 연구 지원금,"로봇 공학 연구를 장려하기 위한 특별 보조금입니다. 로봇 공학은 궁극적으로 생산성을 크게 향상해 장기적으로 큰 이익을 가져올 연구 분야이긴 하지만, 동시에 저 숙련 또는 반숙련 일자리의 양을 줄여 잠재적으로 더 높은 실업률을 초래할 것입니다."
#,PrivatePrisons,사설 교도소,"국가가 교도소를 직접 통제하고 관리하는 것이 아니라 사기업이 교도소를 소유, 관리하고 국가가 그 비용을 지불하게 하는 정책입니다. 사설 교도소는 비용을 낮추고 효율성을 높일 수 있습니다. 이러한 조치는 노조원들에게 인기가 없을 것입니다. 자유주의자들은 감금을 통해 이익을 추구한다는 윤리상의 문제를 지적하겠지만, 재소자들의 재활을 촉진할 만큼 큰 예산을 책정한다면 찬성할 것입니다."
#,JunkFoodTax,정크푸드 세,"배달 음식, 탄산음료, 당분과 지방 함량이 높은 식품 등 건강에 해로운 식품에 부과되는 징벌적 세율입니다. 국민 건강을 개선한다는 명목으로 부과하지만, 인기가 없을 수 있습니다."
#,HealthFoodSubsidies,건강식품 보조금,과일과 채소 등 건강한 식품의 가격을 당분과 지방 함량이 높은 식품의 가격보다 저렴하게 만들려는 세금 인센티브입니다. 나쁜 식습관에 대한 벌이 아니라 좋은 식습관을 갖도록 하는 인센티브로 여겨지므로 '비만세'와 비교할 때 가난한 사람들에게 덜 징벌적입니다.
#,Tasers,테이저,"범죄자에게 치명적이지 않은 감전 충격을 주어 제압하는 매우 효과적인 무기이지만, 자칫 위험할 수도 있습니다. 지지자들은 폭력적인 범죄자를 제압해야 할 필요성과 전통적인 총기 관련 사망 위험 사이에서 좋은 타협점이라고 말합니다. 반대자들은 이러한 무기는 경찰의 자제심을 낮춰 국민에 대한 경찰의 무심한 무력 사용을 더욱 조장할 것이라고 주장합니다."
#,PoliceDrones,경찰 드론,"경찰이 사용할 수 있는 원격 조종 비행기 같은 무인 항공 정찰 차량입니다. '하늘의 눈'은 폭도와 폭동을 추적하는 유용한 방법이며 눈에 띄지 않으면서 효과적인 감시를 가능하게 합니다. 경찰은 이를 현대 범죄 퇴치의 중요한 도구로 보고 있지만, 모두를 감시하는 ‘빅 브라더’ 스타일의 경찰 사회를 향해 한 걸음 더 나아가는 조치라는 우려가 있습니다."
#,ArtsSubsidies,예술 보조금,"예술에 공적 자금을 투자하는 것을 경제와 상관없는 엘리트주의 오락을 지원하는 것으로 보는 자본주의자들이 있지만, 다른 이는 이를 문화적으로 매우 중요하며 세계 무대에서 우리나라의 이미지를 높이고 관광객을 유치하는 조치로 봅니다."
#,HealthcareVouchers,의료 바우처,"민간 의료의 성장을 장려하는 조치로서 모든 사람이 의료 서비스를 이용할 수 있도록 합니다. 의료 바우처는 국가가 모든 사람에게 발급하지만, 민간 부문 의료 서비스에만 사용할 수 있습니다. 의료 바우처를 사용하면 병원이 사설로 운영되고 의료진이 더는 공무원이 아니므로 완전히 국가가 운영하는 의료 서비스에 대한 대안적 접근 방식입니다."
#,HealthTaxCredits,의료 세액 공제,"사람들이 사설 의료 서비스에 돈을 쓰도록 장려하고자 고안된 세금 감면 및 공제 시스템입니다. 이것은 국가가 병원을 직접 운영하거나 의사를 고용하는 일 없이 의료를 향상하지만, 애초에 세금을 낼 만큼 충분히 버는 사회 계층이어야 그 혜택을 얻을 수 있습니다."
#,SchoolTaxCredits,학원 세액 공제,"사람들이 사교육에 돈을 쓰도록 장려하고자 고안된 세금 감면 및 공제 시스템입니다. 이것은 국가가 학교를 직접 운영하거나 교사를 고용하는 일 없이 사교육을 향상하지만, 애초에 세금을 낼 만큼 충분히 버는 사회 계층이어야 그 혜택을 얻을 수 있습니다."
#,FoodStamps,푸드 스탬프,푸드 스탬프는 정부가 소득이 낮거나 없는 시민에게 바우처 또는 '스탬프'를 발행하여 식량을 조달할 수 있도록 하는 시스템입니다. 현금 혜택을 제공하는 것과 달리 푸드 스탬프는 조리되지 않은 식품에만 사용할 수 있어 건강에 해로운 배달 음식에 사용되는 것을 방지합니다. 지지자들은 푸드 스탬프를 소득에 상관없이 굶주리는 이가 없게 하는 가치 있는 정책이라고 생각합니다. 비평가들은 이러한 계획이 자유시장의 실패와 낮은 임금 탓으로 빚어진 빈부 격차를 달래는 적선 행위에 불과하다고 생각합니다.
#,FoodStandards,식품 표준 기관,"식품 표준 기관은 국내에서 공급되는 식품의 안전과 최소 영양 표준을 보장하는 일을 하는 정부 부서입니다. 농민들은 이 기관을 관료주의와 국가 간섭으로 여길 수 있지만, 공중 보건 운동가들은 이 기관을 소비자와 비용 절감을 모색하는 파렴치한 식품 생산자 사이의 필수적인 방어선으로 보고 있습니다."
#,EnterpriseInvestmentScheme,기업 투자 계획,기업 투자 계획(EIS)은 이 나라에 본사를 둔 소규모 스타트업 기업에 투자하는 부유한 개인에게 세금 감면을 제공하는 시스템입니다. 이 제도는 기업에 대한 투자를 장려해 궁극적으로 경제를 성장시키고 활성화하는 동시에 투자하는 사람들에게 인기 있는 세금 감면 혜택을 제공합니다. 그러나 어떻게 보면 이 계획은 투자할 만큼 저축해 놓은 돈이 없는 사람들의 세금으로 조성된 보조금입니다.
#,RecreationalDrugsTax,오락용 약물세,알코올이나 담배 세금과 마찬가지로 대마초와 환각제 등 약물을 합법화한 국가에서는 이러한 약물이 국민 건강에 나쁘니 소비를 자제하도록 조심스럽게 권장한다는 원래의 명목과는 달리 정부의 수익원으로 취급하려는 유혹이 있습니다.
#,HumanCloningResearchGrants,인간 복제 연구 지원금,"줄기세포 연구는 단지 첫걸음일 뿐입니다. 인간 복제가 코앞에 다가왔고 우리나라는 이 획기적인 발전의 최전선에 설 수 있습니다. 종교계는 분노하지만, 부유한 예비 부모들은 자신을 복제하는 꿈이 실현되기를 희망합니다."
#,DroneStrikeAct,드론 공격령,"글로벌 테러는 우리나라를 위협합니다. 외국에 대한 드론 공격은 테러 조직이 잠재력을 최대한 발휘하는 것을 방지하는 안전한 방법입니다. 애국주의자들은 테러 지도자에 대한 정밀 타격을 요구하고 있으며, 진보주의자들은 이를 비윤리적이라고 생각합니다."
#,ElectricCarsInitiative,전기자동차 이니셔티브,전기자동차에 대한 표준화된 전국 충전 시스템 도입이 차량 판매 증가로 이어지고 있습니다. 전기자동차 구매를 장려하면 석유에 대한 우리나라의 의존도가 줄어듭니다. 환경운동가들은 이산화탄소를 방출하지 않는 모든 자동차를 좋게 생각합니다.
#,ClimateChangeAdaptionFund,기후 변화 적응 기금,"지구 온난화는 자연재해의 빈도와 심각도 증가로 이어졌습니다. 기후 변화 적응 기금은 댐에서부터 기상 위성, 재조림, 저수에 이르기까지 대규모 프로젝트에 자금을 조달합니다. 비쌀 수 있지만, 환경주의자와 농민이 요구합니다."
#,OneChildPolicy,한 자녀 정책,"한 자녀 정책은 인구과잉과 관련한 경제, 사회 문제를 막고자 하는 인구 통제 조치입니다. 이는 빈곤을 감소시키고 출산율을 안정시킵니다. 부모들과 종교인들은 법 제정에 반대합니다."
#,MarsProgram,화성 프로그램,"흥미 위주의 언론 매체들은 새로운 우주 시대에 관해 오랫동안 이야기해 왔습니다. 별들을 향해 날아오를 시대가 왔습니다! 이웃한 행성인 화성에서부터 시작하는 건 당연하겠죠? 화성 프로그램은 새로운 기술 혁신을 촉진하고, 국민을 단결시키고, 애국주의자들에게 자긍심을 줍니다."
#,AntibioticsBan,항생제 금지,"목장주와 농부들은 매일 소량의 항생제를 투여하면 대부분 동물의 체중이 는다는 것을 몇십 년 전 발견한 이래로 가축에게 항생제를 투여해 왔습니다. 식용 동물에의 약물 사용이 약물에 내성이 있는 박테리아의 증가로 직결된다는 결정적인 증거가 아직 발견되지는 않았지만, 그러한 연관성을 제시하는 최근의 여러 연구가 있어 많은 과학자들이 우려하고 있습니다. 항생제를 금지하면 육류 생산량이 줄어들지만, 소비자의 안전은 보장됩니다."
#,MandatoryMicrochipImplant,마이크로 칩 이식 의무화,"여권은 위조할 수 있으며 지문도 위조할 수 있습니다. 피부 아래에 마이크로 칩을 이식하면 우리나라의 모든 개인을 기술적으로 인식할 수 있습니다. 일단 구현되면, 사법 당국은 누가 어디 있는지 정확하게 추적할 수 있을 것입니다. 자유주의자들은 국가의 절대적인 감시 가능성에 분노하고 있습니다."
#,RareEarthRefinement,희토류 채굴,"국가의 산업과 첨단 기술 제조업이 수입에 덜 의존하도록 하고자 희토류 금속 채굴과 관련한 국가 계획을 지원합니다. 추출 과정은 환경에 좋지 않지만, 우리의 기술 발전은 희토류 금속에 달려 있습니다. 환경운동가들은 분노하고 있습니다."
#,DriverlessCarLaws,무인자동차법,무인 자동차 기술이 호황을 누리고 있습니다. 제조업체들은 무인 자동차를 공공도로에서 사용하도록 정부가 인가해주길 바랍니다.
#,SyntheticMeatResearchGrants,인공육 연구 지원금,"과다 농업, 가뭄, 인구 증가 탓에 육류 가격이 상승합니다. 인공육 생산으로 대중이 소비할 고기를 저렴하게 만들 수 있습니다. 농부들은 식품 생산이 땅에서 실험실로 이동하는 것을 반대합니다."
#,InternetCurrencyTaxation,암호화폐세,점점 더 많은 상거래가 암호 화폐로 처리되고 있습니다. 탈세 비용을 충당하고 새로운 통화를 재정 시스템에 연결하려면 법 제정과 과세가 필요합니다. 인터넷 통화세는 암호 화폐 거래하는 모든 사람의 수입을 줄이며 이들은 주로 자영업자와 중소기업인입니다.
#,VerticalFarmSubsidies,수직농업 보조금,"농지가 점점 희귀해지고 있지만, 건축과 농업 분야에서의 최근 발명 덕에 도시에서 수직 농업을 실현할 수 있습니다. 수직 농장에서의 식량 생산은 더 많은 자원을 필요로 하지만, 감소된 운송 비용이 그 문제를 완화합니다."
#,GreenElectronicsInitiative,그린 전자 이니셔티브,그린 전자 이니셔티브의 목표는 전자 폐기물을 줄이는 것입니다. 클린 채굴에서부터 업사이클링 프로젝트에 이르기까지 다양한 조치를 통해 디지털 세상을 더 깨끗한 곳으로 만들어가야 합니다.
#,InternationalFusionResearchProject,국제 핵융합 연구 프로젝트,"상업적으로 실행 가능한 핵융합 발전소 건설을 목표로, 국제 핵융합 연구와 엔지니어링 프로젝트에 참여합니다. 핵융합은 핵분열보다 안전하고 효율적입니다. 이 연구는 비용이 많이 들지만, 기술 개발과 에너지 효율성에 기여할 것입니다. 환경운동가들은 전통적으로 원자력을 경계합니다."
#,LimitAutomatedTrading,자동화된 거래 제한,자동화된 주식 시장 거래 소프트웨어는 시장의 미세한 움직임과 단기 패턴을 이용하는 탓에 변동성과 불안정성을 높입니다. 자동 거래의 능력을 제한함으로써 주식 시장 붕괴를 예방할 수 있습니다. 자동화된 거래로 가장 큰 이익을 얻는 이들은 자본주의자들과 부자들입니다.
#,AutomationTax,자동화세,기술의 혁신은 훌륭한 발명품들로 이어졌습니다. 산업 자동화에는 일자리 손실로 따른다는 어두운 면이 있습니다. 일자리가 적으면 소득세 수익이 줄어듭니다. 국가 소득의 손실을 만회하기 위해 경제부처는 가장 선진 기업이 지불해야 하는 자동화 세금을 고안했습니다.
#,GovernmentSubsidiesForUnions,노조 국가 보조금,"노동조합은 국가에 중요한 서비스를 제공하며, 모든 산업과 작업장에서 노동조합을 격려하고 지원하는 것은 국민의 집단적 이익을 위한 것입니다. 따라서 정부는 과세를 통해 노조에 활동 자금을 제공해야 합니다."
#,SecretCourts,비밀 법원,현대의 테러리즘과 범죄에 맞서기 위해 때로는 대중에게 숨겨야 할 것들이 있습니다. 이를 위해 정부는 비밀 법원을 설치해 통제함으로써 정부 관리들이 법을 위반하지 않도록 합니다. 우리 보안 당국이 사용하는 방법들이 공개 법정에서 폭로된다면 우리는 테러리즘을 비롯한 심각한 범죄와 효과적으로 싸울 수 없습니다.
#,GeneralMediaCensorship,일반 매체 검열,"대중의 공분이 민주주의의 안녕에 비생산적일 때가 있습니다. 일반 언론 검열을 활성화하면 헛소문과 추측이 통제 불능 상태가 되는 것을 막을 수 있으며, 국민의 권리를 제한하긴 하지만, 사회 내 폭력과 공포를 줄이므로 충분히 가치 있습니다. 반사회적 극단주의자들이 언론 매체를 자유롭게 사용해 불안을 조성하는 것을 방관해서는 안 됩니다."
#,TortureUsageBySecretServices,보안 당국의 고문 사용,"테러리스트는 맞서기 까다로운 상대이며 일부 공격을 방지하기 위해 때로는 특수한 조치를 단행해야 합니다. 이러한 정책에 의해 얼마나 많은 범죄와 테러를 줄일 수 있는지는 100% 명확하지 않지만, 보안 서비스의 뒷면에 묶여 있는 한 손으로 그런 적을 싸우지 않는 것이 분명합니까? 불에는 불로 맞서야 합니다."
#,CapCEOPayMultiplier,CEO 급여 지급계수 제한,"대기업 CEO가 힘든 직책이라는 데는 이의가 없지만, 현재 경영진의 급여 수준은 통제 불능이며 저임금 근로자들 사이에서 큰 분노를 불러일으키고 있습니다. CEO 급여에 대해 상한선을 두는 것은 정의롭고 공정한 사회에서 전적으로 합리적인 조치입니다."
#,BanSecondHomeOwnership,다주택 보유 금지,사람이 한 번에 한 장소에만 있을 수 있다는 것이 물리학의 법칙입니다. 그렇다면 왜 사람들은 집 2채를 소유할 필요를 느끼는 걸까요? 이 정책은 2채 이상의 주택 소유를 불법으로 규정해 정부가 빈 주택을 압수함으로써 사회적 평등을 크게 높이고 더 많은 이들에게 좋은 주택을 제공할 수 있습니다.
#,Banprivateeducation,사교육 금지,학교 아이들이 올바른 것을 배우고 이상한 사상에 영향을 받지 않도록 하려면 모든 사립 학교를 금지하는 것이 올바른 조치일 수 있습니다.. 이제 소위 엘리트 학교가 더는 존재하지 않기에 모든 계층과 소득 수준의 어린이가 함께 어울려 배우고 훌륭한 사람이 될 동일한 기회를 가지게 되어 평등을 강화합니다.
#,Banprivatehealthcare,사설 의료 금지,"왜 어떤 이는 더 좋거나 실험적인 건강 관리를 누리고 다른 이는 편찮은 몸으로 버티며 살아야 합니까? 개인 의료를 금지하면 아무도 특별한 치료를 받지 못하게 되고, 모든 이가 건강 회복에 필요한 치료를 받게 됩니다. 사람의 은행 잔고에 따라 건강이 결정되어서는 안 됩니다."
#,Tradeunionbansatcompanies,노조 제한,"기업은 현대 사회에서 많은 도전에 직면해 있습니다. 노동조합은 종종 자기들의 요구 사항과 필요를 촉구해 기업의 문제를 가중시키므로 이런 조직을 금지하면 경영진이 회사의 경쟁력을 높이고 수익을 극대화하는 데 집중할 수 있게 됩니다. 물론 노동자 개인은 여전히 권리를 가지고 있으며, 낭비적인 기관의 도움 없이도 자기 권리를 찾을 수 있습니다."
#,Compulsoryworkfortheunemployed,실업자 노동 의무화,"실업 수당을 받는 모든 사람들은 이제 매주 약간의 일을 해야 하며, 그렇지 않으면 수당이 삭감될 위험에 처하게 됩니다. 여기에는 공공 미화, 쓰레기 수거 등 일자리를 위협하지 않는 기타 작업이 포함됩니다. 목표는 이 주요 인력을 활용하고 일상적인 근로 습관을 심어주어 곧 취업할 수 있게 하는 것입니다. 일하지 않고 국가에 기대 살기 바라는 사람이 있어서는 안 됩니다."
#,Punitivewealthtax,징벌적 재산세,"부 자체가 잘못된 것은 아니지만, 우리 사회의 불평등이 너무 심해 소득이 가장 높은 사람들이 사회를 건강하게 유지하는 데 드는 비용을 부담하게 하려면 어떤 조치를 취해야 합니다. 극도로 높은 소득을 올린 경우 그 소득의 대부분을 나라가 가져가도록 세율을 설정하는 것은 전적으로 합리적입니다. 그 돈은 소득이 낮은 사람들에게 훨씬 더 가치가 있기 때문입니다."
#,Publictaxreturns,세금 신고서 공개,불행히도 우리 사회의 일부 부유한 사람들은 불법적인 탈세 방법으로 세금을 피하려고 합니다. 세금 신고서를 공개함으로써 이제 누가 세법의 허점을 사용하거나 시스템을 남용하고 있는지 확인할 수 있습니다. 이 전체 공개는 부자들의 사회 지원을 장려할 뿐만 아니라 탈세를 줄이고 모든 이가 자기 소득을 정당화하도록 할 것입니다.
#,Compulsorylanguagelessons,의무 언어 수업,"취업 시장에서 채용 기회를 늘리거나 외국 사람들과 소통하기 위해 외국어 배우는 것을 도무지 귀찮아하는 사람들이 있습니다. 필수 언어 수업을 통해 국민은 외부 세계에 대처하고, 외국인 방문객에 대한 태도를 개선하고, 외국 기업과 더 잘 거래할 수 있게 되며 다른 문화에 대한 더 큰 이해를 얻을 수 있습니다."
#,Banforeignchurchservice,외국인 종교 봉사 활동 금지,"오해는 비극으로 이어질 수 있으며, 과거에 종교적 갈등보다 더 큰 문제와 죽음을 초래한 것은 없습니다. 더 이상의 문제를 방지하는 가장 쉬운 방법은 외국 교회 활동을 전면 금지하고 더 이상의 오해와 불안을 피하는 것입니다."
#,Diversityquotasforcompanies,기업 채용 다양성 할당,다양성을 중요시하는 회사가 행복하고 건강한 회사입니다. 기업의 다양성 할당량을 활성화하면 기업이 동일한 자격을 갖춘 다양한 민족적 배경의 사람들을 더 많이 고용하여 인종적 긴장을 완화하고 회사를 동등한 기회의 장소로 만들 수 있습니다.
#,Newcarsubsidies,신차 보조금,"신차는 비싸지만, 환경에 부담을 덜 끼치고 오래된 자동차와 중고차는 저렴하지만, 더 많은 오염을 유발할 수 있습니다. 신차 보조금을 사용하면 운전자들은 더 안전한 신차를 구매해서 좋고, 환경을 보호하는 데도 도움이 될 것입니다. 새 자동차 냄새를 싫어하는 사람이 누가 있을까요?"
#,Flagsoneverystreetcorner,거리마다 국기 게양,"애국심을 높이고 국민의 소속감을 유도하기 위해, 모든 거리에서 우리나라의 깃발을 휘날리는 것은 우리 국가적 자부심에 도움이 될 것입니다. 햄버거 광고보다는 훨씬 좋아 보이지 않나요?"
#,Nationalanthematstartofnews,뉴스 시작 시 애국가,"뉴스의 화려한 타이틀 영상이 멋지게 보일 수 있지만, 요점을 놓치지 맙시다. 이들 뉴스는 우리나라 사람들을 위한 것입니다. 우리는 그 사실을 분명히 하고, 뉴스가 시작될 때 애국가를 연주함으로써 애국심과 자부심을 강조해야 합니다."
#,Nationalanthemsinschool,학교 내 애국가,"요즘 젊은이들은 소속감을 잃었습니다. 애국가와 함께 학교에서 하루를 시작하면 국가적인 자긍심과 규율을 강화하는 데 도움이 됩니다. 학생들이 달가워하지 않을 수도 있지만, 결국은 그들에게도 좋은 일입니다."
#,Compulsorychurchattendance,의무적 교회 출석,"삶에 중요한 것이 무언지, 어떻게 살아야 하는지에 귀 기울이지 않는다면 어떻게 구원받을 수 있나요? 교회 출석을 의무화하면 많은 영혼을 구원할 수 있고 우리 국민 대다수가 더 나은 삶을 살게 될 것입니다. 옳은 길을 믿지 않는 사람들에게는 안 된 일이지요."
#,Forcepoliticalmilitaryreligiousoath,공무원·군인 종교 선서 의무화,"우리 공무원과 군대가 공개적으로 선서하는 선서에 종교적인 내용을 추가하면 대중은 더 큰 명예와 안정을 느끼게 될 것이며, 우리가 하는 일이 옳은 일이라는 느낌을 가질 겁니다. 우리에게는 의로움이 함께하니 잘못될 리가 없습니다."
#,Publicreligiousbroadcasts,공공 종교 방송,신앙과 이성의 목소리를 사람들이 들을 수 있어야 어떤 영향이든 줄 수 있습니다. 공익 종교 방송을 추가하면 현대 대중 매체의 모든 나쁜 영향을 상쇄하고 사람들이 다시 옳은 일을 소중히 여기도록 하는 데 큰 역할을 할 것입니다.
#,Bandivorce,이혼 금지,"성스러운 결혼 제도는 죽음 이외의 것으로 단절될 수 없습니다. 요즘 사람들은 하찮은 이유로 이혼하는데, 남편과 아내가 시련에 맞서며 강해지지 않으면 온 가족과 우리 아이들의 복지가 위험에 놓입니다. 이혼을 금지하면 결혼의 참된 의미를 되살릴 수 있을 것입니다."
#,Banhomosexuality,동성애 금지,"많은 종교 경전에 따르면, 동성애는 죄악입니다. 동성애를 금지하면 많은 죄인들이 자신의 삶을 돌이켜 하나님이 의도하신 자연의 질서를 따르도록 설득할 수 있습니다."
#,Banlowmpgcars,저연비 자동차 금지,"휘발유 가격이 지속적으로 상승하고 자연을 오염시키는 가운데, 많은 연료를 소비하는 자동차를 금지하는 것은 환경을 보호하고 연료 과소비를 줄이는 올바른 단계일 것입니다. 덩치 큰 SUV는 멋지긴 하겠지만, 너무 비싸고 낭비가 심하므로 거리에 다니지 못하게 해야 합니다. 환경에 좋은 것은 사회에도 좋은 것입니다."
#,Mandatorymicrogeneration,마이크로 발전 의무화,요즘 우리 삶에서 가장 큰 비용 요소 중 하나는 전기와 난방입니다. 마이크로 발전을 의무화함으로써 모든 국민이 주거 상황과 거주 지역에 따라 태양열이나 풍력 발전을 사용해 자신이 사용하는 전력 일부를 생성하게 해야 합니다. 이산화탄소 배출량을 낮추기 위한 큰 걸음입니다.
#,Punitivetaxonsuperstores,대형 상점에 대한 징벌적 세금,"대형 상점은 시민에게 편리할지는 모르지만, 많은 부정적인 영향을 미치며, 지역 상권에 보탬이 되기보다 자동차를 이용한 쇼핑을 장려하고, 대기업이 소규모 가족 소유 상점을 밀어내고 상권을 지배하는 사회를 장려하고 있습니다. 이들이 우리 사회에 끼치는 해를 반영해 세금을 부과해야 합니다."
#,Limitorbancarsincities,도시 자동차 제한 또는 금지,"자동차는 특히 대도시 대기 오염의 주요 원인입니다. 혼잡 요금을 추가하거나 도시 내 자동차 운행을 아예 금지하면 도시 대기 오염에 맞서는 데 크게 도움이 될 것이며 대중교통의 사용을 증가시킬 것입니다. 자동차를 완전히 금지하는 것은 다소 극단적으로 보일 수 있지만, 모두가 독성 물질을 들이마시는 것보다야 낫습니다."
#,Closeairportscompletely,공항 전면 폐쇄,"오염과 싸우기 위한 극단적인 조치로서 모든 공항을 폐쇄하면 무역, 대외 관계, 관광에 심각한 영향을 미치겠지만, 오염이 훨씬 줄어들고 다른 교통수단의 사용률이 증가할 것입니다. 환경 문제가 심각한 요즘, 우리는 우리나라 항공 여객 산업이 낳는 환경 피해를 눈감아 주어서는 안 됩니다. 필사적인 상황이니만큼 필사적인 대책이 요구됩니다."
#,HealthyEatingCampaign,건강한 식생활 캠페인,"요리 쇼, 광고, 신문과 기타 매체의 특집 기사를 통해 국민에게 어떤 음식을 먹어야 할지, 음식이 몸에 끼치는 해로운 영향이 무엇인지, 음식을 제대로 조리하는 방법 등을 알려야 합니다. 이는 비만을 감소시키고 국민의 전반적인 건강을 도모합니다."
#,CyclingCampaign,자전거 타기 캠페인,"이 캠페인은 우리 도시에서 자전거가 가지는 많은 장점을 조명합니다. 교통 혼잡을 쉽게 피할 수 있고, 연료 비용을 절약하게 되고, 불필요한 오염을 예방하는 등 자전거는 많은 사람에게 여러 이점을 제공하지만, 홍보가 미비한 현실입니다."
#,CarPoolingCampaign,카풀 캠페인,사람들이 자원을 더 잘 활용하도록 단합시키려면 어느 정도 격려가 필요합니다. 카풀이 좋은 본보기입니다. 이 캠페인을 통해 사람들은 교통 혼잡을 줄여주는 카풀이 얼마나 재미있고 도움이 되는지 깨닫게 할 것입니다. 여전히 교통 혼잡 때문에 서행하게 되더라도 대화할 동무가 생기게 됩니다.
#,KeepTheCountryTidyCampaign,깨끗한 나라 만들기 캠페인,"사람들이 쓰레기 무단 투기에 죄책감을 느끼게 하고자 고안된 대중 매체 캠페인입니다. 쓰레기 무단 투기에 벌금을 얼마나 매기든 적발하지 못하면 효과가 없습니다. 하지만, 혼자 있을 때도 양심에 찔리게 된다면 장기적으로 훨씬 더 효과적입니다."
#,TourismAdCampaign,관광 광고 캠페인,"관광은 많은 국민과 기업의 수입원일 뿐만 아니라 외교 관계도 강화합니다. 이 캠페인은 외국에서 진행되며, 가장 아름다운 장소, 가 볼 수 있는 주요 명소, 만나 볼 수 있는 멋진 사람들, 맛있는 맥주를 보여주고 박물관과 행사 무료입장권 몇 장을 제공하는 등 더 많은 관광객을 유치하고자 하는 노력입니다."
#,AlcoholAwarenessCampaign,알코올 인식 캠페인,"술은 적당히 마셔도 위험할 수 있습니다. 이 캠페인은 사고와 중독으로 망가진 인간관계에서부터 질병과 죽음에 이르기까지 알코올 남용이 불러올 수 있는 모든 문제를 보여줄 것입니다. 썩 기분 좋은 주제는 아니지만, 지금 기분이 좀 상하더라도 음주를 자제하는 것이 나중에 큰 고통을 겪는 것보다 낫습니다."
#,BusinessStartupCampaign,창업 캠페인,"사람들은 저마다 훌륭한 아이디어를 가지고 있지만, 정작 그런 아이디어를 가지고 소규모 창업의 발걸음을 내딛는 사람은 많지 않습니다. 이 캠페인은 이런 사람들을 도와, 무엇을 해야 하는지, 어디로 가야 하는지, 어떤 허가를 받아야 하는지 알려줍니다. 이는 큰 도움이 되며 자영업자들이 좋아할 것입니다."
#,YouthPoliticsCouncil,청년정치협의회,"어떤 민주주의 국가에서든 정치가 어떻게 작동하고 그것을 통해 무엇을 성취할 수 있는지를 우리 아이들에게 가르치는 것은 무엇보다도 중요합니다. 청년정치협의회를 설립함으로써 청소년들이 시정과 지자체 차원의 정치를 직접 체험하게 하고, 변화를 가져오며, 미래의 지도자들을 유치할 수 있게 됩니다."
#,NationalArmedForcesWeek,국군의 날,"호국의 영웅들을 인정하는 것은 필수입니다. 국군 주간을 지정함으로써, 나라를 지키는 군인들의 헌신을 기념하고, 감사를 전하며, 우리의 안녕을 위해 위험을 무릅쓰는 용감한 남녀 군인들의 모습을 대중에게 보여줄 수 있습니다."
#,FreeParentingClasses,무료 육아 수업,"갓난아이를 키우는 초보 부모는 큰 부담감과 피곤함에 시달리곤 합니다. 이러한 무료 수업을 도입하면 부모들이 육아 상황에 대응하는 방법, 아기를 양육하고 동시에 정상적인 삶을 사는 방법을 배울 수 있습니다. 아기가 덜 울게 할 수는 없지만, 부모가 스트레스에 더 잘 대응하고 상황을 더 잘 인식하게 할 것입니다. 또한, 같은 상황 처한 다른 부모들과 교류할 수 있습니다."
#,NationalBusinessCouncil,전국 비즈니스 협의회,"사업적인 이해관계에 관해 강력한 목소리를 내는 전국 비즈니스 협의회를 설립함으로써 경제적 인식을 고취하고 크고 작은 사업체의 요구가 고려되도록 합니다. 협의회는 자본주의와 기업 활동을 촉진하고, 기업이 사회에 제공할 수 있는 많은 것들, 고용과 번영 창출의 메시지를 전달하는 역할을 합니다."
#,SocialJusticeFoundation,사회정의 재단,"이 정책은 국내 가난하고 소외된 사람들의 걱정거리와 문제를 다루는 토대를 마련할 것입니다. 그들이 가진 걱정의 일부를 해소함으로써 더 강한 사회적 소속감을 제공합니다. 그들의 삶을 직접적으로 개선할 수는 없지만, 적어도 더 나은 미래에 대한 희망을 가지게 하며, 희망은 매우 중요합니다."
#,SmartMeterProgram,스마트 미터기 프로그램,"스마트 미터기를 집에 설치하면 돈도 절약하고 환경도 보전할 수 있습니다. 모든 사람을 설득하는 데는 시간이 걸릴 것이고 기적 같은 효과가 나타나지도 않을 테지만, 장기적으로 많은 에너지를 절약할 수 있고 우리 아이들이 살아갈 자연을 보호하는 데 도움이 됩니다."
#,NeedleExchangeProgram,주삿바늘 교환 프로그램,"약물 중독 자체만으로도 나쁘지만, 더럽거나 병균에 감염된 바늘의 사용은 마약 중독자에게 추가 위험입니다. 주삿바늘 교환 프로그램은 중독자가 멸균된 주삿바늘을 사용할 수 있게 도우며, 동시에 이들이 중독에서 벗어나 다시 정상적인 삶을 살아가도록 도움을 줄 수 있습니다. 보수주의자들은 이것이 약물 중독을 조장하는 일이라고 생각할지 모르지만, 진보주의자들은 장기적으로 마약 남용과 싸우는 좋은 방법이라고 봅니다."
#,StampOutRacismWeek,인종차별 철폐 주간,"올해에는 일주일간을 인종적 긴장 해소와 문화적, 인종적 다양성을 포용하는 인식 고취의 주로 기념할 것입니다. 이 행사에는 언론 매체의 특집 보도, 세계 각국의 진미가 있는 소규모 식품 시장, 지역사회 모임, 기념식과 친선 대회가 포함됩니다."
#,CompulsoryFoodLabelling,식품 라벨 의무화,"건강하지 않은 음식이 많지만, 기업들은 이런 음식들을 더 맛 좋아 보이게 하거나 재료 목록을 깨알 같은 인쇄체로 표기하는 교묘한 방법을 발견했습니다. 의무적인 식품 라벨링 시행으로 이런 관행은 이제 종결될 것입니다. 이제 모든 식품은 재료와 첨가제를 표기해야 하며, 사람들은 이로써 자신의 건강을 지키면서 먹고 싶은 식품을 더 쉽게 선택할 수 있습니다."
#,TradeCouncil,무역협의회,외국에서 신뢰할 수 있는 무역 파트너를 찾는 것은 항상 번거로운 일이었습니다. 무역협의회의 설립과 함께 잠재적인 무역 파트너 목록이 게시되고 이들이 직접적인 제안을 해올 수 있는 덕에 이제 무역 업무는 더 쉬워질 것입니다. 이는 국제 무역을 증가시키고 경제를 강화할 것입니다.
#,CompulsoryForeignLanguageClasses,필수 외국어 수업,"타민족의 언어를 이해하는 것은 그들을 이해하는 데 있어 첫 번째로 중요한 단계입니다. 필수 외국어 수업을 도입함으로써, 학생들은 일찍부터 훗날 유용할 특정 외국어들을 배우게 됩니다. 이를 통해 대외 무역과 관계를 개선하고 인종적 긴장도 줄일 수 있습니다."
#,LaborDayBankHoliday,노동절 은행 휴일,"노동절을 공휴일로 지정하여 국민에게 우리 삶은 돈이 전부가 아니라는 것을 상기시킵니다. 이것은 노동자층과 휴일을 원하는 모든 이들의 행복도를 높이는 데 확실히 도움이 되긴 하겠지만, 하루를 공휴일로 지정하는 것은 돈을 잃는 것이기도 하기에 경제에 약간의 부정적인 영향을 미칠 것입니다."
#,CityFarms,도시 농업,"많은 사람이 농부들로부터 신선한 농산물을 직접 사고 싶어하지만, 도시에 살면서 시골로 차를 몰고 가는 것은 번거로운 일입니다. 그렇다면 일부 농부들을 직접 도시로 데려오는 것은 어떨까요? 이 프로그램은 야심 찬 농부들이 도시 안팎에 농장을 설립하여 소비자와 교류할 수 있도록 돕고 도시 아이들이 농업을 미래 직업으로 고려해볼 수 있도록 합니다."
#,EcoHomeRegulations,친환경 주택 규정,"친환경적인 주택에 대한 규칙과 기준을 정함으로써 이제는 주택을 지을 때 고려해야 할 사항이 많아졌습니다. 이것은 개발자와 집주인에게 번거로움을 줄 수 있지만, 장기적으로 환경을 보호하는 데 도움이 됩니다."
#,YoungEntrepreneurScheme,청년 창업가 프로그램,"이 제도는 장래에 사업가를 꿈꾸는 청년들을 돕고 지원하기 위한 것입니다. 노련한 사업 선배들로부터 배울 기회를 제공하고 무엇을 해야 하며 누구에게 물어봐야 하는지를 알려주는 자세한 정보를 제공하면, 자본주의자들은 자신들의 미래가 확립되는 것을 보며 행복이 증가할 것입니다."
#,DiplomaticService,외교부,"전담 외교 부서를 운영하는 것은 외국에 대사 한 명, 비서 한 명을 파견하는 데 그치는 것이 아닌, 큰 비용이 드는 일일 수 있지만, 국제 외교에서는 자국에 가장 유리한 협상을 따내고 상호 우호를 유지하기 위해 상황을 잘 파악해야 합니다. 효과적으로 작동하는 데는 다소 시간이 걸릴 수 있지만, 외교 관계가 강화될 것입니다."
#,WitnessProtectionProgram,"
증인 보호 프로그램","범죄의 목격자가 영원히 사라진다면 범죄자를 잡아봤자 무슨 소용이 있겠습니까? 이러한 증인을 보호하는 것은 사법 시스템이 작동하는 데 가장 중요하며, 이런 기능이 좋을수록 더 많은 범죄자가 유죄 판결을 받게 되고, 더 많은 증인이 목격한 바를 진술하려고 앞으로 나설 것입니다."
#,CompulsorySchoolSports,학교 스포츠 의무화,"학교에서 일주일에 한 번 받는 체육 수업을 넘어 본격적인 스포츠 수업을 도입하는 프로그램입니다. 학생들은 자신이 좋아하는 분야를 선택하여 훈련받도록 권장되며, 나중에 충분히 실력이 된다면 시, 지자체, 전국, 국제 수준의 학생 토너먼트에 참가하게 됩니다. 이는 우리 아이들의 건강을 증진할 것입니다."
#,BicycleSubsidies,자전거 보조금,사람들이 자동차에서 자전거로 바꿔 타도록 장려하려면 때때로 재정적 동기가 필요합니다. 자전거 보조금을 도입함으로써 이제 사람들이 자전거를 구입하는 것이 더 쉽고 저렴해질 것입니다. 그리고 자동차를 운전하거나 자동차 안에 머무르기보다 자전거를 사용하는 사람들이 많아져 국민의 건강이 개선될 수 있습니다.
#,FrequentFlyerTax,상용 승객세,이 세금은 연간 다수의 항공편을 이용하는 승객에게만 부과됩니다. 그 목적은 보통 환경적인 이유로 비행기 여행을 줄이는 동시에 평균 소득 수준의 시민이 이따금 휴가를 떠날 때 비행기 여행을 할 수 있도록 하는 것입니다.
#,EmptyHomesTax,빈집세,"상당 기간 비어 있는 집, 일반적으로 부자가 소유하고 매년 한두 달 동안 사용하는 두 번째 집에 부과되는 세금입니다. 다른 지역의 부유한 구매자들이 부동산 가격을 올려놓아 많은 젊은이와 덜 부유한 사람들이 주택을 구매할 여유가 없는 전원 지역에서 인기가 있습니다."
#,DivertedProfitsTax,전용 이윤세,실제 재무보고와 상관없이 이 나라에서 벌어들인 대기업 이윤에 대한 추정치에 부과되는 세금입니다. 이것은 다국적 기업이 교묘한 회계 속임수를 사용해 총 수익을 법인세가 거의 없거나 전혀 없는 조세피난처에서 얻었다고 주장하는 것을 방지하는 데 사용됩니다. 이 세금은 대부분 그러한 회사가 법률의 내용뿐만 아니라 정신에 따라 운영하도록 하는 인센티브로 고안되었습니다.
#,UniversalBasicIncome,보편적 기본 소득,소득이나 재산과 관계없이 사회의 모든 사람에게 균일한 비율로 지급되는 보편적인 복지 수당입니다. 이는 복지 관료제를 단순화하며 모든 국민에게 보편적인 안전망을 제공하고 업무 자동화와 함께 찾아올 일자리 감소에 대비하는 방법으로 생각됩니다.
#,StateTelecoms,국영 통신 회사,모든 사람에게 서비스 제공을 보장하고 사용에 대한 보조금을 쉽게 지급할 수 있도록 정부가 소유하고 운영하는 통신 회사입니다.
#,StateWater,국영 수도 회사,모든 사람이 깨끗한 식수에 접근할 수 있도록 보장하고 필요 시 보조금을 제공하는 국가 소유의 수도 회사입니다.
#,StateRail,국영 철도 회사,정부가 원할 경우 손실을 무릅쓰고 대중교통을 운영하는 국영 철도 회사입니다.
#,StateEnergy,국영 에너지 회사,정부가 원할 경우 에너지 생산에 보조금을 지급할 수 있는 국영 전력 회사입니다.
#,MinimumWage,최저임금,"규제가 전혀 없는 노동 시장은 사람들을 빈곤의 굴레에 가두는 저임금으로 이어질 수 있습니다. 정부가 최저임금을 설정하면 이를 해결하고 불평등을 줄이지만, 최저임금은 일부 기업을 폐업하게 하는 시장 왜곡이기도 합니다."
#,GayMarriage,동성 결혼,"전통적으로 많은 종교가 남녀 간의 결혼을 지지하지만, 좀 더 진보적인 사회는 법적으로 중요한 합법적 동거 관계, 심지어 동성 커플 간의 결혼을 기꺼이 인정합니다. 교회와 성직자들이 이런 혼인 의식을 수행해야 하는지는 논쟁 중인 사안입니다."
#,RightToDie,죽을 권리,"스스로 목숨을 끊은 사람을 처벌하는 것은 당연히 무의미한 일이겠지만, 국가는 큰 고통을 겪고 있으며 남의 도움 없이 자살할 수 없는 사람의 자살을 돕는 것을 범죄로 규정하는 경우가 많습니다. 종교는 종종 상황과 관계없이 자살을 안 좋게 봅니다."
#,RightToPrivacy,프라이버시 권리,"우리 삶의 더 많은 부분이 온라인으로 이루어지고 모든 사람의 행동과 움직임을 추적하기가 더 쉬워짐에 따라, 일부 사람들은 기업의 이익 추구나 법 집행에 장애가 되더라도 정부와 기업으로부터 개인의 프라이버시를 보호할 권리는 필수적이라고 주장합니다."
#,GenderTransition,성전환,"일부 종교 단체와 사회의 보수층은 성별이 두 가지만, 인정되며 성별 변경을 허용해서는 안 된다고 주장합니다. 다른 사람들은 성별이 항상 유동적이며 누구도 타인에게 성별에 대한 견해를 강요해서는 안 된다고 주장합니다. 궁극적으로 국가는 성전환을 공식적으로 수용하거나 거부하는 정도에 대해 견해를 밝혀야 합니다."
#,PrisonRegime,구금시설 체제,자유주의자들에는 구금시설의 재소자들을 갱생시켜 석방 시 일자리를 찾게 하고 범죄 활동을 멀리하게 하려는 바람이 있습니다. 보수주의자들은 구금시설은 재소자들이 저지른 범죄에 대해 처벌을 받는 곳이자 강력한 범죄 억지력으로 보고 있습니다.
#,Reforestation,재조림,"이산화탄소에 대처하려는 조치인 나무 심기는 비교적 논쟁의 여지가 없습니다. 그러나 일부 캠페인 활동가들은 이것이 원인이 아닌 증상을 치료하는 것이며, 이산화탄소의 원인을 줄여야 하지 나중에 붙잡으려 해선 안 된다고 제안합니다."
#,StateBroadcaster,국영 방송사,"국영 방송사는 기업 광고의 영향 없이 공정하고 독립적인 뉴스를 제공할 수 있습니다. 편향된 뉴스나 가짜 뉴스에 대한 방어 역할을 할 수 있기는 하지만, 강제 징수하는 'TV 세금'은 국민에게 인기가 없습니다."
#,WorkersOnBoards,노동자의 이사회 참여,노동자들이 기본적으로 더 높은 임금과 더 짧은 노동 시간을 투표로 정할까 봐 우려하는 자본주의자들에게 인기가 없습니다. 사회주의자와 노동조합원은 이 정책을 회사가 주주뿐만 아니라 직원을 위해 일하도록 하는 것으로 봅니다.
#,TearGas,최루가스,"최루가스는 성난 군중을 통제할 수 있는 좋은 방법이지만, 건강에 영향을 미칠 수 있으며 권위주의 정권의 도구로 여겨지기도 합니다. 최루가스는 일반적으로 최후의 수단으로만 사용됩니다."
#,RubberBullets,고무탄,고무 또는 플라스틱 총알은 시위대와 폭도에게 경찰이 실탄 대신 발사할 수 있는 비치명적인 대안 진압 도구입니다. 이러한 무기의 사용은 일반적으로 극단적인 조치로 간주됩니다.
#,WaterCannon,물대포,"시위대와 폭도를 상대로 하는 효과적이면서 치명적이지 않으며 일반적으로 위험이 낮은 군중 통제 수잔입니다. 물대포는 일반적으로 마지막 수단으로 볼 수 있으며, 민주주의보다는 권위주의 정부에 더 인기가 있습니다."
#,CarbonCaptureAndStorage,탄소 포집 및 저장,직접적인 공기 포집에서부터 기존 화석 연료 발전소의 포집을 포함하는 방법에 이르기까지 기후 변화를 줄이기 위한 이산화탄소 배출 포집의 다양한 공학적 해결책입니다.
#,PayrollTax,급여세,"고용주에게 부과되는 세금은 직원에게 지급되는 급여에 비례하여 부과됩니다. 징수하기 쉽고 피하기 어렵지만, 기업이 고용을 꺼리게 하는 역효과를 낼 수 있습니다."
#,BorderWall,국경 장벽,"궁극적인 반이민 정책은 불법 이민자를 막기 위해 전국에 물리적인 장벽을 구축하는 것입니다. 엄청난 비용이 들 수 있지만, 국경 방어에 대한 정부의 신념을 보여주는 대담하고 눈에 띄는 예입니다."
#,QuantitativeEasing,양적 완화,"중앙은행이 말 그대로 돈을 찍어내어 채권과 주식을 매입하는 데 사용하는 비전형적인 통화 정책의 한 형태입니다. 즉각적인 경제 활동을 촉진할 수는 있지만, 인플레이션을 유발하고 주식을 소유자들의 부를 증가시킬 것입니다."
#,HelicopterMoney,헬리콥터 머니,정부가 말 그대로 돈을 찍어내고 국민에게 직접 건네주어 경제를 즉시 활성화하려는 이례적인 정책입니다. 일반적으로 금액은 고정되어 있으며 소득이 높은 사람들로부터 원천징수 될 수 있습니다. 돈을 찍어내는 것은 항상 인플레이션을 부릅니다.
#,CharityTaxRelief,자선 기부금 공제,다양한 세금을 계산할 때 소득에서 자선 기부금의 일부를 공제하여 부유한 사람이나 세금을 내는 모든 사람이 자선 단체에 기부하도록 권장하는 정책입니다.
,,,
#,ExecutiveTermLength,임기,당선자나 선출자가 다음번 민주적 선거가 있기 전까지 정부를 이끌 수 있는 기간입니다. 임기를 변경하려면 엄청난 정치적 노력이 필요합니다. 지도자 선출은 한 국가의 국민이 민주주의 체제에 직접 영향력을 행사하는 몇 안 되는 행사 중 하나입니다. 선거가 더 자주 실시하는 나라는 민주주의 수준이 높은 것으로 여겨집니다.
#,ExecutiveTermLimit,임기 제한,"국가의 지도자가 재선에 도전할 수 있는 횟수입니다. 임기 제한은 국가의 지도자가 평생 공직자에 머무는 독점적 통치를 억제하는 역할을 합니다. 임기 제한을 설정하는 것은 민주주의의 감시와 균형에서 중요한 역할을 하지만, 유능한 리더십이 주는 이점을 축소할 수도 있습니다."
#,JudiciaryIndependence,사법 독립,권력 분립은 국가가 책임의 독립적인 부문으로 분할되도록 요구하는 통치 모델입니다. 사법부는 국가의 법률을 해석하고 적용하는 국가의 법정으로 구성됩니다. 다른 정부 부처나 사적인 이익 세력이 법원에 영향력을 행사할 수 있게 되면 사법 독립은 무너집니다.
#,PressFreedom,언론의 자유,"언론의 자유는 전자 및 출판 매체를 통한 소통과 표현의 자유입니다. 이는 언론의 자유와 밀접한 관련이 있으며, 검열 없는 의견과 사고를 소통할 수 있게 하는 기본 인권입니다. 언론의 자유를 축소하는 것은 민주주의에 부정적인 영향을 미치지만, 정보에 대한 접근을 정부가 검열할 수 있게 해줍니다."
#,ForeignInvestmentRestrictions,외국인 투자 제한,"외국인 투자를 유치하면 외국인의 영향력도 함께 유입됩니다. 이러한 영향력이 달갑지 않은 경우, 외국인 투자를 막기 위한 제한을 마련할 수 있습니다. 이런 세계 자유시장의 축소는 보통 자본주의자들에게 인기가 없지만, 자국에 가해지는 외국의 영향력에 반대하는 애국주의자들의 지지를 받습니다."
#,GameHunting,사냥 제한,"스포츠 삼아 동물을 사냥하는 것은 논쟁의 여지가 있는 사안이며, 특히 야생에서 개체 수가 줄고 있는 동물의 경우 특히 그렇습니다. 그러나 야생 동물은 부가가치가 높은 사냥 산업을 조성하는 데 활용할 수 있는 국가의 천연자원 일부로 간주될 수 있습니다. 스포츠 사냥을 규제하는 것은 동물 개체 수를 관리하고, 종을 보호하고, 개인이 사냥 특전에 대해 비용을 지불하도록 보장하는 방법입니다. 물론, 완전히 금지하면 자연을 가장 잘 보호할 수 있습니다."
#,AntiCorruptionAgency,부패방지청,"부패 방지 집행 기관을 설립합니다. 부패 제거를 의무화할 수 있긴 하지만, 가해자를 잡아내어 기소하는 것이 사익을 위한 권력 남용을 근절하는 유일한 방법입니다. 반부패 기관이 더 많은 자원을 보유할수록 더 중대한 범죄자를 재판에 회부할 수 있습니다."
#,FemaleGenitalMutilationBan,생식기 절단 금지,"생식기 절단은 어린이(남녀 모두)에게 가해지는 의식이며, 대물림된 사회적, 종교적 관습을 사회 구성원이 수용하기에 유지됩니다. 아동에 대한 이러한 폭력은 철저히 금지되며 더는 허용되지 않는다는 것을 국민에게 분명히 밝히십시오. 이 금지 조치 집행에 자원을 할당하면 그 영향은 더 깊고 빠르게 느껴질 것입니다."
#,IntellectualPropertyRights,지적 재산권,창작자에게 아이디어 사용에 대한 독점 기간을 부여하여 혁신적인 아이디어를 보호합니다. 지적 재산권 옹호자들은 아이디어의 소유자가 재정적으로 이익을 얻도록 함으로써 발명이 장려된다고 주장합니다. 이 제도의 목표는 창의력과 발전을 촉진하는 데 있습니다. 그러나 실제로 이러한 권리의 사용은 권리 등록과 집행 비용을 지불할 수 있을 만큼 자원이 넉넉한 사람에게 유리하게 작용합니다.
#,GenderDiscriminationAct,성차별법,"여성에 대한 차별을 불법으로 규정합니다. 법에 명시된 여성의 동등한 권리뿐만 아니라, 차별 철폐 조치를 통해 역사적 불평등을 해결하고자 할 수 있습니다. 차별 철폐 조치는 노동 시장과 정치계 전체 스펙트럼에 걸친 직무에서 여성의 고용 또는 임명을 추구합니다."
#,FamilyPlanning,가족계획,"국가의 성적 건강을 개선하기 위한 가족계획 프로그램을 구현합니다. 일반적인 서비스는 교육, 의학 조언, 피임 분포를 포함합니다. 이 프로그램을 통해 개인은 자녀의 수와 나이 간격을 계획할 수 있습니다. 가족계획은 여성에게 힘을 실어주고, 가난하게 태어나는 아기의 수를 줄입니다."
#,TobaccoAwarenessCampaign,담배 인식 캠페인,"정부는 흡연이 국민 건강에 심각한 해를 끼친다는 것을 오랫동안 알고 있었지만, 흡연 습관을 없애는 것은 생각보다 어렵습니다. 국가 의료 서비스에 흡연이 미치는 영향을 줄이는 노력과 흡연 덕분에 발생하는 세수 사이에서 절충이 이루어져야 합니다."
#,CapitalControls,자본 통제,자본의 흐름에 대한 규제입니다. 이는 국부가 해외로 유출되는 것을 방지하기 위한 상당히 극단적인 조치입니다. 부유한 사람들이 자신의 재산을 가지고 떠나는 자본 도피를 방지하고자 국민이 일정 금액 이상의 통화를 국외로 가져갈 수 없게 합니다. 이것을 이동의 자유와 재산권에 대한 제한으로 여기는 부유한 자본주의자들에게는 매우 인기가 없는 정책입니다.
#,BodyCameras,바디 카메라,법 집행 직원이 카메라를 의무적으로 착용하는 것은 해당 직원이 법을 준수하고 대중과 대면할 때 정중하고 명예롭게 행동하도록 하는 방법입니다. 카메라가 없으면 경찰의 부패와 괴롭힘에 관한 민원 처리가 쉽지 않습니다.
#,SocialCare,사회복지,"국가에서 사람들에게 직접 치료를 제공하는 정책 패키지입니다. 여기에는 더는 혼자 살 수 없는 노인을 위한 일일 간병 및 주거 요양원, 치매 간병, 여성 피난처 지원, 정신 건강 문제가 있는 사람들을 위한 지원이 포함됩니다."
#,CongestionCharging,혼잡세,"많은 대도시에서 매일 이동하는 자동차의 수는 전혀 지속 가능한 수준이 아닙니다. 상당히 강압적인 제도이긴 하지만, 매일 도시에 들어오는 모든 차량에 (번호판 인식을 통해) 요금을 부과하는 것은 혼잡을 줄이는 극단적인 수단으로 효과 있음이 입증되었습니다."
#,PrisonerVoting,재소자 투표권,일부 국가는 재소자들의 사회적 소속감을 고취하고 이들의 복지가 정치에 반영되도록 하고자 재소자의 참정권을 그대로 유지합니다. 다른 나라에서 투표권은 준법 시민에게만 부여된 특권으로 여겨지며 투옥된 사람들은 참정권을 박탈당합니다.
#,SelectiveSchooling,선택형 교육,"정부는 능력에 상관없이 모든 학생이 같은 교실에서 함께 교육받는 것이 최선인지, 아니면 가장 재능 있는 학생들을 더 빨리 진도를 나가는 수업에 배치하는 것이 바람직한지를 결정해야 합니다."
#,Cyberbullyingawarenesscampaign,사이버 괴롭힘 인식 캠페인,"TV, 라디오, 온라인, 광고판에 게재되는 광고 프로그램을 통해 부모와 교사가 자녀가 온라인에서 왕따를 당하고 있는 징후를 주의 깊게 살펴보고 문제를 조기에 발견해 어린이의 정신 건강에 영향을 미치기 전에 대처할 수 있도록 합니다."
#,DrugEnforcement,마약단속국,"마약에 대한 국가 규제를 시행하는 등 매우 구체적인 요구 사항을 처리하도록 훈련된 경찰 전문가 전문 팀입니다. 훈련된 탐지견, 잠복 요원, 국경 경찰을 동원해 마약이 국내로 유입되는 것을 막습니다."
#,DrugTreatment,약물 중독자 치료 프로그램,불법 약물 복용을 처벌하는 데는 한계가 있습니다. 사람들에게 정말 필요한 것은 마약 중독 치료와 마약 의존도를 낮추기 위한 장기 계획입니다. 이러한 계획은 공급을 제한하기보다 수요를 줄임으로써 약물 중독 문제를 해결하는 것을 목표로 합니다.
#,StateAirline,국영 항공사,우리나라의 국기를 게양하는 국영 항공사에는 큰 명성이 부여되기에 국영 항공사 운영이 그만한 가치가 있는 것으로 생각되어 관광업과 애국심을 위해 사업적 손실을 감당하며 운영되기도 합니다.
#,StatePostService,국영 우체국,국가가 소유하고 운영하는 우편 서비스는 당연히 독점 사업이며 보편적 서비스 의무(동일한 비용으로 모든 주소로 배달)를 수행하기에 존치할 이유가 충분히 있습니다. 우편 서비스는 고용을 창출하기도 합니다.
#,NuclearFission,핵분열,"핵분열은 틀림없이 재생 가능한 에너지원으로 이산화탄소 배출량을 극적으로 줄이고 석유와 가스 수요도 줄이지만, 생산 비용이 많이 들고 폐기물과 핵 해체와 관련한 문제가 있습니다. 환경운동가들은 풍력과 태양 에너지를 선호하곤 합니다."
,,,
#,SolidarityTax,연대세,동독과 서독의 통일 관련 비용과 동독 전역의 기반 시설을 업그레이드할 필요성을 충당하기 위해 도입된 독일 특유의 추가 소득세입니다.
#,BanCoal,석탄 금지,"기후 변화에 맞서 싸움에 있어 석탄은 최악의 탄소 배출 기여자 중 하나라는 사실을 기억해야 하며, 우리가 필요에 따라 재생 에너지(또는 석유 및 가스) 사용으로 전환할 기술을 보유하고 있다는 사실을 인지해야 합니다. 오염성이 강한 에너지원의 사용을 중지하는 법을 통과시키십시오."
#,FinancialTransactionsTax,금융거래세,"투자는 모두 좋은 일이지만, 솔직히 우리 경제의 많은 금융 거래는 사실상 불필요한 투기이며 헤지 펀드와 금융 회사에 막대한 이익을 가져다주지만, 실제적 가치는 없습니다. 각 거래에 적은 규모의 세금은 매기는 것은 자금을 조달하고 위험한 투기를 줄이는 방법입니다."
#,ProportionalFines,비례 벌금,벌금이 소득에 비례하지 않는다면 반사회적 행동을 전혀 억제하지 못하게 됩니다. 어떤 이들에게는 거대하고 재정적인 손실이 될 수 있는 일이 초 거부들에게는 단지 불편을 끼칠 뿐입니다. 모든 벌금을 소득에 비례해 확대함으로써 법은 마침내 모든 사람에게 평등하게 적용될 수 있습니다. 이게 공평한 일일까요?
,,,
#,RetirementAge,퇴직 연령,"국가 연금이 존재하는 나라에서 이 정책은 근로자가 퇴직하고 국가에서 연금을 받을 수 있는 최소 연령을 설정합니다. 이는 민간 기업이 자체 퇴직 연령을 설정할 때 일반적인 기준으로 사용하기도 합니다. 조기 은퇴는 근로자에게는 바람직할 수 있지만, 경제에 영향을 미치고 생산성을 떨어뜨릴 것입니다."
#,CitizenshipForSale,시민권 판매,"이민으로 인한 저임금 노동자의 유입이나 정부에 의존하거나 국가 자원에 부담될 이민자의 유입이 우려되는 경우, 상당한 개인 재산을 가진 이민자에게 시민권을 부여하여 이들이 사회의 부담이 되지 않음을 증명할 수 있습니다. 이 제도는 재력이 없는 이민자들 대다수에게 불공평하게 보일 수 있습니다."
#,ImmigrationRules,이민 정책,"누가 해당 국가로 이주할 수 있는지, 누구의 이민을 허용하지 않는지에 대한 규칙. 공식적인 이민 정책은 불법 이민자의 행동에 거의 영향을 미치지 않지만, 그럼에도 큰 결과를 낳을 수 있습니다. 일부 사람들은 이민이 경제를 부양할 것이라고 믿지만, 저임금 노동자들은 종종 이민자와의 일자리 경쟁을 걱정합니다."
#,RefugeePolicy,난민 정책,"대부분의 국가는 재난 지역이나 전쟁으로 피폐한 국가에서 온 난민을 받아들여야 할 도의적 책임을 인정하지만, 기후 변화나 다른 영향으로 세계 난민 인구 증가가 큰 폭으로 증가할 때 난민 수용을 어느 정도로 제한해야 하는지에는 열띤 논쟁이 있습니다."
,,,
#,banwomendriving,여성의 운전 금지,"여성이 자동차를 운전하지 못하게 하는 것을 종교적 이유로 정당화한다 하더라도, 이는 결국 인구 절반의 운전할 자유를 규제하는 것이 됩니다. 극단적인 보수층과 종교 집단에 인기가 있을 수 있지만, 자유주의와 양성평등에 극단적으로 배치되는 조치입니다."
#,religioustax,종교세,"십일조는 사실상 소득세이며, 개인의 수입 일정 비율을 종교 기관에 직접 전달하여 해당 기관의 판단에 따라 사용하도록 하는 것입니다. 이것이 자선단체에서와 마찬가지로 좋은 일에 사용되기를 바라지만, 종교 지도자는 정부와 달리 납세자에 의해 선출되지 않기에 부패의 여지가 있습니다."
#,religiousbanknotes,종교적 표현이 담긴 지폐,이 정책은 지폐와 동전에 종교적 표현이나 도상학의 사용을 허용합니다. 종교는 삶의 큰 부분이며 사실상 국가의 일부라는 사실을 국민에게 상기시키는 강력한 방법입니다. 이것은 교회와 국가의 분리를 요구하는 사람들에게 불쾌감을 줄 수 있습니다.
#,statereligion,국가 종교,"국가는 여전히 무신론과 타종교의 숭배를 허용하지만, 국가의 공식 종교로 특정 종교를 선택할 수 있습니다. 최소한 일부 종교의식을 포함하는 형태가 될 수 있지만, 선거로 선출되지 않은 교회 대표에게 실질적인 정치권력을 부여하고 새로 선출된 대표를 선서케 하는 등 절차에 교회를 참여시키는 것으로까지 확장될 수도 있습니다."
,,,
#,desalination,담수화 플랜트,"해수담수화 플랜트는 바닷물을 처리해 사람이 섭취하기에 적합한 물을 만드는 방법입니다. 비용이 많이 들고 에너지 집약적이지만, 다른 물 부족 대응 조치가 실패하거나 불충분하거나 인기가 없을 때 물 부족에 대한 솔루션입니다."
#,watermeters,수량계 의무화,"각 가정에 수량계를 설치하고 물 사용량에 따라 요금을 부과하려면 시간이 오래 걸릴 수 있지만, 물 사용량을 줄이고 물 부족을 방지하는 매우 효과적인 방법의 하나입니다."
#,plasticstax,플라스틱세,플라스틱 폐기물은 생태계에 오랫동안 남아 있을 수 있기 때문에 환경운동가들 사이에서 주요 관심사입니다. 플라스틱 제조에 매기는 세금은 환경친화적인 대안이기도 합니다.
#,packagingtax,포장재세,재활용을 하더라도 포장재의 과용이 만연하면 환경 재앙을 불러올 수 있습니다. 한 가지 해결책은 포장재의 생산 또는 사용에 세금을 부과하는 것입니다. 이는 기업이 제품 포장을 위해 더욱 효율적인 디자인을 차용하게 하는 인센티브를 제공합니다.
#,unexplainedwealth,재산 출처 공개 명령,"유죄가 입증될 때까지 무죄를 추정하는 법리를 깨는 재산 출처 공개 명령은 부유한 개인이 자신의 재산이 어디에서 왔는지 설명할 수 없을 때 기소를 허용합니다. 논란의 여지가 있지만, 분명히 범죄에서 이익을 얻고 있으면서 자신의 행적을 잘 은폐한 전문 범죄자를 처벌하는 데 효과적인 정책입니다."
#,competitionlaw,경쟁법,"경쟁법은 기본적으로 자유시장의 이상을 보호하고, 독점으로부터 소비자를 보호하고, 한편으로는 경쟁을 장려하고, 사업을 성장시키면서, 다른 한편으로는 최고의 회사가 성공하도록 허용하는 절충안입니다."
#,bordernavy,해안경비대,국경 장벽은 바다에서 지을 수 없으므로 섬과 해안선이 넓은 국가가 불법 이민을 억제하는 수단은 불법 이민자를 태운 선박을 적발해 돌려보내는 순찰선에 투자하는 것입니다.
#,NuclearWeapons,핵무기,"핵무기는 국가에 대한 심각한 군사 행동에 대한 궁극적 억지력입니다. 핵 공격에 대한 확실한 방어 수단은 없지만, 보복 공격으로 위협하는 것은 적국의 침략을 억제하기에 충분합니다. 신뢰할 수 있는 핵 반격 능력을 확보하고자, 능력이 되는 국가는 적이 감지할 수 없는 상시 순찰 핵무장 잠수함이나 우주 발사 무기를 운용할 것입니다."
#,co2campaign,이산화탄소 캠페인,"정부가 법률을 통과하고 예산을 세울 수도 있지만, 국민에게 자발적으로 배출량을 줄이도록 적극 촉구함으로써 기후 변화 문제를 해결할 수도 있습니다. 공익 정보 캠페인을 통해 국민이 에너지를 낭비하지 않고 환경친화적인 제품, 운송 수단을 선택하고 심지어는 고기를 덜 먹도록 설득할 수 있습니다."